Unnamed: 0,0,1,2,3,4,5,6,7,8,9,10,11,12,13,14,15,16,17,18,19,20,21,22,23,24,25,26,27,28,29,30,31,32,33,34
0.0,Queued-Awaiting Assignment,Accepted-In Progress,Accepted-Assigned,Accepted-In Progress,Completed-Closed,,,,,,,,,,,,,,,,,,,,,,,,,,,,,,
1.0,Accepted-In Progress,Accepted-In Progress,Accepted-Wait,Accepted-In Progress,Accepted-In Progress,Completed-Closed,,,,,,,,,,,,,,,,,,,,,,,,,,,,,
2.0,Accepted-In Progress,Accepted-Wait,Accepted-In Progress,Accepted-In Progress,Completed-Closed,,,,,,,,,,,,,,,,,,,,,,,,,,,,,,
3.0,Accepted-In Progress,Accepted-Wait,Accepted-In Progress,Accepted-In Progress,Completed-Closed,,,,,,,,,,,,,,,,,,,,,,,,,,,,,,
4.0,Accepted-In Progress,Accepted-Wait,Queued-Awaiting Assignment,Accepted-In Progress,Accepted-Assigned,Accepted-In Progress,Completed-Closed,,,,,,,,,,,,,,,,,,,,,,,,,,,,
5.0,Accepted-In Progress,Accepted-In Progress,Accepted-Wait,Accepted-In Progress,Accepted-In Progress,Accepted-In Progress,Completed-Closed,,,,,,,,,,,,,,,,,,,,,,,,,,,,
6.0,Accepted-In Progress,Accepted-Wait,Queued-Awaiting Assignment,Accepted-In Progress,Accepted-Assigned,Accepted-In Progress,Completed-Closed,,,,,,,,,,,,,,,,,,,,,,,,,,,,
7.0,Accepted-In Progress,Accepted-In Progress,Accepted-In Progress,Queued-Awaiting Assignment,Accepted-In Progress,Queued-Awaiting Assignment,Accepted-In Progress,Completed-Closed,,,,,,,,,,,,,,,,,,,,,,,,,,,
8.0,Accepted-In Progress,Accepted-Wait,Accepted-In Progress,Accepted-In Progress,Completed-Closed,,,,,,,,,,,,,,,,,,,,,,,,,,,,,,
9.0,Accepted-In Progress,Accepted-In Progress,Completed-Closed,,,,,,,,,,,,,,,,,,,,,,,,,,,,,,,,
10.0,Accepted-In Progress,Queued-Awaiting Assignment,Accepted-Assigned,Queued-Awaiting Assignment,Accepted-In Progress,Accepted-Wait,Queued-Awaiting Assignment,Accepted-In Progress,Completed-Closed,,,,,,,,,,,,,,,,,,,,,,,,,,
11.0,Accepted-In Progress,Unmatched-Unmatched,Completed-Closed,,,,,,,,,,,,,,,,,,,,,,,,,,,,,,,,
12.0,Queued-Awaiting Assignment,Accepted-In Progress,Accepted-Wait,Queued-Awaiting Assignment,Queued-Awaiting Assignment,Accepted-In Progress,Accepted-Wait,Accepted-In Progress,Accepted-Wait,Completed-Closed,,,,,,,,,,,,,,,,,,,,,,,,,
13.0,,Unmatched-Unmatched,Completed-Closed,,,,,,,,,,,,,,,,,,,,,,,,,,,,,,,,
14.0,Accepted-In Progress,Completed-Closed,,,,,,,,,,,,,,,,,,,,,,,,,,,,,,,,,
15.0,Accepted-In Progress,Accepted-Assigned,Completed-Closed,,,,,,,,,,,,,,,,,,,,,,,,,,,,,,,,
16.0,Accepted-In Progress,Accepted-Assigned,Accepted-In Progress,Accepted-Assigned,Accepted-In Progress,Accepted-In Progress,Accepted-Assigned,Accepted-In Progress,Completed-Closed,,,,,,,,,,,,,,,,,,,,,,,,,,
17.0,Accepted-In Progress,Accepted-Wait,Accepted-In Progress,Accepted-In Progress,Completed-Closed,,,,,,,,,,,,,,,,,,,,,,,,,,,,,,
18.0,Accepted-Wait,Unmatched-Unmatched,Queued-Awaiting Assignment,Accepted-In Progress,Accepted-Wait,Accepted-Assigned,Accepted-Assigned,Accepted-Wait,Accepted-In Progress,Completed-Closed,,,,,,,,,,,,,,,,,,,,,,,,,
19.0,Accepted-In Progress,Accepted-Wait,Queued-Awaiting Assignment,Accepted-In Progress,Accepted-In Progress,Accepted-Wait,Accepted-Assigned,Accepted-Wait,,,,,,,,,,,,,,,,,,,,,,,,,,,
20.0,Accepted-In Progress,Accepted-Assigned,Queued-Awaiting Assignment,Accepted-In Progress,Accepted-Wait,Completed-Closed,,,,,,,,,,,,,,,,,,,,,,,,,,,,,
21.0,Accepted-In Progress,Accepted-In Progress,Accepted-Assigned,Accepted-Assigned,Accepted-Assigned,Accepted-In Progress,Completed-Closed,,,,,,,,,,,,,,,,,,,,,,,,,,,,
22.0,Queued-Awaiting Assignment,Accepted-In Progress,Accepted-Wait,Accepted-In Progress,Accepted-Wait,Completed-Closed,,,,,,,,,,,,,,,,,,,,,,,,,,,,,
,Accepted-In Progress,Accepted-In Progress,Queued-Awaiting Assignment,Accepted-Assigned,Accepted-Assigned,Accepted-Wait,Accepted-In Progress,Queued-Awaiting Assignment,Accepted-In Progress,Queued-Awaiting Assignment,Accepted-Assigned,Accepted-In Progress,Completed-Closed,,,,,,,,,,,,,,,,,,,,,,
24.0,Accepted-In Progress,Queued-Awaiting Assignment,Accepted-In Progress,Unmatched-Unmatched,Completed-Closed,,,,,,,,,,,,,,,,,,,,,,,,,,,,,,
25.0,Unmatched-Unmatched,Accepted-Assigned,Accepted-In Progress,Completed-Closed,,,,,,,,,,,,,,,,,,,,,,,,,,,,,,,
26.0,Accepted-In Progress,Accepted-In Progress,Completed-Closed,,,,,,,,,,,,,,,,,,,,,,,,,,,,,,,,
27.0,Accepted-In Progress,Accepted-In Progress,Completed-Closed,,,,,,,,,,,,,,,,,,,,,,,,,,,,,,,,
28.0,Accepted-In Progress,Accepted-In Progress,Completed-Closed,,,,,,,,,,,,,,,,,,,,,,,,,,,,,,,,
,Accepted-In Progress,Unmatched-Unmatched,Completed-Closed,,,,,,,,,,,,,,,,,,,,,,,,,,,,,,,,
30.0,Accepted-Wait,Accepted-In Progress,Completed-Closed,,,,,,,,,,,,,,,,,,,,,,,,,,,,,,,,
31.0,Accepted-In Progress,Completed-Closed,,,,,,,,,,,,,,,,,,,,,,,,,,,,,,,,,
32.0,Accepted-In Progress,Accepted-Wait,Accepted-Assigned,Accepted-Wait,Accepted-In Progress,Accepted-In Progress,Completed-Closed,,,,,,,,,,,,,,,,,,,,,,,,,,,,
33.0,Accepted-In Progress,Queued-Awaiting Assignment,Queued-Awaiting Assignment,Accepted-In Progress,Completed-Closed,,,,,,,,,,,,,,,,,,,,,,,,,,,,,,
34.0,Accepted-In Progress,Accepted-In Progress,Completed-Closed,,,,,,,,,,,,,,,,,,,,,,,,,,,,,,,,
35.0,Accepted-In Progress,Accepted-Assigned,Accepted-In Progress,Accepted-Assigned,Accepted-In Progress,Completed-Closed,,,,,,,,,,,,,,,,,,,,,,,,,,,,,
36.0,Accepted-In Progress,Accepted-Assigned,Accepted-Wait,Completed-Closed,,,,,,,,,,,,,,,,,,,,,,,,,,,,,,,
37.0,Accepted-In Progress,Completed-Closed,,,,,,,,,,,,,,,,,,,,,,,,,,,,,,,,,
38.0,Accepted-In Progress,Accepted-In Progress,Completed-Closed,,,,,,,,,,,,,,,,,,,,,,,,,,,,,,,,
39.0,Accepted-In Progress,Queued-Awaiting Assignment,Accepted-In Progress,Accepted-Assigned,Accepted-In Progress,Completed-Closed,,,,,,,,,,,,,,,,,,,,,,,,,,,,,
40.0,Accepted-In Progress,Accepted-In Progress,Completed-Closed,,,,,,,,,,,,,,,,,,,,,,,,,,,,,,,,
41.0,Queued-Awaiting Assignment,Accepted-In Progress,Queued-Awaiting Assignment,Accepted-In Progress,Completed-Closed,,,,,,,,,,,,,,,,,,,,,,,,,,,,,,
42.0,Accepted-In Progress,Accepted-In Progress,Accepted-Assigned,Accepted-In Progress,Completed-Closed,,,,,,,,,,,,,,,,,,,,,,,,,,,,,,
43.0,Accepted-In Progress,Accepted-Wait,Accepted-In Progress,Queued-Awaiting Assignment,Accepted-In Progress,Accepted-Assigned,Accepted-Wait,,Accepted-Assigned,Accepted-Wait,Completed-Closed,,,,,,,,,,,,,,,,,,,,,,,,
44.0,Accepted-Wait,Accepted-In Progress,Accepted-In Progress,Completed-Closed,,,,,,,,,,,,,,,,,,,,,,,,,,,,,,,
45.0,Accepted-Wait,Accepted-In Progress,Accepted-In Progress,Completed-Closed,,,,,,,,,,,,,,,,,,,,,,,,,,,,,,,
46.0,Accepted-In Progress,Accepted-Wait,Queued-Awaiting Assignment,Accepted-In Progress,Accepted-Wait,Accepted-Assigned,Accepted-Wait,Completed-Closed,,,,,,,,,,,,,,,,,,,,,,,,,,,
47.0,Accepted-In Progress,Queued-Awaiting Assignment,Accepted-In Progress,Accepted-In Progress,Accepted-In Progress,Accepted-In Progress,Accepted-In Progress,Accepted-Assigned,Accepted-In Progress,Completed-Closed,,,,,,,,,,,,,,,,,,,,,,,,,
48.0,Accepted-In Progress,Queued-Awaiting Assignment,Accepted-In Progress,Accepted-Assigned,Accepted-In Progress,Completed-Closed,,,,,,,,,,,,,,,,,,,,,,,,,,,,,
49.0,Accepted-In Progress,Accepted-Wait,Completed-Closed,,,,,,,,,,,,,,,,,,,,,,,,,,,,,,,,
50.0,Accepted-In Progress,Unmatched-Unmatched,Accepted-In Progress,Accepted-Wait,Accepted-In Progress,Completed-Closed,,,,,,,,,,,,,,,,,,,,,,,,,,,,,
51.0,Accepted-In Progress,Accepted-Wait,Completed-Closed,,,,,,,,,,,,,,,,,,,,,,,,,,,,,,,,
52.0,Accepted-In Progress,Accepted-Assigned,Accepted-Assigned,Accepted-Wait,Completed-Closed,,,,,,,,,,,,,,,,,,,,,,,,,,,,,,
53.0,Accepted-In Progress,Completed-Closed,,,,,,,,,,,,,,,,,,,,,,,,,,,,,,,,,
54.0,Accepted-In Progress,Accepted-In Progress,Queued-Awaiting Assignment,Accepted-In Progress,Queued-Awaiting Assignment,Accepted-In Progress,Accepted-Assigned,Accepted-In Progress,Accepted-In Progress,Completed-Closed,,,,,,,,,,,,,,,,,,,,,,,,,
55.0,Accepted-Assigned,Queued-Awaiting Assignment,Accepted-In Progress,Accepted-Assigned,Accepted-Wait,Accepted-In Progress,Completed-Closed,,,,,,,,,,,,,,,,,,,,,,,,,,,,
56.0,Accepted-In Progress,Accepted-Wait,Accepted-In Progress,Completed-Closed,,,,,,,,,,,,,,,,,,,,,,,,,,,,,,,
57.0,Accepted-In Progress,Accepted-Wait,Completed-Closed,,,,,,,,,,,,,,,,,,,,,,,,,,,,,,,,
58.0,Accepted-In Progress,Accepted-In Progress,Completed-Closed,,,,,,,,,,,,,,,,,,,,,,,,,,,,,,,,
59.0,Accepted-In Progress,Completed-Closed,,,,,,,,,,,,,,,,,,,,,,,,,,,,,,,,,
60.0,Accepted-In Progress,Accepted-In Progress,Queued-Awaiting Assignment,Accepted-In Progress,Accepted-In Progress,Completed-Closed,,,,,,,,,,,,,,,,,,,,,,,,,,,,,
61.0,Accepted-In Progress,Queued-Awaiting Assignment,Accepted-In Progress,Accepted-Assigned,Accepted-In Progress,Completed-Closed,,,,,,,,,,,,,,,,,,,,,,,,,,,,,
62.0,Accepted-In Progress,Accepted-In Progress,Queued-Awaiting Assignment,Accepted-In Progress,Accepted-In Progress,Accepted-In Progress,Completed-Closed,,,,,,,,,,,,,,,,,,,,,,,,,,,,
63.0,Accepted-In Progress,Accepted-In Progress,Accepted-Wait,Completed-Closed,,,,,,,,,,,,,,,,,,,,,,,,,,,,,,,
64.0,Accepted-In Progress,Accepted-In Progress,Queued-Awaiting Assignment,Accepted-In Progress,Accepted-Assigned,Accepted-In Progress,Completed-Closed,,,,,,,,,,,,,,,,,,,,,,,,,,,,
65.0,Accepted-In Progress,Accepted-Assigned,Queued-Awaiting Assignment,Accepted-In Progress,Unmatched-Unmatched,Completed-Closed,,,,,,,,,,,,,,,,,,,,,,,,,,,,,
66.0,Accepted-In Progress,Unmatched-Unmatched,Accepted-In Progress,Completed-Closed,,,,,,,,,,,,,,,,,,,,,,,,,,,,,,,
67.0,Accepted-In Progress,Queued-Awaiting Assignment,Accepted-In Progress,Accepted-Assigned,Accepted-In Progress,Completed-Closed,,,,,,,,,,,,,,,,,,,,,,,,,,,,,
68.0,Accepted-In Progress,Accepted-In Progress,Completed-Closed,,,,,,,,,,,,,,,,,,,,,,,,,,,,,,,,
69.0,Accepted-In Progress,Queued-Awaiting Assignment,Accepted-In Progress,Accepted-Assigned,Accepted-In Progress,Completed-Closed,,,,,,,,,,,,,,,,,,,,,,,,,,,,,
70.0,Accepted-In Progress,Queued-Awaiting Assignment,Accepted-In Progress,Accepted-Assigned,Accepted-In Progress,Completed-Closed,,,,,,,,,,,,,,,,,,,,,,,,,,,,,
71.0,Accepted-In Progress,Accepted-In Progress,Accepted-In Progress,Accepted-Wait,Accepted-Assigned,Accepted-Assigned,Accepted-In Progress,Accepted-Assigned,Accepted-In Progress,Completed-Closed,,,,,,,,,,,,,,,,,,,,,,,,,
72.0,,Accepted-In Progress,Accepted-In Progress,Accepted-Wait,Accepted-Assigned,Accepted-Wait,Completed-Closed,,,,,,,,,,,,,,,,,,,,,,,,,,,,
73.0,Accepted-In Progress,Queued-Awaiting Assignment,Accepted-In Progress,Queued-Awaiting Assignment,Accepted-In Progress,Accepted-Assigned,Accepted-In Progress,Completed-Closed,,,,,,,,,,,,,,,,,,,,,,,,,,,
74.0,Accepted-In Progress,Accepted-In Progress,Accepted-In Progress,Completed-Closed,,,,,,,,,,,,,,,,,,,,,,,,,,,,,,,
75.0,Accepted-In Progress,Queued-Awaiting Assignment,Accepted-In Progress,Accepted-Assigned,Accepted-In Progress,Completed-Closed,,,,,,,,,,,,,,,,,,,,,,,,,,,,,
76.0,Accepted-In Progress,Queued-Awaiting Assignment,Accepted-In Progress,Queued-Awaiting Assignment,Queued-Awaiting Assignment,Accepted-In Progress,Accepted-Assigned,Accepted-In Progress,Accepted-Assigned,Accepted-Wait,Accepted-In Progress,Completed-Closed,,,,,,,,,,,,,,,,,,,,,,,
77.0,Accepted-In Progress,Queued-Awaiting Assignment,Accepted-In Progress,Accepted-Assigned,Queued-Awaiting Assignment,Accepted-In Progress,Accepted-Assigned,Accepted-Wait,Queued-Awaiting Assignment,Accepted-In Progress,Accepted-Assigned,Accepted-In Progress,Completed-Closed,,,,,,,,,,,,,,,,,,,,,,
78.0,Accepted-In Progress,Queued-Awaiting Assignment,Accepted-In Progress,Accepted-Assigned,Accepted-In Progress,Completed-Closed,,,,,,,,,,,,,,,,,,,,,,,,,,,,,
79.0,Accepted-In Progress,Queued-Awaiting Assignment,Accepted-In Progress,Accepted-Assigned,Accepted-In Progress,Completed-Closed,,,,,,,,,,,,,,,,,,,,,,,,,,,,,
80.0,Accepted-In Progress,Accepted-In Progress,Accepted-In Progress,Accepted-Assigned,Accepted-In Progress,Completed-Closed,,,,,,,,,,,,,,,,,,,,,,,,,,,,,
81.0,Accepted-In Progress,Queued-Awaiting Assignment,Accepted-In Progress,Accepted-In Progress,Accepted-Assigned,Accepted-In Progress,Completed-Closed,,,,,,,,,,,,,,,,,,,,,,,,,,,,
82.0,Accepted-In Progress,Queued-Awaiting Assignment,,Accepted-Assigned,Queued-Awaiting Assignment,Accepted-In Progress,Accepted-Wait,Completed-Closed,,,,,,,,,,,,,,,,,,,,,,,,,,,
83.0,Accepted-In Progress,Queued-Awaiting Assignment,Accepted-In Progress,Accepted-Assigned,Accepted-In Progress,Completed-Closed,,,,,,,,,,,,,,,,,,,,,,,,,,,,,
84.0,Accepted-In Progress,Completed-Closed,,,,,,,,,,,,,,,,,,,,,,,,,,,,,,,,,
85.0,Accepted-In Progress,Queued-Awaiting Assignment,Accepted-In Progress,Accepted-Assigned,Accepted-In Progress,Completed-Closed,,,,,,,,,,,,,,,,,,,,,,,,,,,,,
86.0,Accepted-In Progress,Unmatched-Unmatched,Queued-Awaiting Assignment,Accepted-In Progress,Accepted-Wait,Accepted-Assigned,Accepted-Wait,Completed-Closed,,,,,,,,,,,,,,,,,,,,,,,,,,,
87.0,Accepted-In Progress,Queued-Awaiting Assignment,Accepted-In Progress,Accepted-Assigned,Accepted-In Progress,Accepted-In Progress,Queued-Awaiting Assignment,Accepted-In Progress,Accepted-Assigned,Accepted-Wait,Completed-Closed,,,,,,,,,,,,,,,,,,,,,,,,
88.0,Accepted-In Progress,Queued-Awaiting Assignment,Accepted-In Progress,Accepted-Assigned,Accepted-In Progress,Completed-Closed,,,,,,,,,,,,,,,,,,,,,,,,,,,,,
89.0,Accepted-In Progress,Queued-Awaiting Assignment,Accepted-In Progress,Accepted-Assigned,Accepted-In Progress,Completed-Closed,,,,,,,,,,,,,,,,,,,,,,,,,,,,,
90.0,Accepted-In Progress,Accepted-In Progress,Accepted-In Progress,Queued-Awaiting Assignment,Accepted-In Progress,Accepted-Assigned,Accepted-In Progress,Completed-Closed,,,,,,,,,,,,,,,,,,,,,,,,,,,
91.0,Accepted-In Progress,Queued-Awaiting Assignment,Accepted-In Progress,Accepted-Assigned,Accepted-In Progress,Completed-Closed,,,,,,,,,,,,,,,,,,,,,,,,,,,,,
92.0,Accepted-In Progress,Queued-Awaiting Assignment,Accepted-In Progress,Accepted-Assigned,Accepted-In Progress,Completed-Closed,,,,,,,,,,,,,,,,,,,,,,,,,,,,,
93.0,Accepted-In Progress,Queued-Awaiting Assignment,Accepted-In Progress,Accepted-Assigned,Accepted-In Progress,Completed-Closed,,,,,,,,,,,,,,,,,,,,,,,,,,,,,
94.0,Accepted-In Progress,Queued-Awaiting Assignment,Accepted-In Progress,Accepted-Assigned,Accepted-In Progress,Completed-Closed,,,,,,,,,,,,,,,,,,,,,,,,,,,,,
95.0,Accepted-In Progress,Queued-Awaiting Assignment,Accepted-In Progress,Accepted-Wait,Accepted-In Progress,Completed-Closed,,,,,,,,,,,,,,,,,,,,,,,,,,,,,
96.0,Accepted-In Progress,Queued-Awaiting Assignment,Accepted-In Progress,Accepted-Assigned,Accepted-In Progress,Completed-Closed,,,,,,,,,,,,,,,,,,,,,,,,,,,,,
97.0,Queued-Awaiting Assignment,Accepted-In Progress,Queued-Awaiting Assignment,Queued-Awaiting Assignment,Accepted-In Progress,Accepted-Assigned,Accepted-In Progress,Completed-Closed,,,,,,,,,,,,,,,,,,,,,,,,,,,
98.0,Accepted-In Progress,Queued-Awaiting Assignment,Accepted-In Progress,Accepted-Assigned,Accepted-In Progress,Completed-Closed,,,,,,,,,,,,,,,,,,,,,,,,,,,,,
,Accepted-In Progress,Queued-Awaiting Assignment,Accepted-In Progress,Accepted-Assigned,Accepted-In Progress,Completed-Closed,,,,,,,,,,,,,,,,,,,,,,,,,,,,,
100.0,Accepted-In Progress,Accepted-Wait,Accepted-In Progress,Queued-Awaiting Assignment,Accepted-In Progress,Queued-Awaiting Assignment,Accepted-In Progress,Completed-Closed,,,,,,,,,,,,,,,,,,,,,,,,,,,
101.0,Accepted-In Progress,Queued-Awaiting Assignment,Accepted-In Progress,,Accepted-In Progress,Completed-Closed,,,,,,,,,,,,,,,,,,,,,,,,,,,,,
102.0,Accepted-In Progress,Completed-Closed,,,,,,,,,,,,,,,,,,,,,,,,,,,,,,,,,
103.0,Accepted-Assigned,Accepted-In Progress,Completed-Closed,,,,,,,,,,,,,,,,,,,,,,,,,,,,,,,,
104.0,Accepted-In Progress,Queued-Awaiting Assignment,Accepted-In Progress,Accepted-Assigned,Accepted-In Progress,Accepted-Wait,Accepted-In Progress,Queued-Awaiting Assignment,Accepted-In Progress,Accepted-In Progress,Accepted-Assigned,Accepted-In Progress,Completed-Closed,,,,,,,,,,,,,,,,,,,,,,
105.0,Accepted-In Progress,Queued-Awaiting Assignment,Accepted-In Progress,Accepted-Assigned,Accepted-In Progress,Completed-Closed,,,,,,,,,,,,,,,,,,,,,,,,,,,,,
106.0,Accepted-In Progress,Queued-Awaiting Assignment,Accepted-In Progress,Accepted-Assigned,Accepted-In Progress,Completed-Closed,,,,,,,,,,,,,,,,,,,,,,,,,,,,,
107.0,Queued-Awaiting Assignment,Accepted-In Progress,Accepted-Assigned,Accepted-Assigned,Accepted-In Progress,Accepted-In Progress,Queued-Awaiting Assignment,Accepted-In Progress,Queued-Awaiting Assignment,Accepted-In Progress,Completed-Closed,Accepted-In Progress,Completed-Closed,Accepted-In Progress,Queued-Awaiting Assignment,Accepted-In Progress,Completed-Closed,,,,,,,,,,,,,,,,,,
108.0,Accepted-In Progress,Queued-Awaiting Assignment,Accepted-In Progress,Accepted-Assigned,Accepted-In Progress,Completed-Closed,,,,,,,,,,,,,,,,,,,,,,,,,,,,,
109.0,Accepted-In Progress,Queued-Awaiting Assignment,Accepted-Assigned,Queued-Awaiting Assignment,Accepted-In Progress,Accepted-Assigned,Accepted-In Progress,Completed-Closed,,,,,,,,,,,,,,,,,,,,,,,,,,,
110.0,Accepted-In Progress,Queued-Awaiting Assignment,Accepted-In Progress,Accepted-Assigned,Queued-Awaiting Assignment,Accepted-Assigned,Accepted-Assigned,Queued-Awaiting Assignment,Accepted-In Progress,Completed-Closed,,,,,,,,,,,,,,,,,,,,,,,,,
111.0,Accepted-In Progress,Accepted-In Progress,Completed-Closed,,,,,,,,,,,,,,,,,,,,,,,,,,,,,,,,
112.0,Accepted-In Progress,Queued-Awaiting Assignment,Accepted-In Progress,Accepted-Assigned,Completed-Closed,,,,,,,,,,,,,,,,,,,,,,,,,,,,,,
113.0,Accepted-In Progress,Accepted-Wait,Accepted-In Progress,Accepted-Wait,Accepted-In Progress,Accepted-Wait,Accepted-In Progress,Completed-Closed,,,,,,,,,,,,,,,,,,,,,,,,,,,
114.0,Accepted-In Progress,Accepted-Assigned,Accepted-In Progress,Accepted-Wait,Completed-Closed,,,,,,,,,,,,,,,,,,,,,,,,,,,,,,
115.0,Accepted-In Progress,Queued-Awaiting Assignment,Accepted-In Progress,Accepted-Assigned,Accepted-In Progress,Accepted-Assigned,Accepted-Wait,Queued-Awaiting Assignment,Accepted-In Progress,Accepted-Assigned,Accepted-In Progress,Completed-Closed,,,,,,,,,,,,,,,,,,,,,,,
116.0,Accepted-In Progress,Queued-Awaiting Assignment,Accepted-In Progress,Accepted-Assigned,Accepted-In Progress,Accepted-Assigned,Accepted-In Progress,Queued-Awaiting Assignment,Accepted-In Progress,Accepted-Assigned,Accepted-In Progress,Completed-Closed,,,,,,,,,,,,,,,,,,,,,,,
117.0,Accepted-In Progress,Queued-Awaiting Assignment,Accepted-In Progress,Accepted-Wait,Accepted-Assigned,Accepted-Wait,Accepted-In Progress,Completed-Closed,,,,,,,,,,,,,,,,,,,,,,,,,,,
118.0,Accepted-In Progress,Queued-Awaiting Assignment,Accepted-In Progress,Accepted-Assigned,Accepted-In Progress,Completed-Closed,,,,,,,,,,,,,,,,,,,,,,,,,,,,,
119.0,Accepted-In Progress,Accepted-Wait,Accepted-In Progress,Completed-Closed,Accepted-In Progress,Accepted-In Progress,Completed-Closed,,,,,,,,,,,,,,,,,,,,,,,,,,,,
120.0,Accepted-In Progress,Accepted-Assigned,Accepted-In Progress,Accepted-Wait,Completed-Closed,,,,,,,,,,,,,,,,,,,,,,,,,,,,,,
121.0,Accepted-In Progress,Accepted-In Progress,Accepted-Assigned,Accepted-In Progress,Completed-Closed,,,,,,,,,,,,,,,,,,,,,,,,,,,,,,
122.0,Accepted-In Progress,Queued-Awaiting Assignment,Accepted-In Progress,Accepted-Wait,Accepted-Assigned,Accepted-In Progress,Completed-Closed,,,,,,,,,,,,,,,,,,,,,,,,,,,,
123.0,Accepted-In Progress,Completed-Closed,,,,,,,,,,,,,,,,,,,,,,,,,,,,,,,,,
124.0,Accepted-In Progress,Accepted-In Progress,Queued-Awaiting Assignment,Queued-Awaiting Assignment,Accepted-Assigned,Accepted-In Progress,Accepted-Assigned,Accepted-Assigned,Accepted-Assigned,Accepted-Assigned,Accepted-In Progress,Accepted-Wait,Accepted-Assigned,Accepted-In Progress,Accepted-Assigned,Accepted-Wait,Completed-Closed,,,,,,,,,,,,,,,,,,
125.0,Accepted-In Progress,Queued-Awaiting Assignment,Accepted-In Progress,Accepted-Assigned,Accepted-In Progress,Completed-Closed,Accepted-In Progress,Queued-Awaiting Assignment,Accepted-Assigned,Queued-Awaiting Assignment,Accepted-In Progress,Accepted-Assigned,Accepted-In Progress,Completed-Closed,,,,,,,,,,,,,,,,,,,,,
126.0,Accepted-In Progress,Queued-Awaiting Assignment,Accepted-Assigned,Accepted-Assigned,Accepted-In Progress,Accepted-Wait,,,,,,,,,,,,,,,,,,,,,,,,,,,,,
127.0,Accepted-In Progress,Completed-Closed,,,,,,,,,,,,,,,,,,,,,,,,,,,,,,,,,
128.0,Accepted-In Progress,Queued-Awaiting Assignment,Accepted-In Progress,Accepted-Assigned,Accepted-In Progress,Completed-Closed,,,,,,,,,,,,,,,,,,,,,,,,,,,,,
129.0,Accepted-In Progress,Accepted-Wait,Completed-Closed,,,,,,,,,,,,,,,,,,,,,,,,,,,,,,,,
130.0,Accepted-In Progress,Queued-Awaiting Assignment,Accepted-In Progress,Accepted-Assigned,Accepted-In Progress,Accepted-In Progress,Completed-Closed,,,,,,,,,,,,,,,,,,,,,,,,,,,,
131.0,Accepted-In Progress,Queued-Awaiting Assignment,Accepted-In Progress,Accepted-Assigned,Queued-Awaiting Assignment,Accepted-Assigned,Accepted-Wait,Queued-Awaiting Assignment,Accepted-In Progress,Accepted-Assigned,Accepted-In Progress,Completed-Closed,,,,,,,,,,,,,,,,,,,,,,,
132.0,Accepted-In Progress,Queued-Awaiting Assignment,Accepted-In Progress,Accepted-Assigned,Queued-Awaiting Assignment,Accepted-Assigned,Queued-Awaiting Assignment,Accepted-In Progress,Accepted-In Progress,Accepted-In Progress,Completed-Closed,,,,,,,,,,,,,,,,,,,,,,,,
133.0,Accepted-In Progress,Queued-Awaiting Assignment,Accepted-In Progress,Accepted-Assigned,Accepted-In Progress,Completed-Closed,,,,,,,,,,,,,,,,,,,,,,,,,,,,,
134.0,Accepted-In Progress,Queued-Awaiting Assignment,Accepted-In Progress,Accepted-Assigned,Accepted-In Progress,Completed-Closed,,,,,,,,,,,,,,,,,,,,,,,,,,,,,
135.0,Accepted-In Progress,Queued-Awaiting Assignment,Accepted-In Progress,Accepted-Assigned,Accepted-In Progress,Accepted-Wait,Accepted-Assigned,Accepted-In Progress,Accepted-Assigned,Queued-Awaiting Assignment,Accepted-In Progress,Accepted-Assigned,Accepted-In Progress,Completed-Closed,,,,,,,,,,,,,,,,,,,,,
136.0,Accepted-In Progress,Queued-Awaiting Assignment,Accepted-In Progress,Accepted-Wait,Accepted-In Progress,Accepted-Assigned,Accepted-In Progress,Accepted-Assigned,Accepted-Assigned,Accepted-In Progress,Accepted-Assigned,Accepted-In Progress,Completed-Closed,,,,,,,,,,,,,,,,,,,,,,
137.0,Accepted-In Progress,Accepted-Assigned,Accepted-In Progress,Completed-Closed,,,,,,,,,,,,,,,,,,,,,,,,,,,,,,,
138.0,Accepted-In Progress,Queued-Awaiting Assignment,Accepted-In Progress,Accepted-Assigned,Queued-Awaiting Assignment,Accepted-Assigned,Accepted-Wait,Queued-Awaiting Assignment,Accepted-In Progress,Accepted-Assigned,Accepted-In Progress,Completed-Closed,,,,,,,,,,,,,,,,,,,,,,,
139.0,Accepted-In Progress,Completed-Closed,,,,,,,,,,,,,,,,,,,,,,,,,,,,,,,,,
140.0,Accepted-In Progress,Queued-Awaiting Assignment,Accepted-In Progress,Accepted-Assigned,Accepted-In Progress,Completed-Closed,,,,,,,,,,,,,,,,,,,,,,,,,,,,,
141.0,Accepted-In Progress,Queued-Awaiting Assignment,Accepted-In Progress,Accepted-Assigned,Accepted-In Progress,Completed-Closed,,,,,,,,,,,,,,,,,,,,,,,,,,,,,
142.0,Accepted-In Progress,Queued-Awaiting Assignment,Accepted-In Progress,Accepted-Assigned,Accepted-In Progress,Completed-Closed,,,,,,,,,,,,,,,,,,,,,,,,,,,,,
143.0,Accepted-In Progress,Queued-Awaiting Assignment,Accepted-In Progress,Accepted-Assigned,Accepted-In Progress,Completed-Closed,,,,,,,,,,,,,,,,,,,,,,,,,,,,,
144.0,Accepted-In Progress,Accepted-Assigned,Accepted-In Progress,Accepted-Wait,Accepted-In Progress,Accepted-Wait,Completed-Closed,,,,,,,,,,,,,,,,,,,,,,,,,,,,
145.0,Queued-Awaiting Assignment,Accepted-In Progress,Completed-Closed,,,,,,,,,,,,,,,,,,,,,,,,,,,,,,,,
146.0,Accepted-In Progress,Accepted-Assigned,Accepted-Assigned,Accepted-Wait,Accepted-Assigned,Accepted-Wait,Accepted-Assigned,Accepted-In Progress,Completed-Closed,,,,,,,,,,,,,,,,,,,,,,,,,,
147.0,Accepted-In Progress,Accepted-In Progress,Completed-Closed,,,,,,,,,,,,,,,,,,,,,,,,,,,,,,,,
148.0,Accepted-In Progress,Completed-Closed,Accepted-In Progress,Accepted-In Progress,Completed-Closed,,,,,,,,,,,,,,,,,,,,,,,,,,,,,,
149.0,Accepted-In Progress,Accepted-Wait,Completed-Closed,,,,,,,,,,,,,,,,,,,,,,,,,,,,,,,,
150.0,Accepted-In Progress,Completed-Closed,,,,,,,,,,,,,,,,,,,,,,,,,,,,,,,,,
151.0,Accepted-In Progress,Queued-Awaiting Assignment,Accepted-In Progress,Accepted-Assigned,Accepted-Assigned,Accepted-In Progress,Accepted-Assigned,Accepted-In Progress,Accepted-Wait,Completed-Closed,,,,,,,,,,,,,,,,,,,,,,,,,
152.0,Accepted-In Progress,Queued-Awaiting Assignment,Accepted-In Progress,Accepted-Assigned,Accepted-In Progress,Accepted-Assigned,Accepted-Wait,Queued-Awaiting Assignment,Accepted-In Progress,Accepted-Assigned,Accepted-In Progress,Completed-Closed,,,,,,,,,,,,,,,,,,,,,,,
153.0,Accepted-In Progress,Accepted-Wait,Completed-Closed,,,,,,,,,,,,,,,,,,,,,,,,,,,,,,,,
154.0,Accepted-In Progress,Accepted-Wait,Accepted-Wait,Completed-Closed,,,,,,,,,,,,,,,,,,,,,,,,,,,,,,,
155.0,Accepted-In Progress,Queued-Awaiting Assignment,Accepted-In Progress,Queued-Awaiting Assignment,Accepted-In Progress,Queued-Awaiting Assignment,Accepted-In Progress,Queued-Awaiting Assignment,Accepted-In Progress,Accepted-In Progress,Accepted-Wait,Accepted-In Progress,Accepted-Wait,Accepted-In Progress,Completed-Closed,,,,,,,,,,,,,,,,,,,,
156.0,Accepted-In Progress,Accepted-Assigned,Accepted-Assigned,Accepted-In Progress,Accepted-Wait,Completed-Closed,,,,,,,,,,,,,,,,,,,,,,,,,,,,,
157.0,Accepted-In Progress,Queued-Awaiting Assignment,Accepted-In Progress,Accepted-Assigned,Accepted-Assigned,Accepted-In Progress,Accepted-Assigned,Accepted-Wait,Completed-Closed,,,,,,,,,,,,,,,,,,,,,,,,,,
158.0,Accepted-In Progress,Accepted-Assigned,Accepted-In Progress,Accepted-Assigned,Queued-Awaiting Assignment,Accepted-Assigned,Accepted-In Progress,Completed-Closed,,,,,,,,,,,,,,,,,,,,,,,,,,,
159.0,Accepted-In Progress,Queued-Awaiting Assignment,Accepted-In Progress,Accepted-Wait,Accepted-Assigned,Accepted-In Progress,Accepted-Wait,Accepted-In Progress,Completed-Closed,,,,,,,,,,,,,,,,,,,,,,,,,,
160.0,Accepted-In Progress,Accepted-In Progress,Completed-Closed,,,,,,,,,,,,,,,,,,,,,,,,,,,,,,,,
161.0,Accepted-In Progress,Accepted-Wait,Queued-Awaiting Assignment,Accepted-In Progress,Accepted-Wait,Completed-Closed,,,,,,,,,,,,,,,,,,,,,,,,,,,,,
162.0,Accepted-In Progress,Accepted-In Progress,Completed-Closed,,,,,,,,,,,,,,,,,,,,,,,,,,,,,,,,
163.0,Accepted-In Progress,Queued-Awaiting Assignment,Accepted-In Progress,Accepted-Assigned,Accepted-In Progress,Accepted-Assigned,Completed-Closed,,,,,,,,,,,,,,,,,,,,,,,,,,,,
164.0,Accepted-In Progress,Queued-Awaiting Assignment,Accepted-In Progress,Completed-Closed,,,,,,,,,,,,,,,,,,,,,,,,,,,,,,,
165.0,Accepted-In Progress,Queued-Awaiting Assignment,Accepted-In Progress,Accepted-Assigned,Accepted-In Progress,Completed-Closed,,,,,,,,,,,,,,,,,,,,,,,,,,,,,
166.0,Accepted-In Progress,Queued-Awaiting Assignment,Accepted-In Progress,Accepted-Assigned,Accepted-In Progress,Completed-Closed,,,,,,,,,,,,,,,,,,,,,,,,,,,,,
167.0,Accepted-In Progress,Accepted-In Progress,Completed-Closed,,,,,,,,,,,,,,,,,,,,,,,,,,,,,,,,
168.0,Accepted-In Progress,Queued-Awaiting Assignment,Accepted-In Progress,Accepted-Assigned,Accepted-In Progress,Completed-Closed,,,,,,,,,,,,,,,,,,,,,,,,,,,,,
169.0,Accepted-In Progress,Queued-Awaiting Assignment,Accepted-In Progress,Accepted-Assigned,Accepted-In Progress,Completed-Closed,,,,,,,,,,,,,,,,,,,,,,,,,,,,,
170.0,Accepted-In Progress,Accepted-In Progress,Queued-Awaiting Assignment,Accepted-In Progress,Accepted-Assigned,Completed-Closed,,,,,,,,,,,,,,,,,,,,,,,,,,,,,
171.0,Accepted-In Progress,Accepted-Wait,Completed-Closed,,,,,,,,,,,,,,,,,,,,,,,,,,,,,,,,
172.0,Accepted-In Progress,Completed-Closed,,,,,,,,,,,,,,,,,,,,,,,,,,,,,,,,,
173.0,Accepted-In Progress,Queued-Awaiting Assignment,Accepted-In Progress,Queued-Awaiting Assignment,Accepted-In Progress,Accepted-Wait,Accepted-In Progress,Completed-Closed,,,,,,,,,,,,,,,,,,,,,,,,,,,
174.0,Accepted-In Progress,Accepted-Wait,Queued-Awaiting Assignment,Accepted-In Progress,Accepted-Wait,Queued-Awaiting Assignment,Accepted-In Progress,Accepted-Wait,Queued-Awaiting Assignment,Accepted-In Progress,Accepted-Wait,Accepted-In Progress,Completed-Closed,,,,,,,,,,,,,,,,,,,,,,
175.0,Accepted-In Progress,Accepted-Assigned,Accepted-In Progress,Completed-Closed,,,,,,,,,,,,,,,,,,,,,,,,,,,,,,,
176.0,Accepted-In Progress,Accepted-Wait,Accepted-In Progress,Completed-Closed,,,,,,,,,,,,,,,,,,,,,,,,,,,,,,,
177.0,Accepted-In Progress,Queued-Awaiting Assignment,Accepted-In Progress,Accepted-Assigned,Accepted-In Progress,Accepted-In Progress,Queued-Awaiting Assignment,Accepted-Assigned,Accepted-In Progress,Accepted-Wait,Queued-Awaiting Assignment,Accepted-In Progress,Queued-Awaiting Assignment,Accepted-Assigned,Accepted-In Progress,Accepted-Assigned,Accepted-In Progress,Completed-Closed,,,,,,,,,,,,,,,,,
178.0,Accepted-In Progress,Queued-Awaiting Assignment,Accepted-In Progress,Accepted-Assigned,Accepted-In Progress,Completed-Closed,,,,,,,,,,,,,,,,,,,,,,,,,,,,,
179.0,Accepted-In Progress,Completed-Closed,Accepted-In Progress,Accepted-In Progress,Completed-Closed,,,,,,,,,,,,,,,,,,,,,,,,,,,,,,
180.0,Accepted-In Progress,Queued-Awaiting Assignment,Accepted-In Progress,Accepted-Wait,Accepted-In Progress,Accepted-Assigned,Accepted-Assigned,Accepted-In Progress,Completed-Closed,,,,,,,,,,,,,,,,,,,,,,,,,,
181.0,Accepted-In Progress,Accepted-In Progress,Completed-Closed,,,,,,,,,,,,,,,,,,,,,,,,,,,,,,,,
182.0,Accepted-Assigned,Accepted-In Progress,Completed-Closed,,,,,,,,,,,,,,,,,,,,,,,,,,,,,,,,
183.0,Accepted-Assigned,Accepted-In Progress,Completed-Closed,,,,,,,,,,,,,,,,,,,,,,,,,,,,,,,,
184.0,Accepted-In Progress,Accepted-In Progress,Completed-Closed,,,,,,,,,,,,,,,,,,,,,,,,,,,,,,,,
185.0,Accepted-In Progress,Queued-Awaiting Assignment,Accepted-In Progress,Accepted-Assigned,Accepted-In Progress,Accepted-Assigned,Accepted-In Progress,Completed-Closed,,,,,,,,,,,,,,,,,,,,,,,,,,,
186.0,Accepted-In Progress,Queued-Awaiting Assignment,Accepted-In Progress,Accepted-Assigned,Accepted-In Progress,Completed-Closed,,,,,,,,,,,,,,,,,,,,,,,,,,,,,
187.0,Accepted-In Progress,Completed-Closed,,,,,,,,,,,,,,,,,,,,,,,,,,,,,,,,,
188.0,Accepted-In Progress,Queued-Awaiting Assignment,Accepted-In Progress,Accepted-Assigned,Accepted-In Progress,Completed-Closed,,,,,,,,,,,,,,,,,,,,,,,,,,,,,
189.0,Accepted-In Progress,Completed-Closed,,,,,,,,,,,,,,,,,,,,,,,,,,,,,,,,,
190.0,Accepted-In Progress,Queued-Awaiting Assignment,Accepted-In Progress,Accepted-Assigned,Queued-Awaiting Assignment,Accepted-Assigned,Accepted-In Progress,Queued-Awaiting Assignment,Accepted-In Progress,Accepted-Assigned,Queued-Awaiting Assignment,Accepted-In Progress,Accepted-In Progress,Accepted-In Progress,Accepted-Assigned,Accepted-Assigned,Accepted-In Progress,Queued-Awaiting Assignment,Accepted-In Progress,Accepted-Assigned,Accepted-In Progress,Completed-Closed,,,,,,,,,,,,,
191.0,Accepted-In Progress,Queued-Awaiting Assignment,Accepted-In Progress,Accepted-Assigned,Accepted-In Progress,Completed-Closed,,,,,,,,,,,,,,,,,,,,,,,,,,,,,
192.0,Accepted-In Progress,Queued-Awaiting Assignment,Accepted-In Progress,Accepted-Assigned,Accepted-In Progress,Completed-Closed,,,,,,,,,,,,,,,,,,,,,,,,,,,,,
193.0,Accepted-In Progress,Accepted-Wait,Completed-Closed,,,,,,,,,,,,,,,,,,,,,,,,,,,,,,,,
194.0,Accepted-In Progress,Queued-Awaiting Assignment,Accepted-In Progress,Accepted-Assigned,Accepted-In Progress,Completed-Closed,,,,,,,,,,,,,,,,,,,,,,,,,,,,,
195.0,Accepted-In Progress,Queued-Awaiting Assignment,Accepted-In Progress,Accepted-Assigned,Accepted-In Progress,Completed-Closed,,,,,,,,,,,,,,,,,,,,,,,,,,,,,
196.0,Accepted-In Progress,Queued-Awaiting Assignment,Accepted-In Progress,Accepted-Assigned,Accepted-In Progress,Completed-Closed,,,,,,,,,,,,,,,,,,,,,,,,,,,,,
197.0,Accepted-In Progress,Queued-Awaiting Assignment,Accepted-In Progress,Accepted-Assigned,Accepted-Assigned,Accepted-In Progress,Completed-Closed,,,,,,,,,,,,,,,,,,,,,,,,,,,,
198.0,Accepted-In Progress,Completed-Closed,,,,,,,,,,,,,,,,,,,,,,,,,,,,,,,,,
199.0,Accepted-In Progress,Accepted-Wait,Accepted-In Progress,Accepted-Wait,Completed-Closed,,,,,,,,,,,,,,,,,,,,,,,,,,,,,,
200.0,Accepted-In Progress,Queued-Awaiting Assignment,Accepted-In Progress,Accepted-Wait,Completed-Closed,,,,,,,,,,,,,,,,,,,,,,,,,,,,,,
201.0,Accepted-In Progress,Queued-Awaiting Assignment,Accepted-In Progress,Accepted-Assigned,Accepted-In Progress,Completed-Closed,,,,,,,,,,,,,,,,,,,,,,,,,,,,,
202.0,Accepted-In Progress,Accepted-In Progress,Accepted-Assigned,Accepted-Wait,Completed-Closed,,,,,,,,,,,,,,,,,,,,,,,,,,,,,,
203.0,Accepted-In Progress,Queued-Awaiting Assignment,Accepted-In Progress,Accepted-Assigned,Queued-Awaiting Assignment,Accepted-Assigned,Accepted-Wait,Accepted-Assigned,Accepted-In Progress,Accepted-Wait,Queued-Awaiting Assignment,Accepted-In Progress,Accepted-Assigned,Accepted-In Progress,Completed-Closed,,,,,,,,,,,,,,,,,,,,
204.0,Accepted-In Progress,Accepted-In Progress,Accepted-Assigned,Accepted-In Progress,Accepted-Wait,Accepted-Assigned,Accepted-Wait,Completed-Closed,,,,,,,,,,,,,,,,,,,,,,,,,,,
205.0,Accepted-In Progress,Completed-Closed,,,,,,,,,,,,,,,,,,,,,,,,,,,,,,,,,
206.0,Accepted-In Progress,Accepted-Wait,Completed-Closed,,,,,,,,,,,,,,,,,,,,,,,,,,,,,,,,
207.0,Accepted-In Progress,Accepted-Wait,Completed-Closed,,,,,,,,,,,,,,,,,,,,,,,,,,,,,,,,
208.0,Accepted-In Progress,Queued-Awaiting Assignment,Accepted-In Progress,Accepted-Assigned,Accepted-In Progress,Completed-Closed,,,,,,,,,,,,,,,,,,,,,,,,,,,,,
209.0,Accepted-In Progress,Queued-Awaiting Assignment,Accepted-In Progress,Accepted-Assigned,Accepted-Assigned,Accepted-In Progress,Completed-Closed,,,,,,,,,,,,,,,,,,,,,,,,,,,,
210.0,Accepted-In Progress,Accepted-Assigned,Accepted-In Progress,Completed-Closed,,,,,,,,,,,,,,,,,,,,,,,,,,,,,,,
211.0,Accepted-In Progress,Queued-Awaiting Assignment,Accepted-In Progress,Accepted-Assigned,Accepted-In Progress,Completed-Closed,,,,,,,,,,,,,,,,,,,,,,,,,,,,,
212.0,Accepted-In Progress,Queued-Awaiting Assignment,Queued-Awaiting Assignment,Accepted-In Progress,Accepted-Assigned,Queued-Awaiting Assignment,Accepted-Assigned,Accepted-In Progress,Accepted-Wait,Accepted-In Progress,Queued-Awaiting Assignment,Accepted-In Progress,Accepted-Assigned,Accepted-In Progress,Completed-Closed,,,,,,,,,,,,,,,,,,,,
213.0,Queued-Awaiting Assignment,Queued-Awaiting Assignment,Accepted-Assigned,Queued-Awaiting Assignment,Accepted-In Progress,Completed-Closed,,,,,,,,,,,,,,,,,,,,,,,,,,,,,
214.0,Accepted-In Progress,Accepted-Wait,Accepted-Wait,Accepted-In Progress,Accepted-Wait,Accepted-In Progress,Accepted-Assigned,Accepted-Assigned,Accepted-In Progress,Accepted-In Progress,Completed-Closed,,,,,,,,,,,,,,,,,,,,,,,,
215.0,Accepted-In Progress,Queued-Awaiting Assignment,Accepted-In Progress,Accepted-Assigned,Accepted-In Progress,Completed-Closed,,,,,,,,,,,,,,,,,,,,,,,,,,,,,
216.0,Accepted-In Progress,Accepted-Wait,Accepted-In Progress,Accepted-Wait,Accepted-Wait,Completed-Closed,,,,,,,,,,,,,,,,,,,,,,,,,,,,,
217.0,Accepted-In Progress,Queued-Awaiting Assignment,Accepted-In Progress,Accepted-Assigned,Accepted-In Progress,Completed-Closed,,,,,,,,,,,,,,,,,,,,,,,,,,,,,
218.0,Accepted-In Progress,Queued-Awaiting Assignment,Accepted-In Progress,Accepted-Assigned,Accepted-In Progress,Completed-Closed,,,,,,,,,,,,,,,,,,,,,,,,,,,,,
219.0,Accepted-In Progress,Completed-Closed,,,,,,,,,,,,,,,,,,,,,,,,,,,,,,,,,
220.0,Accepted-In Progress,Accepted-Wait,Completed-Closed,,,,,,,,,,,,,,,,,,,,,,,,,,,,,,,,
221.0,Accepted-In Progress,Completed-Closed,,,,,,,,,,,,,,,,,,,,,,,,,,,,,,,,,
222.0,Accepted-In Progress,Accepted-Wait,Completed-Closed,,,,,,,,,,,,,,,,,,,,,,,,,,,,,,,,
223.0,Accepted-In Progress,Accepted-Wait,Completed-Closed,,,,,,,,,,,,,,,,,,,,,,,,,,,,,,,,
224.0,Accepted-In Progress,Completed-Closed,,,,,,,,,,,,,,,,,,,,,,,,,,,,,,,,,
225.0,Accepted-In Progress,Queued-Awaiting Assignment,Accepted-In Progress,Completed-Closed,,,,,,,,,,,,,,,,,,,,,,,,,,,,,,,
226.0,Accepted-In Progress,Queued-Awaiting Assignment,Accepted-In Progress,Accepted-In Progress,Queued-Awaiting Assignment,Accepted-In Progress,Completed-Closed,,,,,,,,,,,,,,,,,,,,,,,,,,,,
227.0,Accepted-In Progress,Accepted-Wait,Completed-Closed,,,,,,,,,,,,,,,,,,,,,,,,,,,,,,,,
228.0,Accepted-In Progress,Queued-Awaiting Assignment,Accepted-In Progress,Accepted-Assigned,Accepted-In Progress,Completed-Closed,,,,,,,,,,,,,,,,,,,,,,,,,,,,,
229.0,Accepted-In Progress,Accepted-Wait,Completed-Closed,,,,,,,,,,,,,,,,,,,,,,,,,,,,,,,,
230.0,Accepted-In Progress,Accepted-Assigned,Accepted-In Progress,Completed-Closed,Accepted-In Progress,Accepted-Assigned,Accepted-In Progress,Accepted-Wait,Completed-Closed,,,,,,,,,,,,,,,,,,,,,,,,,,
231.0,Accepted-In Progress,Accepted-Wait,Completed-Closed,,,,,,,,,,,,,,,,,,,,,,,,,,,,,,,,
232.0,Accepted-In Progress,,Queued-Awaiting Assignment,Accepted-In Progress,Accepted-Assigned,Accepted-In Progress,Completed-Closed,,,,,,,,,,,,,,,,,,,,,,,,,,,,
233.0,Accepted-In Progress,Queued-Awaiting Assignment,Accepted-In Progress,Accepted-Assigned,Accepted-In Progress,Completed-Closed,,,,,,,,,,,,,,,,,,,,,,,,,,,,,
234.0,Accepted-In Progress,Queued-Awaiting Assignment,Accepted-In Progress,Accepted-Assigned,Accepted-In Progress,Completed-Closed,,,,,,,,,,,,,,,,,,,,,,,,,,,,,
235.0,Accepted-In Progress,Queued-Awaiting Assignment,Queued-Awaiting Assignment,Accepted-In Progress,Accepted-In Progress,Accepted-Wait,Queued-Awaiting Assignment,Accepted-In Progress,Queued-Awaiting Assignment,Queued-Awaiting Assignment,Accepted-Assigned,Accepted-Assigned,Queued-Awaiting Assignment,Accepted-In Progress,Accepted-Wait,Completed-Closed,,,,,,,,,,,,,,,,,,,
236.0,Accepted-In Progress,Accepted-Assigned,Accepted-Wait,Completed-Closed,Accepted-In Progress,Queued-Awaiting Assignment,Accepted-In Progress,Accepted-Wait,Queued-Awaiting Assignment,Queued-Awaiting Assignment,Accepted-In Progress,Queued-Awaiting Assignment,Accepted-In Progress,Queued-Awaiting Assignment,Accepted-In Progress,Accepted-Wait,Queued-Awaiting Assignment,Accepted-In Progress,Queued-Awaiting Assignment,Accepted-In Progress,Completed-Closed,Accepted-In Progress,Queued-Awaiting Assignment,Accepted-In Progress,Queued-Awaiting Assignment,Accepted-In Progress,Accepted-Assigned,Accepted-Wait,Completed-Closed,,,,,,
237.0,Accepted-In Progress,Accepted-Wait,Completed-Closed,,,,,,,,,,,,,,,,,,,,,,,,,,,,,,,,
238.0,Accepted-In Progress,Accepted-Wait,Completed-Closed,,,,,,,,,,,,,,,,,,,,,,,,,,,,,,,,
239.0,Accepted-In Progress,Accepted-In Progress,Completed-Closed,,,,,,,,,,,,,,,,,,,,,,,,,,,,,,,,
240.0,Accepted-In Progress,Queued-Awaiting Assignment,Accepted-In Progress,Accepted-Wait,Completed-Closed,,,,,,,,,,,,,,,,,,,,,,,,,,,,,,
241.0,Accepted-In Progress,Accepted-In Progress,Completed-Closed,,,,,,,,,,,,,,,,,,,,,,,,,,,,,,,,
242.0,Accepted-In Progress,Queued-Awaiting Assignment,Accepted-In Progress,Accepted-Assigned,Accepted-In Progress,Completed-Closed,,,,,,,,,,,,,,,,,,,,,,,,,,,,,
243.0,Accepted-In Progress,Accepted-Wait,Completed-Closed,,,,,,,,,,,,,,,,,,,,,,,,,,,,,,,,
244.0,Accepted-In Progress,Accepted-Assigned,Accepted-Assigned,Accepted-Wait,Accepted-Wait,Accepted-Assigned,Accepted-Wait,Accepted-Wait,Completed-Closed,,,,,,,,,,,,,,,,,,,,,,,,,,
245.0,Accepted-In Progress,Queued-Awaiting Assignment,Accepted-In Progress,Accepted-Assigned,Accepted-In Progress,Completed-Closed,,,,,,,,,,,,,,,,,,,,,,,,,,,,,
246.0,Accepted-In Progress,Queued-Awaiting Assignment,Accepted-In Progress,Accepted-Assigned,Accepted-In Progress,Completed-Closed,,,,,,,,,,,,,,,,,,,,,,,,,,,,,
247.0,Accepted-In Progress,Queued-Awaiting Assignment,Accepted-In Progress,Accepted-Assigned,Queued-Awaiting Assignment,Accepted-In Progress,Accepted-Assigned,Accepted-Wait,Queued-Awaiting Assignment,Accepted-In Progress,Completed-Closed,,,,,,,,,,,,,,,,,,,,,,,,
248.0,Accepted-In Progress,Queued-Awaiting Assignment,Accepted-In Progress,Accepted-Assigned,Accepted-In Progress,Completed-Closed,,,,,,,,,,,,,,,,,,,,,,,,,,,,,
249.0,Accepted-In Progress,Accepted-Wait,Completed-Closed,,,,,,,,,,,,,,,,,,,,,,,,,,,,,,,,
250.0,Accepted-In Progress,Queued-Awaiting Assignment,Accepted-In Progress,Accepted-Assigned,Accepted-In Progress,Queued-Awaiting Assignment,Accepted-Assigned,Accepted-Wait,Queued-Awaiting Assignment,Accepted-In Progress,Accepted-Assigned,Accepted-In Progress,Completed-Closed,,,,,,,,,,,,,,,,,,,,,,
251.0,Accepted-In Progress,Completed-Closed,,,,,,,,,,,,,,,,,,,,,,,,,,,,,,,,,
252.0,Accepted-In Progress,Accepted-Wait,Completed-Closed,,,,,,,,,,,,,,,,,,,,,,,,,,,,,,,,
253.0,Accepted-In Progress,Accepted-In Progress,Accepted-Wait,Completed-Closed,,,,,,,,,,,,,,,,,,,,,,,,,,,,,,,
254.0,Accepted-In Progress,Accepted-In Progress,Accepted-Wait,Queued-Awaiting Assignment,Accepted-Assigned,Accepted-Wait,Completed-Closed,,,,,,,,,,,,,,,,,,,,,,,,,,,,
255.0,Accepted-In Progress,Accepted-Wait,Accepted-Wait,Completed-Closed,,,,,,,,,,,,,,,,,,,,,,,,,,,,,,,
256.0,Accepted-In Progress,Completed-Closed,,,,,,,,,,,,,,,,,,,,,,,,,,,,,,,,,
257.0,Accepted-In Progress,Completed-Closed,,,,,,,,,,,,,,,,,,,,,,,,,,,,,,,,,
258.0,Accepted-In Progress,Completed-Closed,,,,,,,,,,,,,,,,,,,,,,,,,,,,,,,,,
259.0,Accepted-In Progress,Queued-Awaiting Assignment,Accepted-In Progress,Accepted-Assigned,Accepted-In Progress,Completed-Closed,,,,,,,,,,,,,,,,,,,,,,,,,,,,,
260.0,Accepted-In Progress,Queued-Awaiting Assignment,Accepted-In Progress,Accepted-Assigned,Accepted-In Progress,Completed-Closed,,,,,,,,,,,,,,,,,,,,,,,,,,,,,
261.0,Accepted-In Progress,Completed-Closed,,,,,,,,,,,,,,,,,,,,,,,,,,,,,,,,,
262.0,Accepted-In Progress,Accepted-Wait,Accepted-Assigned,Completed-Closed,,,,,,,,,,,,,,,,,,,,,,,,,,,,,,,
263.0,Accepted-In Progress,Queued-Awaiting Assignment,Accepted-In Progress,Accepted-Assigned,Accepted-In Progress,Completed-Closed,,,,,,,,,,,,,,,,,,,,,,,,,,,,,
264.0,Accepted-Wait,Accepted-In Progress,Completed-Closed,,,,,,,,,,,,,,,,,,,,,,,,,,,,,,,,
265.0,Accepted-In Progress,Completed-Closed,,,,,,,,,,,,,,,,,,,,,,,,,,,,,,,,,
266.0,Accepted-In Progress,Queued-Awaiting Assignment,Accepted-In Progress,Accepted-Assigned,Accepted-In Progress,Completed-Closed,,,,,,,,,,,,,,,,,,,,,,,,,,,,,
267.0,Accepted-In Progress,Queued-Awaiting Assignment,Queued-Awaiting Assignment,Accepted-In Progress,Accepted-Wait,Queued-Awaiting Assignment,Accepted-In Progress,Completed-Closed,,,,,,,,,,,,,,,,,,,,,,,,,,,
268.0,Accepted-In Progress,Completed-Closed,,,,,,,,,,,,,,,,,,,,,,,,,,,,,,,,,
269.0,Accepted-In Progress,Completed-Closed,,,,,,,,,,,,,,,,,,,,,,,,,,,,,,,,,
270.0,Accepted-In Progress,Accepted-Wait,Completed-Closed,,,,,,,,,,,,,,,,,,,,,,,,,,,,,,,,
271.0,Accepted-In Progress,Queued-Awaiting Assignment,Accepted-In Progress,Accepted-Assigned,Accepted-In Progress,Completed-Closed,,,,,,,,,,,,,,,,,,,,,,,,,,,,,
272.0,Accepted-In Progress,Completed-Closed,,,,,,,,,,,,,,,,,,,,,,,,,,,,,,,,,
273.0,Accepted-In Progress,Accepted-In Progress,Accepted-Assigned,Accepted-Assigned,Accepted-In Progress,Completed-Closed,,,,,,,,,,,,,,,,,,,,,,,,,,,,,
274.0,Accepted-In Progress,Completed-Closed,,,,,,,,,,,,,,,,,,,,,,,,,,,,,,,,,
275.0,Accepted-In Progress,Accepted-In Progress,Completed-Closed,,,,,,,,,,,,,,,,,,,,,,,,,,,,,,,,
276.0,Accepted-In Progress,Accepted-Wait,Accepted-In Progress,Completed-Closed,,,,,,,,,,,,,,,,,,,,,,,,,,,,,,,
277.0,Accepted-In Progress,Queued-Awaiting Assignment,Accepted-In Progress,Accepted-Assigned,Accepted-In Progress,Completed-Closed,,,,,,,,,,,,,,,,,,,,,,,,,,,,,
278.0,Accepted-In Progress,Accepted-Assigned,Accepted-Assigned,Accepted-In Progress,Accepted-Wait,Completed-Closed,,,,,,,,,,,,,,,,,,,,,,,,,,,,,
279.0,Accepted-In Progress,Queued-Awaiting Assignment,Accepted-In Progress,Completed-Closed,,,,,,,,,,,,,,,,,,,,,,,,,,,,,,,
280.0,Accepted-In Progress,Completed-Closed,,,,,,,,,,,,,,,,,,,,,,,,,,,,,,,,,
281.0,Accepted-In Progress,Queued-Awaiting Assignment,Accepted-In Progress,Accepted-Assigned,Accepted-In Progress,Completed-Closed,,,,,,,,,,,,,,,,,,,,,,,,,,,,,
282.0,Accepted-In Progress,Queued-Awaiting Assignment,Accepted-In Progress,Accepted-Assigned,Accepted-In Progress,Completed-Closed,,,,,,,,,,,,,,,,,,,,,,,,,,,,,
283.0,Accepted-In Progress,Queued-Awaiting Assignment,Accepted-In Progress,Accepted-Assigned,Accepted-In Progress,Completed-Closed,,,,,,,,,,,,,,,,,,,,,,,,,,,,,
284.0,Accepted-In Progress,Accepted-In Progress,Completed-Closed,,,,,,,,,,,,,,,,,,,,,,,,,,,,,,,,
285.0,Accepted-In Progress,Accepted-Assigned,Completed-Closed,,,,,,,,,,,,,,,,,,,,,,,,,,,,,,,,
286.0,Accepted-In Progress,Accepted-In Progress,Accepted-Wait,Completed-Closed,,,,,,,,,,,,,,,,,,,,,,,,,,,,,,,
287.0,Accepted-In Progress,Accepted-In Progress,Completed-Closed,,,,,,,,,,,,,,,,,,,,,,,,,,,,,,,,
288.0,Accepted-In Progress,Accepted-In Progress,Completed-Closed,,,,,,,,,,,,,,,,,,,,,,,,,,,,,,,,
289.0,Accepted-In Progress,Accepted-In Progress,Completed-Closed,,,,,,,,,,,,,,,,,,,,,,,,,,,,,,,,
290.0,Accepted-In Progress,Accepted-Wait,Accepted-In Progress,Completed-Closed,,,,,,,,,,,,,,,,,,,,,,,,,,,,,,,
291.0,Accepted-In Progress,Accepted-In Progress,Completed-Closed,,,,,,,,,,,,,,,,,,,,,,,,,,,,,,,,
292.0,Accepted-In Progress,Accepted-Assigned,Accepted-In Progress,Completed-Closed,,,,,,,,,,,,,,,,,,,,,,,,,,,,,,,
293.0,Accepted-In Progress,Accepted-Assigned,Accepted-Wait,Completed-Closed,,,,,,,,,,,,,,,,,,,,,,,,,,,,,,,
294.0,Accepted-In Progress,Queued-Awaiting Assignment,Accepted-In Progress,Completed-Closed,,,,,,,,,,,,,,,,,,,,,,,,,,,,,,,
295.0,Accepted-In Progress,Accepted-Wait,Accepted-Assigned,Accepted-In Progress,Accepted-In Progress,Accepted-Assigned,Accepted-In Progress,Accepted-Wait,Accepted-In Progress,Accepted-Wait,Completed-Closed,,,,,,,,,,,,,,,,,,,,,,,,
296.0,Accepted-In Progress,Queued-Awaiting Assignment,Accepted-In Progress,Queued-Awaiting Assignment,Accepted-In Progress,Completed-Closed,,,,,,,,,,,,,,,,,,,,,,,,,,,,,
297.0,Accepted-In Progress,Queued-Awaiting Assignment,Queued-Awaiting Assignment,Queued-Awaiting Assignment,Accepted-In Progress,Accepted-In Progress,Accepted-In Progress,Queued-Awaiting Assignment,Accepted-In Progress,Accepted-Assigned,Accepted-In Progress,Accepted-Assigned,Accepted-In Progress,Completed-Closed,,,,,,,,,,,,,,,,,,,,,
298.0,Accepted-In Progress,Accepted-In Progress,Completed-Closed,,,,,,,,,,,,,,,,,,,,,,,,,,,,,,,,
299.0,Accepted-In Progress,Queued-Awaiting Assignment,Accepted-In Progress,Accepted-Assigned,Accepted-In Progress,Completed-Closed,,,,,,,,,,,,,,,,,,,,,,,,,,,,,
300.0,Accepted-In Progress,Queued-Awaiting Assignment,Accepted-In Progress,Accepted-Assigned,Accepted-In Progress,Completed-Closed,,,,,,,,,,,,,,,,,,,,,,,,,,,,,
301.0,Accepted-In Progress,Queued-Awaiting Assignment,Accepted-In Progress,Accepted-Assigned,Queued-Awaiting Assignment,Accepted-Assigned,Accepted-Assigned,Accepted-Wait,Queued-Awaiting Assignment,Accepted-In Progress,Accepted-Assigned,Accepted-In Progress,Completed-Closed,,,,,,,,,,,,,,,,,,,,,,
302.0,Accepted-In Progress,Queued-Awaiting Assignment,Accepted-In Progress,Accepted-Assigned,Accepted-In Progress,Completed-Closed,,,,,,,,,,,,,,,,,,,,,,,,,,,,,
303.0,Accepted-In Progress,Queued-Awaiting Assignment,Accepted-In Progress,Accepted-Assigned,Accepted-In Progress,Completed-Closed,,,,,,,,,,,,,,,,,,,,,,,,,,,,,
304.0,Accepted-In Progress,Queued-Awaiting Assignment,Accepted-In Progress,Accepted-Assigned,Accepted-In Progress,Completed-Closed,,,,,,,,,,,,,,,,,,,,,,,,,,,,,
305.0,Accepted-In Progress,Completed-Closed,,,,,,,,,,,,,,,,,,,,,,,,,,,,,,,,,
306.0,Accepted-In Progress,Accepted-In Progress,Accepted-In Progress,Accepted-Wait,Completed-Closed,,,,,,,,,,,,,,,,,,,,,,,,,,,,,,
307.0,Accepted-In Progress,Accepted-In Progress,Queued-Awaiting Assignment,Accepted-In Progress,Accepted-In Progress,Queued-Awaiting Assignment,Accepted-In Progress,Accepted-Wait,Completed-Closed,,,,,,,,,,,,,,,,,,,,,,,,,,
308.0,Accepted-In Progress,Queued-Awaiting Assignment,Accepted-In Progress,Accepted-Assigned,Queued-Awaiting Assignment,Accepted-Assigned,Accepted-Assigned,Accepted-Wait,Queued-Awaiting Assignment,Accepted-In Progress,Accepted-Assigned,Accepted-In Progress,Completed-Closed,,,,,,,,,,,,,,,,,,,,,,
309.0,Accepted-In Progress,Queued-Awaiting Assignment,Accepted-In Progress,Completed-Closed,,,,,,,,,,,,,,,,,,,,,,,,,,,,,,,
310.0,Accepted-In Progress,Accepted-Wait,Queued-Awaiting Assignment,Accepted-In Progress,Completed-Closed,Accepted-In Progress,Queued-Awaiting Assignment,Accepted-In Progress,Queued-Awaiting Assignment,Accepted-In Progress,Completed-Closed,Accepted-In Progress,Accepted-Wait,Accepted-In Progress,Accepted-Wait,Accepted-In Progress,Accepted-Assigned,Accepted-In Progress,Completed-Closed,,,,,,,,,,,,,,,,
311.0,Accepted-In Progress,Completed-Closed,,,,,,,,,,,,,,,,,,,,,,,,,,,,,,,,,
312.0,Accepted-In Progress,Accepted-Assigned,Completed-Closed,,,,,,,,,,,,,,,,,,,,,,,,,,,,,,,,
313.0,Accepted-In Progress,Queued-Awaiting Assignment,Accepted-In Progress,Accepted-Assigned,Accepted-In Progress,Completed-Closed,,,,,,,,,,,,,,,,,,,,,,,,,,,,,
314.0,Accepted-In Progress,Accepted-Wait,Completed-Closed,,,,,,,,,,,,,,,,,,,,,,,,,,,,,,,,
315.0,Accepted-In Progress,Queued-Awaiting Assignment,Accepted-In Progress,Accepted-Assigned,Accepted-In Progress,Completed-Closed,,,,,,,,,,,,,,,,,,,,,,,,,,,,,
316.0,Accepted-In Progress,Queued-Awaiting Assignment,Accepted-In Progress,Accepted-Assigned,Accepted-In Progress,Completed-Closed,,,,,,,,,,,,,,,,,,,,,,,,,,,,,
317.0,Accepted-In Progress,Completed-Closed,,,,,,,,,,,,,,,,,,,,,,,,,,,,,,,,,
318.0,Accepted-In Progress,Completed-Closed,,,,,,,,,,,,,,,,,,,,,,,,,,,,,,,,,
319.0,Accepted-In Progress,Completed-Closed,,,,,,,,,,,,,,,,,,,,,,,,,,,,,,,,,
320.0,Accepted-In Progress,Queued-Awaiting Assignment,Accepted-In Progress,Accepted-Assigned,Accepted-Wait,Completed-Closed,,,,,,,,,,,,,,,,,,,,,,,,,,,,,
321.0,Accepted-In Progress,Queued-Awaiting Assignment,Accepted-In Progress,Accepted-Assigned,Accepted-In Progress,Completed-Closed,,,,,,,,,,,,,,,,,,,,,,,,,,,,,
322.0,Accepted-In Progress,Queued-Awaiting Assignment,Accepted-In Progress,Accepted-Wait,Accepted-Assigned,Accepted-Wait,Completed-Closed,,,,,,,,,,,,,,,,,,,,,,,,,,,,
323.0,Accepted-In Progress,Accepted-In Progress,Completed-Closed,,,,,,,,,,,,,,,,,,,,,,,,,,,,,,,,
324.0,Accepted-In Progress,Accepted-In Progress,Accepted-In Progress,Completed-Closed,,,,,,,,,,,,,,,,,,,,,,,,,,,,,,,
325.0,Accepted-In Progress,Queued-Awaiting Assignment,Accepted-In Progress,Accepted-Assigned,Accepted-In Progress,Completed-Closed,,,,,,,,,,,,,,,,,,,,,,,,,,,,,
326.0,Accepted-In Progress,Queued-Awaiting Assignment,Accepted-In Progress,Accepted-Assigned,Accepted-In Progress,Completed-Closed,,,,,,,,,,,,,,,,,,,,,,,,,,,,,
327.0,Accepted-In Progress,Queued-Awaiting Assignment,Accepted-In Progress,Accepted-Assigned,Accepted-In Progress,Completed-Closed,,,,,,,,,,,,,,,,,,,,,,,,,,,,,
328.0,Accepted-In Progress,Completed-Closed,,,,,,,,,,,,,,,,,,,,,,,,,,,,,,,,,
329.0,Accepted-In Progress,Accepted-In Progress,Accepted-In Progress,Queued-Awaiting Assignment,Queued-Awaiting Assignment,Accepted-In Progress,Accepted-Assigned,Accepted-Wait,Accepted-Wait,Completed-Closed,,,,,,,,,,,,,,,,,,,,,,,,,
330.0,Accepted-In Progress,Completed-Closed,,,,,,,,,,,,,,,,,,,,,,,,,,,,,,,,,
331.0,Accepted-In Progress,Accepted-Wait,Accepted-Wait,Completed-Closed,,,,,,,,,,,,,,,,,,,,,,,,,,,,,,,
332.0,Accepted-Assigned,Accepted-Assigned,Accepted-Assigned,Accepted-In Progress,Completed-Closed,,,,,,,,,,,,,,,,,,,,,,,,,,,,,,
333.0,Accepted-In Progress,Accepted-In Progress,Accepted-Assigned,Accepted-In Progress,Completed-Closed,,,,,,,,,,,,,,,,,,,,,,,,,,,,,,
334.0,Accepted-In Progress,Accepted-Wait,Accepted-Assigned,Accepted-In Progress,Completed-Closed,,,,,,,,,,,,,,,,,,,,,,,,,,,,,,
335.0,Accepted-In Progress,Accepted-In Progress,Completed-Closed,,,,,,,,,,,,,,,,,,,,,,,,,,,,,,,,
336.0,Accepted-In Progress,Queued-Awaiting Assignment,Accepted-In Progress,Accepted-Assigned,Accepted-In Progress,Completed-Closed,,,,,,,,,,,,,,,,,,,,,,,,,,,,,
337.0,Accepted-In Progress,Completed-Closed,,,,,,,,,,,,,,,,,,,,,,,,,,,,,,,,,
338.0,Accepted-In Progress,Completed-Closed,,,,,,,,,,,,,,,,,,,,,,,,,,,,,,,,,
339.0,Accepted-In Progress,Queued-Awaiting Assignment,Accepted-In Progress,Accepted-Assigned,Accepted-In Progress,Completed-Closed,,,,,,,,,,,,,,,,,,,,,,,,,,,,,
340.0,Accepted-In Progress,Accepted-In Progress,Completed-Closed,,,,,,,,,,,,,,,,,,,,,,,,,,,,,,,,
341.0,Accepted-In Progress,Queued-Awaiting Assignment,Accepted-In Progress,Accepted-Assigned,Accepted-In Progress,Completed-Closed,,,,,,,,,,,,,,,,,,,,,,,,,,,,,
342.0,Accepted-In Progress,Queued-Awaiting Assignment,Accepted-In Progress,Accepted-Assigned,Accepted-In Progress,Completed-Closed,,,,,,,,,,,,,,,,,,,,,,,,,,,,,
343.0,Accepted-In Progress,Accepted-In Progress,Completed-Closed,,,,,,,,,,,,,,,,,,,,,,,,,,,,,,,,
344.0,Accepted-In Progress,Accepted-Wait,Completed-Closed,,,,,,,,,,,,,,,,,,,,,,,,,,,,,,,,
345.0,Accepted-In Progress,Accepted-Wait,Completed-Closed,,,,,,,,,,,,,,,,,,,,,,,,,,,,,,,,
346.0,Accepted-In Progress,Queued-Awaiting Assignment,Accepted-In Progress,Accepted-Wait,,,,,,,,,,,,,,,,,,,,,,,,,,,,,,,
347.0,Accepted-In Progress,Accepted-Assigned,Accepted-Assigned,Accepted-In Progress,Completed-Closed,,,,,,,,,,,,,,,,,,,,,,,,,,,,,,
348.0,Accepted-In Progress,Accepted-Wait,Accepted-In Progress,Completed-Closed,,,,,,,,,,,,,,,,,,,,,,,,,,,,,,,
349.0,Accepted-In Progress,Accepted-In Progress,Completed-Closed,,,,,,,,,,,,,,,,,,,,,,,,,,,,,,,,
350.0,Accepted-In Progress,Accepted-In Progress,Completed-Closed,,,,,,,,,,,,,,,,,,,,,,,,,,,,,,,,
351.0,Accepted-In Progress,Accepted-In Progress,Completed-Closed,,,,,,,,,,,,,,,,,,,,,,,,,,,,,,,,
352.0,Accepted-Wait,Queued-Awaiting Assignment,Accepted-In Progress,Accepted-In Progress,Completed-Closed,,,,,,,,,,,,,,,,,,,,,,,,,,,,,,
353.0,Accepted-In Progress,Queued-Awaiting Assignment,Accepted-In Progress,Accepted-Assigned,Queued-Awaiting Assignment,Accepted-Assigned,Queued-Awaiting Assignment,Accepted-In Progress,Accepted-Assigned,Accepted-In Progress,Completed-Closed,,,,,,,,,,,,,,,,,,,,,,,,
354.0,Accepted-In Progress,Queued-Awaiting Assignment,Accepted-In Progress,Accepted-Assigned,Accepted-In Progress,Completed-Closed,,,,,,,,,,,,,,,,,,,,,,,,,,,,,
355.0,Accepted-In Progress,Queued-Awaiting Assignment,Accepted-In Progress,Accepted-Assigned,Accepted-In Progress,Queued-Awaiting Assignment,Accepted-Assigned,Accepted-In Progress,Queued-Awaiting Assignment,Accepted-In Progress,Accepted-Assigned,,Completed-Closed,,,,,,,,,,,,,,,,,,,,,,
356.0,Accepted-In Progress,Accepted-Wait,Completed-Closed,,,,,,,,,,,,,,,,,,,,,,,,,,,,,,,,
357.0,Accepted-In Progress,Accepted-Wait,Queued-Awaiting Assignment,Accepted-In Progress,Accepted-In Progress,Accepted-Assigned,Accepted-Assigned,Accepted-In Progress,Completed-Closed,,,,,,,,,,,,,,,,,,,,,,,,,,
358.0,Accepted-In Progress,Accepted-Wait,Accepted-In Progress,Completed-Closed,,,,,,,,,,,,,,,,,,,,,,,,,,,,,,,
359.0,Accepted-In Progress,Queued-Awaiting Assignment,Accepted-In Progress,Accepted-Assigned,Accepted-In Progress,Completed-Closed,,,,,,,,,,,,,,,,,,,,,,,,,,,,,
360.0,Accepted-In Progress,Accepted-In Progress,Completed-Closed,,,,,,,,,,,,,,,,,,,,,,,,,,,,,,,,
361.0,Accepted-In Progress,Accepted-In Progress,Completed-Closed,,,,,,,,,,,,,,,,,,,,,,,,,,,,,,,,
362.0,Accepted-In Progress,Queued-Awaiting Assignment,Accepted-In Progress,Accepted-Assigned,Accepted-In Progress,Completed-Closed,,,,,,,,,,,,,,,,,,,,,,,,,,,,,
363.0,Accepted-In Progress,Queued-Awaiting Assignment,Accepted-In Progress,Accepted-Assigned,Accepted-In Progress,Completed-Closed,,,,,,,,,,,,,,,,,,,,,,,,,,,,,
364.0,Accepted-In Progress,Accepted-In Progress,Accepted-Assigned,Accepted-In Progress,Completed-Closed,,,,,,,,,,,,,,,,,,,,,,,,,,,,,,
365.0,Accepted-In Progress,Accepted-Assigned,Accepted-Assigned,Accepted-Wait,Completed-Closed,,,,,,,,,,,,,,,,,,,,,,,,,,,,,,
366.0,Accepted-In Progress,Accepted-In Progress,Completed-Closed,,,,,,,,,,,,,,,,,,,,,,,,,,,,,,,,
367.0,Accepted-In Progress,Accepted-Wait,Accepted-In Progress,Queued-Awaiting Assignment,Accepted-In Progress,Queued-Awaiting Assignment,Accepted-In Progress,Queued-Awaiting Assignment,Accepted-In Progress,Queued-Awaiting Assignment,Accepted-In Progress,Accepted-Assigned,Accepted-In Progress,Completed-Closed,,,,,,,,,,,,,,,,,,,,,
368.0,Accepted-In Progress,Queued-Awaiting Assignment,Accepted-In Progress,Accepted-Assigned,Accepted-In Progress,Completed-Closed,,,,,,,,,,,,,,,,,,,,,,,,,,,,,
369.0,Accepted-In Progress,Completed-Closed,,,,,,,,,,,,,,,,,,,,,,,,,,,,,,,,,
370.0,Accepted-In Progress,Accepted-Wait,Accepted-Wait,Accepted-In Progress,Completed-Closed,,,,,,,,,,,,,,,,,,,,,,,,,,,,,,
371.0,Accepted-In Progress,Accepted-Wait,Completed-Closed,,,,,,,,,,,,,,,,,,,,,,,,,,,,,,,,
372.0,Accepted-In Progress,Completed-Closed,,,,,,,,,,,,,,,,,,,,,,,,,,,,,,,,,
373.0,Accepted-In Progress,Completed-Closed,,,,,,,,,,,,,,,,,,,,,,,,,,,,,,,,,
374.0,Accepted-In Progress,Completed-Closed,,,,,,,,,,,,,,,,,,,,,,,,,,,,,,,,,
375.0,Accepted-In Progress,Completed-Closed,,,,,,,,,,,,,,,,,,,,,,,,,,,,,,,,,
376.0,Accepted-In Progress,Completed-Closed,,,,,,,,,,,,,,,,,,,,,,,,,,,,,,,,,
,Accepted-In Progress,Completed-Closed,,,,,,,,,,,,,,,,,,,,,,,,,,,,,,,,,
378.0,Accepted-In Progress,Completed-Closed,,,,,,,,,,,,,,,,,,,,,,,,,,,,,,,,,
379.0,Accepted-In Progress,Completed-Closed,,,,,,,,,,,,,,,,,,,,,,,,,,,,,,,,,
380.0,Accepted-In Progress,Queued-Awaiting Assignment,Accepted-In Progress,Accepted-Assigned,Queued-Awaiting Assignment,Accepted-Assigned,Accepted-In Progress,Queued-Awaiting Assignment,Queued-Awaiting Assignment,Accepted-In Progress,Accepted-Assigned,Accepted-In Progress,Completed-Closed,,,,,,,,,,,,,,,,,,,,,,
381.0,Accepted-In Progress,Completed-Closed,,,,,,,,,,,,,,,,,,,,,,,,,,,,,,,,,
382.0,Accepted-In Progress,Queued-Awaiting Assignment,Accepted-Assigned,Queued-Awaiting Assignment,Accepted-Assigned,Accepted-In Progress,Completed-Closed,,,,,,,,,,,,,,,,,,,,,,,,,,,,
383.0,Queued-Awaiting Assignment,Accepted-In Progress,Completed-Closed,,,,,,,,,,,,,,,,,,,,,,,,,,,,,,,,
384.0,Accepted-In Progress,Queued-Awaiting Assignment,Accepted-In Progress,Accepted-Wait,Completed-Closed,,,,,,,,,,,,,,,,,,,,,,,,,,,,,,
385.0,Accepted-In Progress,Completed-Closed,,,,,,,,,,,,,,,,,,,,,,,,,,,,,,,,,
386.0,Accepted-In Progress,Queued-Awaiting Assignment,Accepted-In Progress,Completed-Closed,,,,,,,,,,,,,,,,,,,,,,,,,,,,,,,
387.0,Accepted-In Progress,Accepted-Assigned,Accepted-Assigned,Accepted-Assigned,Accepted-In Progress,Accepted-In Progress,Completed-Closed,,,,,,,,,,,,,,,,,,,,,,,,,,,,
388.0,Accepted-In Progress,Completed-Closed,,,,,,,,,,,,,,,,,,,,,,,,,,,,,,,,,
389.0,Accepted-Assigned,Queued-Awaiting Assignment,Accepted-In Progress,Accepted-Assigned,Accepted-In Progress,Completed-Closed,,,,,,,,,,,,,,,,,,,,,,,,,,,,,
390.0,Accepted-In Progress,Accepted-Wait,Accepted-Wait,Completed-Closed,,,,,,,,,,,,,,,,,,,,,,,,,,,,,,,
391.0,Accepted-In Progress,Queued-Awaiting Assignment,Accepted-Assigned,Accepted-In Progress,Completed-Closed,,,,,,,,,,,,,,,,,,,,,,,,,,,,,,
392.0,Accepted-In Progress,Completed-Closed,,,,,,,,,,,,,,,,,,,,,,,,,,,,,,,,,
393.0,Accepted-In Progress,Accepted-Assigned,Completed-Closed,,,,,,,,,,,,,,,,,,,,,,,,,,,,,,,,
394.0,Accepted-In Progress,Queued-Awaiting Assignment,Accepted-In Progress,Accepted-Assigned,Accepted-In Progress,Completed-Closed,,,,,,,,,,,,,,,,,,,,,,,,,,,,,
395.0,Accepted-In Progress,Accepted-Wait,Accepted-In Progress,Completed-Closed,,,,,,,,,,,,,,,,,,,,,,,,,,,,,,,
396.0,Accepted-In Progress,Accepted-Wait,Completed-Closed,,,,,,,,,,,,,,,,,,,,,,,,,,,,,,,,
397.0,Accepted-In Progress,Queued-Awaiting Assignment,Accepted-In Progress,Accepted-Assigned,Accepted-In Progress,Completed-Closed,,,,,,,,,,,,,,,,,,,,,,,,,,,,,
398.0,Accepted-In Progress,Accepted-Wait,Completed-Closed,,,,,,,,,,,,,,,,,,,,,,,,,,,,,,,,
399.0,Accepted-In Progress,Accepted-Wait,Accepted-In Progress,Completed-Closed,,,,,,,,,,,,,,,,,,,,,,,,,,,,,,,
400.0,Accepted-In Progress,Accepted-Wait,Accepted-Wait,Accepted-Assigned,Accepted-Wait,Completed-Closed,,,,,,,,,,,,,,,,,,,,,,,,,,,,,
401.0,Accepted-In Progress,Accepted-Wait,Accepted-Assigned,Accepted-Wait,Completed-Closed,,,,,,,,,,,,,,,,,,,,,,,,,,,,,,
402.0,Accepted-In Progress,Accepted-Wait,Accepted-Assigned,Accepted-Wait,Completed-Closed,,,,,,,,,,,,,,,,,,,,,,,,,,,,,,
403.0,Accepted-In Progress,Queued-Awaiting Assignment,Queued-Awaiting Assignment,Accepted-In Progress,Accepted-Assigned,Accepted-In Progress,Accepted-Assigned,Accepted-Wait,Accepted-Assigned,Accepted-Wait,Completed-Closed,,,,,,,,,,,,,,,,,,,,,,,,
404.0,Accepted-In Progress,Queued-Awaiting Assignment,Accepted-In Progress,Accepted-Assigned,Accepted-In Progress,Completed-Closed,,,,,,,,,,,,,,,,,,,,,,,,,,,,,
405.0,Accepted-In Progress,Queued-Awaiting Assignment,Accepted-In Progress,Accepted-Assigned,Accepted-In Progress,Completed-Closed,,,,,,,,,,,,,,,,,,,,,,,,,,,,,
406.0,Accepted-In Progress,Queued-Awaiting Assignment,Accepted-Assigned,Accepted-In Progress,Completed-Closed,,,,,,,,,,,,,,,,,,,,,,,,,,,,,,
407.0,Accepted-In Progress,Queued-Awaiting Assignment,Accepted-In Progress,Accepted-Assigned,Accepted-In Progress,Completed-Closed,,,,,,,,,,,,,,,,,,,,,,,,,,,,,
408.0,Accepted-Wait,Accepted-Assigned,Accepted-In Progress,Completed-Closed,,,,,,,,,,,,,,,,,,,,,,,,,,,,,,,
409.0,Accepted-In Progress,Queued-Awaiting Assignment,Accepted-In Progress,Accepted-Assigned,Accepted-In Progress,Completed-Closed,,,,,,,,,,,,,,,,,,,,,,,,,,,,,
410.0,Accepted-In Progress,Queued-Awaiting Assignment,Accepted-In Progress,Accepted-Assigned,Accepted-In Progress,Completed-Closed,,,,,,,,,,,,,,,,,,,,,,,,,,,,,
411.0,Accepted-In Progress,Queued-Awaiting Assignment,Accepted-In Progress,Accepted-Assigned,Accepted-In Progress,Completed-Closed,,,,,,,,,,,,,,,,,,,,,,,,,,,,,
412.0,Accepted-In Progress,Queued-Awaiting Assignment,Accepted-In Progress,Accepted-Assigned,Accepted-In Progress,Completed-Closed,,,,,,,,,,,,,,,,,,,,,,,,,,,,,
413.0,Accepted-In Progress,Accepted-In Progress,Accepted-Assigned,Accepted-In Progress,Accepted-In Progress,Accepted-Wait,Completed-Closed,,,,,,,,,,,,,,,,,,,,,,,,,,,,
414.0,Accepted-In Progress,Accepted-In Progress,Queued-Awaiting Assignment,Accepted-In Progress,Accepted-Assigned,Accepted-Assigned,Accepted-Wait,Accepted-In Progress,Completed-Closed,,,,,,,,,,,,,,,,,,,,,,,,,,
415.0,Accepted-In Progress,Queued-Awaiting Assignment,Queued-Awaiting Assignment,Accepted-In Progress,Completed-Closed,,,,,,,,,,,,,,,,,,,,,,,,,,,,,,
416.0,Accepted-In Progress,Accepted-In Progress,Queued-Awaiting Assignment,Accepted-Assigned,Accepted-Assigned,Accepted-In Progress,Queued-Awaiting Assignment,Accepted-Assigned,Accepted-In Progress,Completed-Closed,,,,,,,,,,,,,,,,,,,,,,,,,
417.0,Accepted-In Progress,Queued-Awaiting Assignment,Accepted-In Progress,Accepted-Assigned,Accepted-In Progress,Accepted-Wait,Accepted-In Progress,Completed-Closed,,,,,,,,,,,,,,,,,,,,,,,,,,,
418.0,Accepted-In Progress,Accepted-Assigned,Accepted-In Progress,Accepted-In Progress,Completed-Closed,,,,,,,,,,,,,,,,,,,,,,,,,,,,,,
419.0,Accepted-In Progress,Accepted-Assigned,Accepted-Wait,Accepted-Wait,Accepted-Assigned,Accepted-In Progress,Completed-Closed,,,,,,,,,,,,,,,,,,,,,,,,,,,,
420.0,Accepted-In Progress,Accepted-Assigned,Accepted-Assigned,Accepted-In Progress,Accepted-In Progress,Accepted-Assigned,Accepted-In Progress,Accepted-Wait,Completed-Closed,,,,,,,,,,,,,,,,,,,,,,,,,,
421.0,Accepted-In Progress,Accepted-Wait,Completed-Closed,,,,,,,,,,,,,,,,,,,,,,,,,,,,,,,,
422.0,Accepted-In Progress,Accepted-Wait,Completed-Closed,,,,,,,,,,,,,,,,,,,,,,,,,,,,,,,,
423.0,Accepted-In Progress,Queued-Awaiting Assignment,Accepted-In Progress,Accepted-In Progress,Completed-Closed,,,,,,,,,,,,,,,,,,,,,,,,,,,,,,
424.0,Accepted-In Progress,Accepted-Wait,Completed-Closed,,,,,,,,,,,,,,,,,,,,,,,,,,,,,,,,
425.0,Accepted-In Progress,Queued-Awaiting Assignment,Accepted-In Progress,Accepted-Assigned,Queued-Awaiting Assignment,Accepted-Assigned,Accepted-In Progress,Accepted-Wait,Queued-Awaiting Assignment,Accepted-In Progress,Completed-Closed,,,,,,,,,,,,,,,,,,,,,,,,
426.0,Accepted-In Progress,Accepted-Assigned,Accepted-In Progress,Accepted-In Progress,Completed-Closed,,,,,,,,,,,,,,,,,,,,,,,,,,,,,,
427.0,Accepted-In Progress,Queued-Awaiting Assignment,Accepted-In Progress,Queued-Awaiting Assignment,Accepted-Assigned,Accepted-In Progress,Completed-Closed,,,,,,,,,,,,,,,,,,,,,,,,,,,,
428.0,Accepted-In Progress,Accepted-Wait,Accepted-Assigned,Accepted-Wait,Completed-Closed,,,,,,,,,,,,,,,,,,,,,,,,,,,,,,
429.0,Accepted-In Progress,Completed-Closed,,,,,,,,,,,,,,,,,,,,,,,,,,,,,,,,,
430.0,Accepted-In Progress,Completed-Closed,,,,,,,,,,,,,,,,,,,,,,,,,,,,,,,,,
431.0,Accepted-In Progress,Accepted-In Progress,Queued-Awaiting Assignment,Accepted-In Progress,Queued-Awaiting Assignment,Accepted-In Progress,Accepted-Wait,Completed-Closed,,,,,,,,,,,,,,,,,,,,,,,,,,,
432.0,Accepted-In Progress,Completed-Closed,,,,,,,,,,,,,,,,,,,,,,,,,,,,,,,,,
433.0,Accepted-In Progress,Accepted-Assigned,Accepted-Assigned,Accepted-Wait,Completed-Closed,,,,,,,,,,,,,,,,,,,,,,,,,,,,,,
434.0,,Completed-Closed,,,,,,,,,,,,,,,,,,,,,,,,,,,,,,,,,
435.0,Accepted-In Progress,Completed-Closed,,,,,,,,,,,,,,,,,,,,,,,,,,,,,,,,,
436.0,Accepted-In Progress,Completed-Closed,,,,,,,,,,,,,,,,,,,,,,,,,,,,,,,,,
437.0,Accepted-In Progress,Completed-Closed,,,,,,,,,,,,,,,,,,,,,,,,,,,,,,,,,
438.0,Accepted-In Progress,Queued-Awaiting Assignment,Accepted-In Progress,Accepted-Wait,Completed-Closed,,,,,,,,,,,,,,,,,,,,,,,,,,,,,,
439.0,Accepted-In Progress,Queued-Awaiting Assignment,Queued-Awaiting Assignment,Accepted-In Progress,Accepted-Wait,Accepted-Assigned,Accepted-In Progress,Completed-Closed,,,,,,,,,,,,,,,,,,,,,,,,,,,
440.0,Accepted-In Progress,Accepted-Wait,Accepted-Assigned,Accepted-In Progress,Completed-Closed,,,,,,,,,,,,,,,,,,,,,,,,,,,,,,
441.0,Accepted-In Progress,Accepted-Wait,Accepted-Wait,Accepted-In Progress,Completed-Closed,,,,,,,,,,,,,,,,,,,,,,,,,,,,,,
442.0,Accepted-In Progress,Completed-Closed,,,,,,,,,,,,,,,,,,,,,,,,,,,,,,,,,
443.0,Accepted-In Progress,Completed-Closed,Accepted-In Progress,Accepted-In Progress,Completed-Closed,,,,,,,,,,,,,,,,,,,,,,,,,,,,,,
444.0,Accepted-In Progress,Queued-Awaiting Assignment,Accepted-In Progress,Accepted-Assigned,Accepted-In Progress,Completed-Closed,,,,,,,,,,,,,,,,,,,,,,,,,,,,,
445.0,Accepted-In Progress,Completed-Closed,,,,,,,,,,,,,,,,,,,,,,,,,,,,,,,,,
446.0,Accepted-In Progress,Accepted-Wait,Completed-Closed,,,,,,,,,,,,,,,,,,,,,,,,,,,,,,,,
447.0,Accepted-In Progress,Accepted-In Progress,Queued-Awaiting Assignment,Accepted-In Progress,Accepted-Wait,Completed-Closed,,,,,,,,,,,,,,,,,,,,,,,,,,,,,
448.0,Accepted-In Progress,Queued-Awaiting Assignment,Accepted-In Progress,Queued-Awaiting Assignment,Accepted-In Progress,Accepted-Wait,Accepted-In Progress,Accepted-In Progress,Accepted-In Progress,Accepted-In Progress,Accepted-In Progress,Queued-Awaiting Assignment,Accepted-In Progress,Accepted-Wait,Completed-Closed,,,,,,,,,,,,,,,,,,,,
449.0,Accepted-In Progress,Queued-Awaiting Assignment,Accepted-In Progress,Accepted-Assigned,Accepted-In Progress,Completed-Closed,,,,,,,,,,,,,,,,,,,,,,,,,,,,,
450.0,Accepted-In Progress,Queued-Awaiting Assignment,Accepted-In Progress,Accepted-Assigned,Accepted-In Progress,Completed-Closed,,,,,,,,,,,,,,,,,,,,,,,,,,,,,
451.0,Accepted-In Progress,Queued-Awaiting Assignment,Accepted-In Progress,Accepted-Wait,Accepted-Assigned,Accepted-Wait,Accepted-In Progress,Completed-Closed,,,,,,,,,,,,,,,,,,,,,,,,,,,
452.0,Accepted-In Progress,Accepted-In Progress,Completed-Closed,,,,,,,,,,,,,,,,,,,,,,,,,,,,,,,,
453.0,Accepted-In Progress,Completed-Closed,,,,,,,,,,,,,,,,,,,,,,,,,,,,,,,,,
454.0,Accepted-In Progress,Queued-Awaiting Assignment,Accepted-In Progress,Accepted-Assigned,Accepted-In Progress,Completed-Closed,,,,,,,,,,,,,,,,,,,,,,,,,,,,,
455.0,Accepted-In Progress,Queued-Awaiting Assignment,Accepted-In Progress,Accepted-Assigned,Accepted-In Progress,Completed-Closed,,,,,,,,,,,,,,,,,,,,,,,,,,,,,
456.0,Queued-Awaiting Assignment,Queued-Awaiting Assignment,Accepted-Assigned,Completed-Closed,,,,,,,,,,,,,,,,,,,,,,,,,,,,,,,
457.0,Accepted-In Progress,Accepted-Assigned,Accepted-Wait,Completed-Closed,,,,,,,,,,,,,,,,,,,,,,,,,,,,,,,
458.0,Accepted-In Progress,Accepted-In Progress,Completed-Closed,,,,,,,,,,,,,,,,,,,,,,,,,,,,,,,,
459.0,Accepted-In Progress,Accepted-In Progress,Completed-Closed,,,,,,,,,,,,,,,,,,,,,,,,,,,,,,,,
460.0,Accepted-In Progress,Queued-Awaiting Assignment,Accepted-In Progress,Accepted-In Progress,Queued-Awaiting Assignment,Accepted-In Progress,Queued-Awaiting Assignment,Accepted-In Progress,Queued-Awaiting Assignment,Accepted-In Progress,Accepted-Wait,Completed-Closed,,,,,,,,,,,,,,,,,,,,,,,
461.0,Accepted-In Progress,Accepted-Assigned,Accepted-In Progress,Accepted-Wait,Accepted-In Progress,Completed-Closed,,,,,,,,,,,,,,,,,,,,,,,,,,,,,
462.0,Accepted-In Progress,Queued-Awaiting Assignment,Accepted-In Progress,Accepted-Assigned,Accepted-In Progress,Completed-Closed,,,,,,,,,,,,,,,,,,,,,,,,,,,,,
463.0,Accepted-In Progress,Queued-Awaiting Assignment,Accepted-In Progress,Accepted-Wait,Completed-Closed,,,,,,,,,,,,,,,,,,,,,,,,,,,,,,
464.0,Accepted-In Progress,Queued-Awaiting Assignment,Accepted-In Progress,Accepted-Assigned,Accepted-In Progress,Completed-Closed,,,,,,,,,,,,,,,,,,,,,,,,,,,,,
465.0,Accepted-In Progress,Accepted-Wait,Accepted-In Progress,Completed-Closed,,,,,,,,,,,,,,,,,,,,,,,,,,,,,,,
466.0,Accepted-In Progress,Queued-Awaiting Assignment,Accepted-In Progress,Accepted-Assigned,Accepted-In Progress,Completed-Closed,,,,,,,,,,,,,,,,,,,,,,,,,,,,,
467.0,Accepted-In Progress,Completed-Closed,,,,,,,,,,,,,,,,,,,,,,,,,,,,,,,,,
468.0,Accepted-In Progress,Completed-Closed,,,,,,,,,,,,,,,,,,,,,,,,,,,,,,,,,
469.0,Accepted-In Progress,Accepted-Wait,Accepted-Assigned,Accepted-Wait,Accepted-Assigned,Accepted-Wait,Completed-Closed,,,,,,,,,,,,,,,,,,,,,,,,,,,,
470.0,Accepted-In Progress,Accepted-In Progress,Completed-Closed,,,,,,,,,,,,,,,,,,,,,,,,,,,,,,,,
471.0,Accepted-In Progress,Queued-Awaiting Assignment,Accepted-In Progress,Completed-Closed,,,,,,,,,,,,,,,,,,,,,,,,,,,,,,,
472.0,Accepted-In Progress,Queued-Awaiting Assignment,Accepted-In Progress,Completed-Closed,,,,,,,,,,,,,,,,,,,,,,,,,,,,,,,
473.0,Accepted-In Progress,Completed-Closed,,,,,,,,,,,,,,,,,,,,,,,,,,,,,,,,,
474.0,Accepted-In Progress,Queued-Awaiting Assignment,Accepted-In Progress,Accepted-Assigned,Accepted-In Progress,Completed-Closed,,,,,,,,,,,,,,,,,,,,,,,,,,,,,
475.0,Accepted-In Progress,Queued-Awaiting Assignment,Accepted-In Progress,Accepted-Assigned,Accepted-In Progress,Completed-Closed,,,,,,,,,,,,,,,,,,,,,,,,,,,,,
476.0,Accepted-In Progress,Accepted-Wait,Completed-Closed,,,,,,,,,,,,,,,,,,,,,,,,,,,,,,,,
477.0,Accepted-In Progress,Completed-Closed,,,,,,,,,,,,,,,,,,,,,,,,,,,,,,,,,
478.0,Accepted-In Progress,Accepted-Wait,Completed-Closed,,,,,,,,,,,,,,,,,,,,,,,,,,,,,,,,
479.0,Accepted-In Progress,,Accepted-In Progress,Accepted-Assigned,Accepted-In Progress,Completed-Closed,,,,,,,,,,,,,,,,,,,,,,,,,,,,,
480.0,Accepted-In Progress,Completed-Closed,,,,,,,,,,,,,,,,,,,,,,,,,,,,,,,,,
481.0,Accepted-In Progress,Accepted-In Progress,Completed-Closed,,,,,,,,,,,,,,,,,,,,,,,,,,,,,,,,
482.0,Accepted-In Progress,Queued-Awaiting Assignment,Accepted-In Progress,Accepted-Assigned,Accepted-In Progress,Completed-Closed,,,,,,,,,,,,,,,,,,,,,,,,,,,,,
483.0,Accepted-In Progress,Queued-Awaiting Assignment,Accepted-In Progress,Queued-Awaiting Assignment,Accepted-In Progress,Accepted-In Progress,Accepted-In Progress,Completed-Closed,,,,,,,,,,,,,,,,,,,,,,,,,,,
484.0,Accepted-In Progress,Queued-Awaiting Assignment,Queued-Awaiting Assignment,Queued-Awaiting Assignment,Accepted-In Progress,Completed-Closed,,,,,,,,,,,,,,,,,,,,,,,,,,,,,
485.0,Accepted-In Progress,Queued-Awaiting Assignment,Accepted-In Progress,Accepted-Assigned,Accepted-In Progress,Completed-Closed,,,,,,,,,,,,,,,,,,,,,,,,,,,,,
486.0,Accepted-In Progress,Accepted-Wait,Accepted-In Progress,Accepted-In Progress,Completed-Closed,,,,,,,,,,,,,,,,,,,,,,,,,,,,,,
487.0,Accepted-In Progress,Queued-Awaiting Assignment,Accepted-In Progress,Completed-Closed,,,,,,,,,,,,,,,,,,,,,,,,,,,,,,,
488.0,Accepted-In Progress,Accepted-Assigned,Accepted-In Progress,Accepted-In Progress,Completed-Closed,,,,,,,,,,,,,,,,,,,,,,,,,,,,,,
489.0,Accepted-In Progress,Accepted-Wait,Completed-Closed,,,,,,,,,,,,,,,,,,,,,,,,,,,,,,,,
490.0,Accepted-In Progress,Completed-Closed,,,,,,,,,,,,,,,,,,,,,,,,,,,,,,,,,
491.0,Accepted-In Progress,Queued-Awaiting Assignment,Accepted-In Progress,Accepted-Wait,Completed-Closed,,,,,,,,,,,,,,,,,,,,,,,,,,,,,,
492.0,Accepted-In Progress,Accepted-In Progress,Queued-Awaiting Assignment,Accepted-Assigned,Accepted-In Progress,Accepted-Wait,Completed-Closed,,,,,,,,,,,,,,,,,,,,,,,,,,,,
493.0,Accepted-In Progress,Queued-Awaiting Assignment,Accepted-In Progress,Accepted-Assigned,Accepted-In Progress,Completed-Closed,,,,,,,,,,,,,,,,,,,,,,,,,,,,,
494.0,Accepted-In Progress,Queued-Awaiting Assignment,Accepted-In Progress,Accepted-Assigned,Accepted-In Progress,Completed-Closed,,,,,,,,,,,,,,,,,,,,,,,,,,,,,
495.0,Accepted-In Progress,Accepted-In Progress,Accepted-Assigned,Accepted-In Progress,Accepted-Assigned,Accepted-Assigned,Accepted-Assigned,Accepted-In Progress,Completed-Closed,,,,,,,,,,,,,,,,,,,,,,,,,,
496.0,Accepted-In Progress,Queued-Awaiting Assignment,Accepted-In Progress,Completed-Closed,,,,,,,,,,,,,,,,,,,,,,,,,,,,,,,
497.0,Accepted-In Progress,Completed-Closed,,,,,,,,,,,,,,,,,,,,,,,,,,,,,,,,,
498.0,Accepted-In Progress,Queued-Awaiting Assignment,Accepted-In Progress,Completed-Closed,,,,,,,,,,,,,,,,,,,,,,,,,,,,,,,
499.0,Accepted-In Progress,Queued-Awaiting Assignment,Accepted-In Progress,Accepted-Assigned,Accepted-In Progress,Completed-Closed,,,,,,,,,,,,,,,,,,,,,,,,,,,,,
500.0,Accepted-In Progress,Queued-Awaiting Assignment,Accepted-In Progress,Accepted-Assigned,Accepted-In Progress,Completed-Closed,,,,,,,,,,,,,,,,,,,,,,,,,,,,,
501.0,Accepted-In Progress,Accepted-Assigned,Accepted-Assigned,Accepted-Assigned,Accepted-Assigned,Accepted-Assigned,Accepted-In Progress,Completed-Closed,,,,,,,,,,,,,,,,,,,,,,,,,,,
502.0,Accepted-In Progress,Queued-Awaiting Assignment,Accepted-In Progress,Accepted-Assigned,Accepted-In Progress,Completed-Closed,,,,,,,,,,,,,,,,,,,,,,,,,,,,,
503.0,Accepted-In Progress,Queued-Awaiting Assignment,Accepted-In Progress,Queued-Awaiting Assignment,Accepted-In Progress,Accepted-Assigned,Queued-Awaiting Assignment,Accepted-In Progress,Accepted-In Progress,Completed-Closed,,,,,,,,,,,,,,,,,,,,,,,,,
504.0,Accepted-In Progress,Accepted-Assigned,Accepted-In Progress,Completed-Closed,,,,,,,,,,,,,,,,,,,,,,,,,,,,,,,
505.0,Accepted-In Progress,Completed-Cancelled,Accepted-In Progress,Accepted-Assigned,Completed-Closed,,,,,,,,,,,,,,,,,,,,,,,,,,,,,,
506.0,Accepted-In Progress,Accepted-In Progress,Accepted-In Progress,Completed-Closed,,,,,,,,,,,,,,,,,,,,,,,,,,,,,,,
507.0,Accepted-In Progress,Accepted-In Progress,Accepted-In Progress,Completed-Closed,,,,,,,,,,,,,,,,,,,,,,,,,,,,,,,
508.0,Accepted-In Progress,Accepted-In Progress,Completed-Closed,,,,,,,,,,,,,,,,,,,,,,,,,,,,,,,,
509.0,Accepted-In Progress,Queued-Awaiting Assignment,Queued-Awaiting Assignment,Accepted-Assigned,Accepted-Wait,Accepted-In Progress,Completed-Closed,,,,,,,,,,,,,,,,,,,,,,,,,,,,
510.0,Accepted-In Progress,Accepted-In Progress,Completed-Closed,,,,,,,,,,,,,,,,,,,,,,,,,,,,,,,,
511.0,Accepted-In Progress,Completed-Closed,,,,,,,,,,,,,,,,,,,,,,,,,,,,,,,,,
512.0,Accepted-In Progress,Completed-Closed,,,,,,,,,,,,,,,,,,,,,,,,,,,,,,,,,
513.0,Accepted-In Progress,Queued-Awaiting Assignment,Queued-Awaiting Assignment,Queued-Awaiting Assignment,Queued-Awaiting Assignment,Accepted-Assigned,Accepted-In Progress,Queued-Awaiting Assignment,Queued-Awaiting Assignment,Queued-Awaiting Assignment,Accepted-In Progress,Accepted-Wait,Accepted-Wait,Completed-Closed,,,,,,,,,,,,,,,,,,,,,
514.0,Accepted-In Progress,Queued-Awaiting Assignment,Accepted-In Progress,Accepted-Assigned,Accepted-In Progress,Completed-Closed,,,,,,,,,,,,,,,,,,,,,,,,,,,,,
515.0,Accepted-In Progress,Queued-Awaiting Assignment,Accepted-In Progress,Completed-Closed,,,,,,,,,,,,,,,,,,,,,,,,,,,,,,,
516.0,Accepted-In Progress,Queued-Awaiting Assignment,Accepted-In Progress,Accepted-Assigned,Accepted-In Progress,Completed-Closed,,,,,,,,,,,,,,,,,,,,,,,,,,,,,
517.0,Accepted-In Progress,,Accepted-In Progress,Accepted-Assigned,Accepted-In Progress,Completed-Closed,,,,,,,,,,,,,,,,,,,,,,,,,,,,,
518.0,Accepted-In Progress,Accepted-In Progress,Completed-Closed,,,,,,,,,,,,,,,,,,,,,,,,,,,,,,,,
519.0,Queued-Awaiting Assignment,Accepted-In Progress,Queued-Awaiting Assignment,Accepted-In Progress,Accepted-Wait,Accepted-In Progress,Accepted-Wait,Accepted-In Progress,Completed-Closed,,,,,,,,,,,,,,,,,,,,,,,,,,
520.0,Accepted-In Progress,Accepted-Assigned,Completed-Closed,,,,,,,,,,,,,,,,,,,,,,,,,,,,,,,,
521.0,Accepted-In Progress,Queued-Awaiting Assignment,Queued-Awaiting Assignment,Queued-Awaiting Assignment,Queued-Awaiting Assignment,Queued-Awaiting Assignment,Accepted-Assigned,Accepted-In Progress,Queued-Awaiting Assignment,Accepted-In Progress,Accepted-In Progress,Completed-Closed,,,,,,,,,,,,,,,,,,,,,,,
522.0,Accepted-In Progress,Queued-Awaiting Assignment,Accepted-In Progress,Queued-Awaiting Assignment,Queued-Awaiting Assignment,Accepted-In Progress,Completed-Closed,,,,,,,,,,,,,,,,,,,,,,,,,,,,
523.0,Accepted-In Progress,Completed-Closed,,,,,,,,,,,,,,,,,,,,,,,,,,,,,,,,,
524.0,Accepted-In Progress,Completed-Closed,,,,,,,,,,,,,,,,,,,,,,,,,,,,,,,,,
525.0,Accepted-In Progress,Accepted-In Progress,Queued-Awaiting Assignment,Accepted-In Progress,Completed-Closed,,,,,,,,,,,,,,,,,,,,,,,,,,,,,,
526.0,Accepted-In Progress,Queued-Awaiting Assignment,Accepted-In Progress,Completed-Closed,,,,,,,,,,,,,,,,,,,,,,,,,,,,,,,
527.0,Accepted-In Progress,,Queued-Awaiting Assignment,Accepted-Assigned,Accepted-Assigned,Accepted-In Progress,Completed-Closed,,,,,,,,,,,,,,,,,,,,,,,,,,,,
528.0,Accepted-In Progress,Completed-Closed,,,,,,,,,,,,,,,,,,,,,,,,,,,,,,,,,
529.0,Accepted-In Progress,Queued-Awaiting Assignment,Accepted-In Progress,Accepted-Assigned,Accepted-In Progress,Completed-Closed,,,,,,,,,,,,,,,,,,,,,,,,,,,,,
530.0,Accepted-In Progress,Accepted-Wait,Completed-Closed,,,,,,,,,,,,,,,,,,,,,,,,,,,,,,,,
531.0,Accepted-In Progress,Queued-Awaiting Assignment,Accepted-In Progress,Accepted-Assigned,Accepted-In Progress,Completed-Closed,,,,,,,,,,,,,,,,,,,,,,,,,,,,,
532.0,Accepted-In Progress,Accepted-Wait,Completed-Closed,,,,,,,,,,,,,,,,,,,,,,,,,,,,,,,,
533.0,Accepted-In Progress,Queued-Awaiting Assignment,Accepted-In Progress,Accepted-Assigned,Accepted-In Progress,Completed-Closed,,,,,,,,,,,,,,,,,,,,,,,,,,,,,
534.0,Accepted-In Progress,Queued-Awaiting Assignment,Accepted-In Progress,Accepted-Wait,Queued-Awaiting Assignment,Accepted-Assigned,Queued-Awaiting Assignment,Accepted-In Progress,Accepted-Wait,Accepted-Assigned,Accepted-Wait,Queued-Awaiting Assignment,Accepted-In Progress,Accepted-Wait,Completed-Closed,,,,,,,,,,,,,,,,,,,,
535.0,Accepted-In Progress,Queued-Awaiting Assignment,Queued-Awaiting Assignment,Accepted-Assigned,Accepted-In Progress,Completed-Closed,,,,,,,,,,,,,,,,,,,,,,,,,,,,,
536.0,Accepted-In Progress,Accepted-Wait,Completed-Closed,,,,,,,,,,,,,,,,,,,,,,,,,,,,,,,,
537.0,Accepted-In Progress,Completed-Closed,,,,,,,,,,,,,,,,,,,,,,,,,,,,,,,,,
538.0,Accepted-In Progress,Accepted-Assigned,Accepted-In Progress,Completed-Closed,,,,,,,,,,,,,,,,,,,,,,,,,,,,,,,
539.0,Accepted-In Progress,Completed-Closed,,,,,,,,,,,,,,,,,,,,,,,,,,,,,,,,,
540.0,Accepted-In Progress,Queued-Awaiting Assignment,Accepted-In Progress,Accepted-Assigned,Accepted-In Progress,Completed-Closed,,,,,,,,,,,,,,,,,,,,,,,,,,,,,
541.0,Accepted-In Progress,Queued-Awaiting Assignment,Accepted-In Progress,Accepted-Assigned,Accepted-In Progress,Completed-Closed,,,,,,,,,,,,,,,,,,,,,,,,,,,,,
542.0,Accepted-In Progress,Queued-Awaiting Assignment,Accepted-In Progress,Queued-Awaiting Assignment,Accepted-In Progress,Accepted-In Progress,Accepted-In Progress,Completed-Closed,,,,,,,,,,,,,,,,,,,,,,,,,,,
543.0,Accepted-In Progress,Completed-Closed,,,,,,,,,,,,,,,,,,,,,,,,,,,,,,,,,
544.0,Accepted-In Progress,,,,,,,,,,,,,,,,,,,,,,,,,,,,,,,,,,
545.0,Accepted-In Progress,Completed-Closed,,,,,,,,,,,,,,,,,,,,,,,,,,,,,,,,,
546.0,Accepted-In Progress,Queued-Awaiting Assignment,Accepted-Assigned,Accepted-In Progress,Completed-Closed,,,,,,,,,,,,,,,,,,,,,,,,,,,,,,
547.0,Accepted-In Progress,Queued-Awaiting Assignment,Accepted-In Progress,Queued-Awaiting Assignment,Accepted-In Progress,Accepted-Wait,Queued-Awaiting Assignment,Accepted-In Progress,Queued-Awaiting Assignment,Accepted-In Progress,Completed-Closed,Accepted-In Progress,Accepted-In Progress,Accepted-In Progress,Completed-Closed,,,,,,,,,,,,,,,,,,,,
548.0,Accepted-In Progress,Completed-Closed,,,,,,,,,,,,,,,,,,,,,,,,,,,,,,,,,
549.0,Accepted-In Progress,Accepted-In Progress,Completed-Closed,,,,,,,,,,,,,,,,,,,,,,,,,,,,,,,,
550.0,Accepted-In Progress,Queued-Awaiting Assignment,Accepted-In Progress,Accepted-Assigned,Accepted-In Progress,Completed-Closed,,,,,,,,,,,,,,,,,,,,,,,,,,,,,
551.0,Accepted-In Progress,Completed-Closed,,,,,,,,,,,,,,,,,,,,,,,,,,,,,,,,,
552.0,Accepted-In Progress,Accepted-In Progress,Completed-Closed,,,,,,,,,,,,,,,,,,,,,,,,,,,,,,,,
553.0,Accepted-In Progress,Accepted-Wait,Completed-Closed,,,,,,,,,,,,,,,,,,,,,,,,,,,,,,,,
554.0,Accepted-In Progress,Accepted-Assigned,Accepted-In Progress,Accepted-Wait,Completed-Closed,,,,,,,,,,,,,,,,,,,,,,,,,,,,,,
555.0,Accepted-In Progress,Completed-Closed,,,,,,,,,,,,,,,,,,,,,,,,,,,,,,,,,
556.0,Accepted-In Progress,Accepted-Wait,Completed-Closed,,,,,,,,,,,,,,,,,,,,,,,,,,,,,,,,
557.0,Accepted-In Progress,Accepted-Assigned,Accepted-In Progress,Accepted-Wait,Completed-Closed,,,,,,,,,,,,,,,,,,,,,,,,,,,,,,
558.0,Accepted-In Progress,Completed-Closed,,,,,,,,,,,,,,,,,,,,,,,,,,,,,,,,,
559.0,Accepted-In Progress,Accepted-Wait,Queued-Awaiting Assignment,Accepted-In Progress,Completed-Closed,,,,,,,,,,,,,,,,,,,,,,,,,,,,,,
560.0,Accepted-In Progress,Accepted-In Progress,Accepted-In Progress,Accepted-In Progress,Completed-Closed,,,,,,,,,,,,,,,,,,,,,,,,,,,,,,
561.0,Accepted-In Progress,Accepted-Assigned,Accepted-Assigned,Accepted-Wait,Accepted-In Progress,Completed-Closed,,,,,,,,,,,,,,,,,,,,,,,,,,,,,
562.0,Accepted-In Progress,Accepted-In Progress,Completed-Closed,,,,,,,,,,,,,,,,,,,,,,,,,,,,,,,,
563.0,Accepted-In Progress,Accepted-Wait,Completed-Closed,Accepted-In Progress,Queued-Awaiting Assignment,Queued-Awaiting Assignment,Accepted-In Progress,Accepted-In Progress,Accepted-Assigned,Queued-Awaiting Assignment,Queued-Awaiting Assignment,Accepted-In Progress,Completed-Closed,,,,,,,,,,,,,,,,,,,,,,
564.0,Accepted-In Progress,Queued-Awaiting Assignment,Accepted-In Progress,Accepted-Wait,Accepted-Assigned,Accepted-In Progress,Completed-Closed,,,,,,,,,,,,,,,,,,,,,,,,,,,,
565.0,Accepted-In Progress,Completed-Closed,,,,,,,,,,,,,,,,,,,,,,,,,,,,,,,,,
566.0,Accepted-In Progress,Completed-Closed,,,,,,,,,,,,,,,,,,,,,,,,,,,,,,,,,
567.0,Accepted-In Progress,Queued-Awaiting Assignment,Accepted-In Progress,Accepted-Wait,Accepted-In Progress,Accepted-Assigned,Accepted-In Progress,Completed-Closed,,,,,,,,,,,,,,,,,,,,,,,,,,,
568.0,Accepted-In Progress,Queued-Awaiting Assignment,Accepted-Assigned,Accepted-In Progress,Accepted-Wait,Completed-Closed,,,,,,,,,,,,,,,,,,,,,,,,,,,,,
569.0,Accepted-In Progress,Completed-Closed,,,,,,,,,,,,,,,,,,,,,,,,,,,,,,,,,
570.0,Accepted-In Progress,Completed-Closed,,,,,,,,,,,,,,,,,,,,,,,,,,,,,,,,,
571.0,Accepted-In Progress,Completed-Closed,,,,,,,,,,,,,,,,,,,,,,,,,,,,,,,,,
572.0,Accepted-In Progress,Completed-Closed,,,,,,,,,,,,,,,,,,,,,,,,,,,,,,,,,
573.0,Accepted-In Progress,Completed-Closed,,,,,,,,,,,,,,,,,,,,,,,,,,,,,,,,,
574.0,Accepted-In Progress,Accepted-Wait,Completed-Closed,,,,,,,,,,,,,,,,,,,,,,,,,,,,,,,,
575.0,Accepted-In Progress,Queued-Awaiting Assignment,Queued-Awaiting Assignment,Accepted-In Progress,Accepted-Wait,Completed-Closed,,,,,,,,,,,,,,,,,,,,,,,,,,,,,
576.0,Accepted-In Progress,Completed-Closed,,,,,,,,,,,,,,,,,,,,,,,,,,,,,,,,,
577.0,Accepted-In Progress,Accepted-In Progress,Queued-Awaiting Assignment,Accepted-In Progress,Accepted-Assigned,Accepted-In Progress,Completed-Closed,,,,,,,,,,,,,,,,,,,,,,,,,,,,
578.0,Accepted-In Progress,Completed-Closed,,,,,,,,,,,,,,,,,,,,,,,,,,,,,,,,,
579.0,Accepted-In Progress,Completed-Closed,,,,,,,,,,,,,,,,,,,,,,,,,,,,,,,,,
580.0,Accepted-In Progress,Completed-Closed,Accepted-In Progress,Queued-Awaiting Assignment,Accepted-In Progress,Completed-Closed,,,,,,,,,,,,,,,,,,,,,,,,,,,,,
581.0,Queued-Awaiting Assignment,Accepted-In Progress,Queued-Awaiting Assignment,Accepted-In Progress,Accepted-In Progress,Completed-Closed,,,,,,,,,,,,,,,,,,,,,,,,,,,,,
582.0,Queued-Awaiting Assignment,Accepted-In Progress,Completed-Closed,Accepted-In Progress,Completed-Closed,,,,,,,,,,,,,,,,,,,,,,,,,,,,,,
583.0,Accepted-In Progress,Completed-Closed,,,,,,,,,,,,,,,,,,,,,,,,,,,,,,,,,
584.0,Accepted-In Progress,Completed-Closed,,,,,,,,,,,,,,,,,,,,,,,,,,,,,,,,,
585.0,Accepted-In Progress,Queued-Awaiting Assignment,Accepted-In Progress,Accepted-Assigned,Accepted-In Progress,Completed-Closed,,,,,,,,,,,,,,,,,,,,,,,,,,,,,
586.0,Accepted-In Progress,Queued-Awaiting Assignment,Accepted-In Progress,Completed-Closed,,,,,,,,,,,,,,,,,,,,,,,,,,,,,,,
587.0,Accepted-In Progress,Queued-Awaiting Assignment,Accepted-In Progress,Completed-Closed,,,,,,,,,,,,,,,,,,,,,,,,,,,,,,,
588.0,Accepted-In Progress,Completed-Closed,,,,,,,,,,,,,,,,,,,,,,,,,,,,,,,,,
589.0,Accepted-In Progress,Accepted-Wait,Accepted-In Progress,Accepted-Wait,Accepted-In Progress,Completed-Closed,,,,,,,,,,,,,,,,,,,,,,,,,,,,,
590.0,Accepted-In Progress,Completed-Closed,,,,,,,,,,,,,,,,,,,,,,,,,,,,,,,,,
591.0,Accepted-In Progress,Completed-Closed,,,,,,,,,,,,,,,,,,,,,,,,,,,,,,,,,
592.0,Accepted-In Progress,Queued-Awaiting Assignment,Accepted-In Progress,Completed-Closed,,,,,,,,,,,,,,,,,,,,,,,,,,,,,,,
593.0,Accepted-In Progress,Accepted-Wait,Accepted-In Progress,Completed-Closed,,,,,,,,,,,,,,,,,,,,,,,,,,,,,,,
594.0,Accepted-In Progress,Accepted-Assigned,Accepted-In Progress,Completed-Closed,,,,,,,,,,,,,,,,,,,,,,,,,,,,,,,
595.0,Accepted-In Progress,Completed-Closed,,,,,,,,,,,,,,,,,,,,,,,,,,,,,,,,,
596.0,Accepted-In Progress,Completed-Closed,,,,,,,,,,,,,,,,,,,,,,,,,,,,,,,,,
597.0,Accepted-Wait,Accepted-In Progress,Accepted-Wait,Queued-Awaiting Assignment,Queued-Awaiting Assignment,Accepted-In Progress,Completed-Closed,,,,,,,,,,,,,,,,,,,,,,,,,,,,
598.0,Accepted-Wait,Accepted-Assigned,Accepted-In Progress,Completed-Closed,,,,,,,,,,,,,,,,,,,,,,,,,,,,,,,
599.0,Accepted-In Progress,Completed-Closed,,,,,,,,,,,,,,,,,,,,,,,,,,,,,,,,,
600.0,Accepted-In Progress,Completed-Closed,,,,,,,,,,,,,,,,,,,,,,,,,,,,,,,,,
601.0,Accepted-In Progress,Completed-Closed,,,,,,,,,,,,,,,,,,,,,,,,,,,,,,,,,
602.0,Queued-Awaiting Assignment,Accepted-In Progress,Completed-Closed,Accepted-In Progress,Completed-Closed,,,,,,,,,,,,,,,,,,,,,,,,,,,,,,
603.0,Accepted-Wait,Completed-Closed,,,,,,,,,,,,,,,,,,,,,,,,,,,,,,,,,
604.0,Accepted-In Progress,Accepted-In Progress,Accepted-Assigned,Accepted-In Progress,Completed-Closed,,,,,,,,,,,,,,,,,,,,,,,,,,,,,,
605.0,Accepted-In Progress,Accepted-Assigned,Accepted-In Progress,Completed-Closed,,,,,,,,,,,,,,,,,,,,,,,,,,,,,,,
606.0,Accepted-In Progress,Completed-Closed,,,,,,,,,,,,,,,,,,,,,,,,,,,,,,,,,
607.0,Accepted-In Progress,Accepted-Assigned,Accepted-In Progress,Accepted-In Progress,Completed-Closed,,,,,,,,,,,,,,,,,,,,,,,,,,,,,,
608.0,Accepted-In Progress,Queued-Awaiting Assignment,Accepted-In Progress,Accepted-Wait,Completed-Closed,,,,,,,,,,,,,,,,,,,,,,,,,,,,,,
609.0,Accepted-In Progress,Queued-Awaiting Assignment,Accepted-In Progress,Accepted-In Progress,Accepted-Wait,Completed-Closed,,,,,,,,,,,,,,,,,,,,,,,,,,,,,
610.0,Accepted-In Progress,Accepted-In Progress,Completed-Closed,,,,,,,,,,,,,,,,,,,,,,,,,,,,,,,,
611.0,Queued-Awaiting Assignment,Accepted-In Progress,Completed-Closed,,,,,,,,,,,,,,,,,,,,,,,,,,,,,,,,
612.0,Accepted-In Progress,Completed-Closed,,,,,,,,,,,,,,,,,,,,,,,,,,,,,,,,,
613.0,Accepted-In Progress,Accepted-In Progress,Accepted-In Progress,Accepted-Wait,Queued-Awaiting Assignment,Accepted-In Progress,Completed-Closed,,,,,,,,,,,,,,,,,,,,,,,,,,,,
614.0,Accepted-In Progress,Accepted-In Progress,Accepted-In Progress,Completed-Closed,,,,,,,,,,,,,,,,,,,,,,,,,,,,,,,
615.0,Accepted-In Progress,Accepted-In Progress,Accepted-In Progress,Accepted-Wait,Completed-Closed,,,,,,,,,,,,,,,,,,,,,,,,,,,,,,
616.0,Accepted-In Progress,Completed-Closed,,,,,,,,,,,,,,,,,,,,,,,,,,,,,,,,,
617.0,Accepted-In Progress,Queued-Awaiting Assignment,Accepted-In Progress,Completed-Closed,,,,,,,,,,,,,,,,,,,,,,,,,,,,,,,
618.0,Accepted-In Progress,Accepted-In Progress,Completed-Closed,,,,,,,,,,,,,,,,,,,,,,,,,,,,,,,,
619.0,Accepted-In Progress,Queued-Awaiting Assignment,Accepted-In Progress,Queued-Awaiting Assignment,Accepted-In Progress,Completed-Closed,,,,,,,,,,,,,,,,,,,,,,,,,,,,,
620.0,Accepted-In Progress,Queued-Awaiting Assignment,Accepted-In Progress,Accepted-Assigned,Accepted-Wait,Completed-Closed,,,,,,,,,,,,,,,,,,,,,,,,,,,,,
621.0,Accepted-In Progress,Queued-Awaiting Assignment,Accepted-In Progress,Accepted-Assigned,Completed-Closed,,,,,,,,,,,,,,,,,,,,,,,,,,,,,,
622.0,Accepted-In Progress,Completed-Closed,,,,,,,,,,,,,,,,,,,,,,,,,,,,,,,,,
623.0,Accepted-In Progress,Accepted-Assigned,Accepted-In Progress,Completed-Closed,,,,,,,,,,,,,,,,,,,,,,,,,,,,,,,
624.0,Accepted-In Progress,Queued-Awaiting Assignment,Accepted-In Progress,Completed-Closed,,,,,,,,,,,,,,,,,,,,,,,,,,,,,,,
625.0,Queued-Awaiting Assignment,Accepted-Assigned,Accepted-In Progress,Completed-Closed,,,,,,,,,,,,,,,,,,,,,,,,,,,,,,,
626.0,Accepted-In Progress,Accepted-Assigned,Accepted-In Progress,Completed-Closed,,,,,,,,,,,,,,,,,,,,,,,,,,,,,,,
627.0,Accepted-In Progress,Queued-Awaiting Assignment,Accepted-In Progress,Queued-Awaiting Assignment,Queued-Awaiting Assignment,Accepted-In Progress,Accepted-In Progress,Queued-Awaiting Assignment,Accepted-Assigned,Queued-Awaiting Assignment,Accepted-In Progress,Accepted-In Progress,Queued-Awaiting Assignment,Accepted-In Progress,Completed-Closed,,,,,,,,,,,,,,,,,,,,
628.0,Accepted-In Progress,Queued-Awaiting Assignment,Accepted-In Progress,Completed-Closed,,,,,,,,,,,,,,,,,,,,,,,,,,,,,,,
629.0,Accepted-In Progress,Completed-Closed,,,,,,,,,,,,,,,,,,,,,,,,,,,,,,,,,
630.0,Accepted-In Progress,Accepted-Assigned,Accepted-In Progress,Completed-Closed,,,,,,,,,,,,,,,,,,,,,,,,,,,,,,,
631.0,Accepted-In Progress,Queued-Awaiting Assignment,Accepted-In Progress,Queued-Awaiting Assignment,Accepted-In Progress,Completed-Closed,,,,,,,,,,,,,,,,,,,,,,,,,,,,,
632.0,Accepted-In Progress,Completed-Closed,,,,,,,,,,,,,,,,,,,,,,,,,,,,,,,,,
633.0,Accepted-In Progress,Completed-Closed,,,,,,,,,,,,,,,,,,,,,,,,,,,,,,,,,
634.0,Accepted-In Progress,Accepted-In Progress,Accepted-Assigned,Accepted-In Progress,Completed-Closed,,,,,,,,,,,,,,,,,,,,,,,,,,,,,,
635.0,Accepted-In Progress,Accepted-Wait,Accepted-In Progress,Completed-Closed,,,,,,,,,,,,,,,,,,,,,,,,,,,,,,,
636.0,Accepted-In Progress,Accepted-Wait,Accepted-In Progress,Completed-Closed,,,,,,,,,,,,,,,,,,,,,,,,,,,,,,,
637.0,Accepted-Wait,Queued-Awaiting Assignment,Accepted-In Progress,Accepted-Wait,Completed-Closed,,,,,,,,,,,,,,,,,,,,,,,,,,,,,,
638.0,Accepted-Wait,Completed-Closed,,,,,,,,,,,,,,,,,,,,,,,,,,,,,,,,,
639.0,Accepted-Wait,Accepted-In Progress,Completed-Closed,,,,,,,,,,,,,,,,,,,,,,,,,,,,,,,,
640.0,Accepted-Wait,Completed-Closed,,,,,,,,,,,,,,,,,,,,,,,,,,,,,,,,,
641.0,Accepted-In Progress,Accepted-Wait,Completed-Closed,,,,,,,,,,,,,,,,,,,,,,,,,,,,,,,,
642.0,Accepted-Wait,Completed-Closed,,,,,,,,,,,,,,,,,,,,,,,,,,,,,,,,,
643.0,Accepted-In Progress,Queued-Awaiting Assignment,Accepted-In Progress,Queued-Awaiting Assignment,Accepted-In Progress,Accepted-Wait,Accepted-In Progress,Queued-Awaiting Assignment,Accepted-In Progress,Accepted-Assigned,Accepted-In Progress,Completed-Closed,Accepted-In Progress,Queued-Awaiting Assignment,Accepted-In Progress,Accepted-Assigned,Queued-Awaiting Assignment,Accepted-In Progress,Completed-Closed,,,,,,,,,,,,,,,,
644.0,Accepted-In Progress,Accepted-Wait,Accepted-Assigned,Accepted-Assigned,Accepted-Wait,Completed-Closed,,,,,,,,,,,,,,,,,,,,,,,,,,,,,
645.0,Accepted-In Progress,Completed-Closed,,,,,,,,,,,,,,,,,,,,,,,,,,,,,,,,,
646.0,Accepted-In Progress,Completed-Closed,,,,,,,,,,,,,,,,,,,,,,,,,,,,,,,,,
647.0,Accepted-In Progress,Completed-Closed,,,,,,,,,,,,,,,,,,,,,,,,,,,,,,,,,
648.0,Accepted-In Progress,Completed-Closed,,,,,,,,,,,,,,,,,,,,,,,,,,,,,,,,,
649.0,Accepted-In Progress,Completed-Closed,,,,,,,,,,,,,,,,,,,,,,,,,,,,,,,,,
650.0,Accepted-In Progress,Completed-Closed,,,,,,,,,,,,,,,,,,,,,,,,,,,,,,,,,
651.0,Accepted-In Progress,Accepted-Wait,Completed-Closed,,,,,,,,,,,,,,,,,,,,,,,,,,,,,,,,
652.0,Accepted-In Progress,Queued-Awaiting Assignment,Accepted-In Progress,Queued-Awaiting Assignment,Accepted-In Progress,Accepted-In Progress,Completed-Closed,,,,,,,,,,,,,,,,,,,,,,,,,,,,
653.0,Accepted-In Progress,Completed-Closed,,,,,,,,,,,,,,,,,,,,,,,,,,,,,,,,,
654.0,Accepted-In Progress,Queued-Awaiting Assignment,Accepted-In Progress,Queued-Awaiting Assignment,Accepted-In Progress,Queued-Awaiting Assignment,Accepted-In Progress,Completed-Closed,,,,,,,,,,,,,,,,,,,,,,,,,,,
655.0,Accepted-Assigned,Accepted-In Progress,Completed-Closed,,,,,,,,,,,,,,,,,,,,,,,,,,,,,,,,
656.0,Accepted-In Progress,Accepted-Wait,Completed-Closed,,,,,,,,,,,,,,,,,,,,,,,,,,,,,,,,
657.0,Accepted-In Progress,Accepted-Assigned,Accepted-Wait,Accepted-Assigned,Accepted-In Progress,Accepted-Wait,Completed-Closed,,,,,,,,,,,,,,,,,,,,,,,,,,,,
658.0,Accepted-In Progress,Completed-Closed,,,,,,,,,,,,,,,,,,,,,,,,,,,,,,,,,
659.0,Accepted-In Progress,Accepted-Wait,Completed-Closed,,,,,,,,,,,,,,,,,,,,,,,,,,,,,,,,
660.0,Accepted-In Progress,Queued-Awaiting Assignment,Queued-Awaiting Assignment,Queued-Awaiting Assignment,Accepted-In Progress,Accepted-Wait,Completed-Closed,,,,,,,,,,,,,,,,,,,,,,,,,,,,
661.0,Accepted-In Progress,Accepted-Wait,Completed-Closed,,,,,,,,,,,,,,,,,,,,,,,,,,,,,,,,
662.0,Accepted-In Progress,Queued-Awaiting Assignment,Accepted-In Progress,Accepted-In Progress,Completed-Closed,,,,,,,,,,,,,,,,,,,,,,,,,,,,,,
663.0,Accepted-In Progress,Queued-Awaiting Assignment,Accepted-In Progress,Completed-Closed,,,,,,,,,,,,,,,,,,,,,,,,,,,,,,,
664.0,Accepted-In Progress,Accepted-In Progress,Accepted-In Progress,Accepted-Assigned,Accepted-In Progress,Completed-Closed,,,,,,,,,,,,,,,,,,,,,,,,,,,,,
665.0,Accepted-In Progress,Accepted-In Progress,Queued-Awaiting Assignment,Accepted-In Progress,Completed-Closed,,,,,,,,,,,,,,,,,,,,,,,,,,,,,,
666.0,Accepted-In Progress,Accepted-Wait,Completed-Closed,,,,,,,,,,,,,,,,,,,,,,,,,,,,,,,,
667.0,Accepted-In Progress,Completed-Closed,,,,,,,,,,,,,,,,,,,,,,,,,,,,,,,,,
668.0,Accepted-Wait,Completed-Closed,,,,,,,,,,,,,,,,,,,,,,,,,,,,,,,,,
669.0,Accepted-In Progress,Queued-Awaiting Assignment,Accepted-In Progress,Completed-Closed,,,,,,,,,,,,,,,,,,,,,,,,,,,,,,,
670.0,Queued-Awaiting Assignment,Queued-Awaiting Assignment,Accepted-In Progress,Accepted-Wait,Accepted-In Progress,Completed-Closed,,,,,,,,,,,,,,,,,,,,,,,,,,,,,
671.0,Accepted-In Progress,Accepted-Wait,Accepted-In Progress,Completed-Closed,,,,,,,,,,,,,,,,,,,,,,,,,,,,,,,
672.0,Accepted-In Progress,Queued-Awaiting Assignment,Accepted-In Progress,Completed-Closed,,,,,,,,,,,,,,,,,,,,,,,,,,,,,,,
673.0,Accepted-In Progress,Accepted-Assigned,Accepted-In Progress,Completed-Closed,,,,,,,,,,,,,,,,,,,,,,,,,,,,,,,
674.0,Accepted-In Progress,Accepted-Wait,Completed-Closed,,,,,,,,,,,,,,,,,,,,,,,,,,,,,,,,
,Accepted-In Progress,Completed-Closed,,,,,,,,,,,,,,,,,,,,,,,,,,,,,,,,,
676.0,Accepted-In Progress,Completed-Closed,,,,,,,,,,,,,,,,,,,,,,,,,,,,,,,,,
677.0,Accepted-In Progress,Accepted-Wait,Completed-Closed,,,,,,,,,,,,,,,,,,,,,,,,,,,,,,,,
678.0,Accepted-In Progress,Accepted-In Progress,Accepted-Wait,Completed-Closed,,,,,,,,,,,,,,,,,,,,,,,,,,,,,,,
679.0,Accepted-In Progress,Completed-Closed,,,,,,,,,,,,,,,,,,,,,,,,,,,,,,,,,
680.0,Accepted-In Progress,Accepted-Wait,Accepted-In Progress,Completed-Closed,,,,,,,,,,,,,,,,,,,,,,,,,,,,,,,
681.0,Accepted-In Progress,Queued-Awaiting Assignment,Accepted-In Progress,Queued-Awaiting Assignment,Accepted-In Progress,Accepted-Wait,Completed-Closed,,,,,,,,,,,,,,,,,,,,,,,,,,,,
682.0,Accepted-In Progress,Accepted-Wait,Accepted-In Progress,Completed-Closed,,,,,,,,,,,,,,,,,,,,,,,,,,,,,,,
683.0,Accepted-In Progress,Accepted-In Progress,Accepted-Wait,Queued-Awaiting Assignment,Accepted-In Progress,Queued-Awaiting Assignment,Accepted-In Progress,Completed-Closed,,,,,,,,,,,,,,,,,,,,,,,,,,,
684.0,Accepted-In Progress,Completed-Closed,,,,,,,,,,,,,,,,,,,,,,,,,,,,,,,,,
685.0,Accepted-In Progress,Queued-Awaiting Assignment,Accepted-In Progress,Accepted-Wait,Completed-Closed,,,,,,,,,,,,,,,,,,,,,,,,,,,,,,
686.0,Accepted-In Progress,Completed-Closed,,,,,,,,,,,,,,,,,,,,,,,,,,,,,,,,,
687.0,Accepted-In Progress,Queued-Awaiting Assignment,Accepted-In Progress,Completed-Closed,,,,,,,,,,,,,,,,,,,,,,,,,,,,,,,
688.0,Accepted-In Progress,Queued-Awaiting Assignment,Accepted-In Progress,Completed-Closed,,,,,,,,,,,,,,,,,,,,,,,,,,,,,,,
689.0,Accepted-In Progress,Completed-Closed,,,,,,,,,,,,,,,,,,,,,,,,,,,,,,,,,
690.0,Accepted-In Progress,Completed-Closed,,,,,,,,,,,,,,,,,,,,,,,,,,,,,,,,,
691.0,Accepted-In Progress,Accepted-Wait,Completed-Closed,,,,,,,,,,,,,,,,,,,,,,,,,,,,,,,,
692.0,Accepted-In Progress,Completed-Closed,,,,,,,,,,,,,,,,,,,,,,,,,,,,,,,,,
693.0,Accepted-In Progress,Accepted-Wait,Queued-Awaiting Assignment,Queued-Awaiting Assignment,Accepted-In Progress,Accepted-Wait,Accepted-In Progress,Completed-Closed,,,,,,,,,,,,,,,,,,,,,,,,,,,
694.0,Accepted-In Progress,Accepted-In Progress,Accepted-Wait,Accepted-Assigned,Accepted-In Progress,Accepted-Assigned,Completed-Closed,,,,,,,,,,,,,,,,,,,,,,,,,,,,
,Accepted-In Progress,Completed-Closed,Accepted-In Progress,Completed-Closed,,,,,,,,,,,,,,,,,,,,,,,,,,,,,,,
696.0,Accepted-In Progress,Accepted-Assigned,Accepted-In Progress,Completed-Closed,,,,,,,,,,,,,,,,,,,,,,,,,,,,,,,
697.0,Accepted-In Progress,Queued-Awaiting Assignment,Accepted-In Progress,Queued-Awaiting Assignment,Accepted-In Progress,Completed-Closed,,,,,,,,,,,,,,,,,,,,,,,,,,,,,
698.0,Accepted-In Progress,Queued-Awaiting Assignment,Accepted-In Progress,Queued-Awaiting Assignment,Accepted-In Progress,Accepted-Assigned,Accepted-In Progress,Completed-Closed,,,,,,,,,,,,,,,,,,,,,,,,,,,
699.0,Accepted-In Progress,Completed-Closed,,,,,,,,,,,,,,,,,,,,,,,,,,,,,,,,,
700.0,Accepted-In Progress,Accepted-Wait,Completed-Closed,,,,,,,,,,,,,,,,,,,,,,,,,,,,,,,,
701.0,Accepted-In Progress,Completed-Closed,Accepted-In Progress,Accepted-Wait,Queued-Awaiting Assignment,Accepted-In Progress,Completed-Closed,,,,,,,,,,,,,,,,,,,,,,,,,,,,
702.0,Accepted-In Progress,Accepted-Wait,Completed-Closed,,,,,,,,,,,,,,,,,,,,,,,,,,,,,,,,
703.0,Accepted-In Progress,Accepted-Wait,Queued-Awaiting Assignment,Accepted-Assigned,Accepted-In Progress,Accepted-In Progress,Completed-Closed,,,,,,,,,,,,,,,,,,,,,,,,,,,,
704.0,Accepted-In Progress,Completed-Closed,Accepted-In Progress,Completed-Closed,Accepted-In Progress,Completed-Closed,,,,,,,,,,,,,,,,,,,,,,,,,,,,,
705.0,Accepted-In Progress,Queued-Awaiting Assignment,Accepted-In Progress,Accepted-Wait,Completed-Closed,,,,,,,,,,,,,,,,,,,,,,,,,,,,,,
706.0,Accepted-In Progress,Queued-Awaiting Assignment,Accepted-In Progress,Queued-Awaiting Assignment,Accepted-In Progress,Completed-Closed,,,,,,,,,,,,,,,,,,,,,,,,,,,,,
707.0,Accepted-In Progress,Queued-Awaiting Assignment,Accepted-In Progress,Accepted-Wait,Completed-Closed,,,,,,,,,,,,,,,,,,,,,,,,,,,,,,
708.0,Accepted-In Progress,Queued-Awaiting Assignment,Accepted-Assigned,Accepted-In Progress,Completed-Closed,,,,,,,,,,,,,,,,,,,,,,,,,,,,,,
709.0,Accepted-In Progress,Accepted-Assigned,Accepted-Wait,Completed-Closed,,,,,,,,,,,,,,,,,,,,,,,,,,,,,,,
710.0,Accepted-In Progress,Accepted-Wait,Completed-Closed,,,,,,,,,,,,,,,,,,,,,,,,,,,,,,,,
711.0,Accepted-In Progress,Accepted-In Progress,Completed-Closed,,,,,,,,,,,,,,,,,,,,,,,,,,,,,,,,
712.0,Accepted-In Progress,Accepted-Wait,Accepted-In Progress,Accepted-Wait,Accepted-In Progress,Accepted-Wait,Accepted-In Progress,Accepted-Wait,Accepted-In Progress,Accepted-Wait,Accepted-In Progress,Accepted-Wait,Accepted-In Progress,Accepted-Wait,Accepted-In Progress,Accepted-Wait,Accepted-In Progress,Accepted-Wait,Accepted-In Progress,Accepted-In Progress,Queued-Awaiting Assignment,Accepted-In Progress,Queued-Awaiting Assignment,Accepted-In Progress,Accepted-Wait,Queued-Awaiting Assignment,Accepted-In Progress,Accepted-Wait,Queued-Awaiting Assignment,Queued-Awaiting Assignment,Accepted-In Progress,Queued-Awaiting Assignment,Accepted-In Progress,Accepted-In Progress,Completed-Closed
713.0,Accepted-In Progress,Accepted-Assigned,Accepted-In Progress,Accepted-In Progress,Completed-Closed,,,,,,,,,,,,,,,,,,,,,,,,,,,,,,
714.0,Accepted-In Progress,Completed-Closed,,,,,,,,,,,,,,,,,,,,,,,,,,,,,,,,,
715.0,Accepted-In Progress,Accepted-Assigned,Accepted-In Progress,Accepted-Wait,Accepted-In Progress,Accepted-Assigned,Accepted-In Progress,Completed-Closed,,,,,,,,,,,,,,,,,,,,,,,,,,,
716.0,Accepted-In Progress,Queued-Awaiting Assignment,Accepted-In Progress,Accepted-Wait,Queued-Awaiting Assignment,Accepted-In Progress,Completed-Closed,Accepted-In Progress,Completed-Closed,,,,,,,,,,,,,,,,,,,,,,,,,,
717.0,Accepted-In Progress,Queued-Awaiting Assignment,Accepted-In Progress,Queued-Awaiting Assignment,Accepted-In Progress,Completed-Closed,,,,,,,,,,,,,,,,,,,,,,,,,,,,,
718.0,Accepted-In Progress,Queued-Awaiting Assignment,Accepted-In Progress,Accepted-Assigned,Accepted-In Progress,Accepted-In Progress,Accepted-Assigned,Accepted-In Progress,Completed-Closed,,,,,,,,,,,,,,,,,,,,,,,,,,
719.0,Accepted-In Progress,Queued-Awaiting Assignment,Accepted-In Progress,Accepted-Wait,Accepted-In Progress,Completed-Closed,,,,,,,,,,,,,,,,,,,,,,,,,,,,,
720.0,Accepted-In Progress,Completed-Closed,,,,,,,,,,,,,,,,,,,,,,,,,,,,,,,,,
721.0,Accepted-In Progress,Queued-Awaiting Assignment,Accepted-In Progress,Queued-Awaiting Assignment,Accepted-In Progress,Queued-Awaiting Assignment,Accepted-In Progress,Accepted-Wait,Queued-Awaiting Assignment,Accepted-In Progress,Queued-Awaiting Assignment,Accepted-In Progress,Queued-Awaiting Assignment,Accepted-In Progress,Accepted-Assigned,Accepted-In Progress,Accepted-Wait,Completed-Closed,,,,,,,,,,,,,,,,,
722.0,Queued-Awaiting Assignment,Accepted-In Progress,Queued-Awaiting Assignment,Accepted-In Progress,Accepted-Wait,Accepted-Wait,Completed-Closed,,,,,,,,,,,,,,,,,,,,,,,,,,,,
723.0,Accepted-Assigned,Accepted-In Progress,Completed-Closed,,,,,,,,,,,,,,,,,,,,,,,,,,,,,,,,
724.0,Accepted-In Progress,Accepted-Assigned,Accepted-In Progress,Completed-Closed,,,,,,,,,,,,,,,,,,,,,,,,,,,,,,,
725.0,Accepted-In Progress,Accepted-Wait,Completed-Closed,,,,,,,,,,,,,,,,,,,,,,,,,,,,,,,,
726.0,Accepted-In Progress,Completed-Closed,,,,,,,,,,,,,,,,,,,,,,,,,,,,,,,,,
727.0,Accepted-In Progress,Queued-Awaiting Assignment,Accepted-In Progress,Queued-Awaiting Assignment,Accepted-In Progress,Accepted-In Progress,Queued-Awaiting Assignment,Accepted-In Progress,Accepted-Wait,Completed-Closed,,,,,,,,,,,,,,,,,,,,,,,,,
728.0,Accepted-In Progress,Completed-Closed,Accepted-In Progress,Completed-Closed,,,,,,,,,,,,,,,,,,,,,,,,,,,,,,,
729.0,Queued-Awaiting Assignment,Accepted-In Progress,Queued-Awaiting Assignment,Accepted-In Progress,Accepted-Assigned,Accepted-In Progress,Queued-Awaiting Assignment,Accepted-In Progress,Queued-Awaiting Assignment,Accepted-In Progress,Completed-Closed,,,,,,,,,,,,,,,,,,,,,,,,
730.0,Accepted-In Progress,Completed-Closed,,,,,,,,,,,,,,,,,,,,,,,,,,,,,,,,,
731.0,Accepted-In Progress,Queued-Awaiting Assignment,Accepted-In Progress,Completed-Closed,Accepted-In Progress,Accepted-Assigned,,Accepted-In Progress,Completed-Closed,,,,,,,,,,,,,,,,,,,,,,,,,,
732.0,Accepted-In Progress,Queued-Awaiting Assignment,Queued-Awaiting Assignment,Accepted-In Progress,Queued-Awaiting Assignment,Accepted-In Progress,Completed-Closed,,,,,,,,,,,,,,,,,,,,,,,,,,,,
733.0,Accepted-In Progress,Accepted-In Progress,Completed-Closed,,,,,,,,,,,,,,,,,,,,,,,,,,,,,,,,
734.0,Accepted-In Progress,Accepted-In Progress,Completed-Closed,,,,,,,,,,,,,,,,,,,,,,,,,,,,,,,,
735.0,Accepted-In Progress,Completed-Closed,,,,,,,,,,,,,,,,,,,,,,,,,,,,,,,,,
736.0,Accepted-In Progress,Completed-Closed,,,,,,,,,,,,,,,,,,,,,,,,,,,,,,,,,
737.0,Accepted-In Progress,Completed-Closed,,,,,,,,,,,,,,,,,,,,,,,,,,,,,,,,,
738.0,Accepted-In Progress,Queued-Awaiting Assignment,Accepted-In Progress,Accepted-Wait,Accepted-In Progress,Completed-Closed,,,,,,,,,,,,,,,,,,,,,,,,,,,,,
739.0,Accepted-In Progress,Queued-Awaiting Assignment,Accepted-In Progress,Queued-Awaiting Assignment,Accepted-In Progress,Accepted-Assigned,Completed-Closed,,,,,,,,,,,,,,,,,,,,,,,,,,,,
740.0,Accepted-In Progress,Completed-Closed,,,,,,,,,,,,,,,,,,,,,,,,,,,,,,,,,
741.0,Accepted-In Progress,Accepted-Assigned,Accepted-In Progress,Completed-Closed,,,,,,,,,,,,,,,,,,,,,,,,,,,,,,,
742.0,Accepted-In Progress,Completed-Closed,,,,,,,,,,,,,,,,,,,,,,,,,,,,,,,,,
743.0,Accepted-In Progress,Completed-Closed,,,,,,,,,,,,,,,,,,,,,,,,,,,,,,,,,
744.0,Accepted-In Progress,Completed-Closed,,,,,,,,,,,,,,,,,,,,,,,,,,,,,,,,,
745.0,Accepted-In Progress,Accepted-Assigned,Accepted-In Progress,Accepted-In Progress,Completed-Closed,,,,,,,,,,,,,,,,,,,,,,,,,,,,,,
746.0,,Completed-Closed,,,,,,,,,,,,,,,,,,,,,,,,,,,,,,,,,
747.0,Accepted-In Progress,Completed-Closed,,,,,,,,,,,,,,,,,,,,,,,,,,,,,,,,,
748.0,Accepted-In Progress,Accepted-In Progress,Queued-Awaiting Assignment,Accepted-Assigned,Accepted-Wait,Completed-Closed,,,,,,,,,,,,,,,,,,,,,,,,,,,,,
749.0,Accepted-In Progress,Completed-Closed,Accepted-In Progress,Accepted-In Progress,Completed-Closed,Accepted-In Progress,Completed-Closed,Accepted-In Progress,Completed-Closed,,,,,,,,,,,,,,,,,,,,,,,,,,
750.0,Accepted-In Progress,Completed-Closed,,,,,,,,,,,,,,,,,,,,,,,,,,,,,,,,,
751.0,Accepted-In Progress,Completed-Closed,,,,,,,,,,,,,,,,,,,,,,,,,,,,,,,,,
752.0,Accepted-In Progress,Queued-Awaiting Assignment,Queued-Awaiting Assignment,Accepted-Assigned,Accepted-Assigned,Queued-Awaiting Assignment,Accepted-In Progress,Completed-Closed,,,,,,,,,,,,,,,,,,,,,,,,,,,
753.0,Accepted-In Progress,Completed-Closed,,,,,,,,,,,,,,,,,,,,,,,,,,,,,,,,,
754.0,Accepted-In Progress,Accepted-In Progress,Accepted-In Progress,Queued-Awaiting Assignment,Accepted-In Progress,Queued-Awaiting Assignment,Accepted-In Progress,Accepted-Wait,Accepted-Assigned,Queued-Awaiting Assignment,Accepted-In Progress,Accepted-In Progress,Accepted-Wait,Accepted-In Progress,Queued-Awaiting Assignment,Accepted-In Progress,Completed-Closed,,,,,,,,,,,,,,,,,,
755.0,Accepted-In Progress,Queued-Awaiting Assignment,Accepted-Assigned,Accepted-In Progress,Completed-Closed,,,,,,,,,,,,,,,,,,,,,,,,,,,,,,
756.0,Accepted-In Progress,Accepted-Wait,Completed-Closed,,,,,,,,,,,,,,,,,,,,,,,,,,,,,,,,
757.0,Accepted-In Progress,Queued-Awaiting Assignment,Accepted-In Progress,Accepted-Wait,Completed-Closed,,,,,,,,,,,,,,,,,,,,,,,,,,,,,,
758.0,Accepted-In Progress,Accepted-Wait,Completed-Closed,,,,,,,,,,,,,,,,,,,,,,,,,,,,,,,,
759.0,Accepted-In Progress,Completed-Closed,,,,,,,,,,,,,,,,,,,,,,,,,,,,,,,,,
760.0,Accepted-In Progress,Accepted-Wait,Accepted-In Progress,Completed-Closed,,,,,,,,,,,,,,,,,,,,,,,,,,,,,,,
761.0,Accepted-In Progress,Accepted-Wait,Accepted-In Progress,Completed-Closed,,,,,,,,,,,,,,,,,,,,,,,,,,,,,,,
762.0,Accepted-In Progress,Accepted-Assigned,Accepted-In Progress,Completed-Closed,,,,,,,,,,,,,,,,,,,,,,,,,,,,,,,
763.0,Accepted-In Progress,Completed-Closed,,,,,,,,,,,,,,,,,,,,,,,,,,,,,,,,,
764.0,Accepted-In Progress,Accepted-In Progress,Completed-Closed,,,,,,,,,,,,,,,,,,,,,,,,,,,,,,,,
765.0,Accepted-In Progress,Accepted-Wait,Completed-Closed,,,,,,,,,,,,,,,,,,,,,,,,,,,,,,,,
766.0,Accepted-In Progress,Accepted-In Progress,Completed-Closed,,,,,,,,,,,,,,,,,,,,,,,,,,,,,,,,
767.0,Accepted-In Progress,Completed-Closed,,,,,,,,,,,,,,,,,,,,,,,,,,,,,,,,,
768.0,Accepted-In Progress,Completed-Closed,,,,,,,,,,,,,,,,,,,,,,,,,,,,,,,,,
769.0,Accepted-In Progress,Accepted-Assigned,Accepted-In Progress,Completed-Closed,,,,,,,,,,,,,,,,,,,,,,,,,,,,,,,
770.0,Accepted-In Progress,Accepted-Wait,Accepted-In Progress,Accepted-Wait,Accepted-In Progress,Accepted-Wait,Completed-Closed,,,,,,,,,,,,,,,,,,,,,,,,,,,,
771.0,Accepted-Wait,Accepted-In Progress,Accepted-Wait,Completed-Closed,,,,,,,,,,,,,,,,,,,,,,,,,,,,,,,
772.0,Accepted-In Progress,Accepted-Wait,Accepted-In Progress,Accepted-Wait,Completed-Closed,,,,,,,,,,,,,,,,,,,,,,,,,,,,,,
773.0,Accepted-In Progress,Queued-Awaiting Assignment,Accepted-In Progress,Queued-Awaiting Assignment,Accepted-In Progress,Accepted-Wait,Accepted-In Progress,Completed-Closed,,,,,,,,,,,,,,,,,,,,,,,,,,,
774.0,Accepted-In Progress,Completed-Closed,,,,,,,,,,,,,,,,,,,,,,,,,,,,,,,,,
775.0,Accepted-In Progress,Queued-Awaiting Assignment,Accepted-In Progress,Queued-Awaiting Assignment,Accepted-In Progress,Completed-Closed,Accepted-In Progress,Accepted-Assigned,Accepted-Wait,Completed-Closed,Accepted-In Progress,Accepted-Wait,Completed-Closed,,,,,,,,,,,,,,,,,,,,,,
776.0,Accepted-In Progress,Completed-Closed,,,,,,,,,,,,,,,,,,,,,,,,,,,,,,,,,
777.0,Accepted-In Progress,Completed-Closed,,,,,,,,,,,,,,,,,,,,,,,,,,,,,,,,,
778.0,Queued-Awaiting Assignment,Accepted-In Progress,Completed-Closed,,,,,,,,,,,,,,,,,,,,,,,,,,,,,,,,
779.0,Accepted-In Progress,Accepted-Wait,Queued-Awaiting Assignment,Accepted-In Progress,Queued-Awaiting Assignment,Accepted-In Progress,Accepted-In Progress,Accepted-Wait,Completed-Closed,Accepted-In Progress,Completed-Closed,,,,,,,,,,,,,,,,,,,,,,,,
780.0,Accepted-In Progress,Accepted-Wait,Completed-Closed,,,,,,,,,,,,,,,,,,,,,,,,,,,,,,,,
781.0,Accepted-In Progress,Queued-Awaiting Assignment,Accepted-In Progress,Completed-Closed,,,,,,,,,,,,,,,,,,,,,,,,,,,,,,,
782.0,Accepted-In Progress,Completed-Closed,,,,,,,,,,,,,,,,,,,,,,,,,,,,,,,,,
783.0,Accepted-In Progress,Queued-Awaiting Assignment,Accepted-In Progress,Completed-Closed,,,,,,,,,,,,,,,,,,,,,,,,,,,,,,,
784.0,Accepted-In Progress,Queued-Awaiting Assignment,Accepted-In Progress,Accepted-Wait,Completed-Closed,,,,,,,,,,,,,,,,,,,,,,,,,,,,,,
785.0,Accepted-In Progress,Queued-Awaiting Assignment,Accepted-In Progress,Accepted-Wait,Completed-Closed,,,,,,,,,,,,,,,,,,,,,,,,,,,,,,
786.0,Accepted-In Progress,Completed-Closed,,,,,,,,,,,,,,,,,,,,,,,,,,,,,,,,,
787.0,Accepted-In Progress,Accepted-Wait,Completed-Closed,,,,,,,,,,,,,,,,,,,,,,,,,,,,,,,,
788.0,Accepted-In Progress,Accepted-Wait,Completed-Closed,,,,,,,,,,,,,,,,,,,,,,,,,,,,,,,,
789.0,Accepted-In Progress,Accepted-Wait,Completed-Closed,,,,,,,,,,,,,,,,,,,,,,,,,,,,,,,,
790.0,Accepted-In Progress,Completed-Closed,,,,,,,,,,,,,,,,,,,,,,,,,,,,,,,,,
791.0,Accepted-In Progress,Completed-Closed,,,,,,,,,,,,,,,,,,,,,,,,,,,,,,,,,
792.0,Accepted-In Progress,Accepted-Wait,Accepted-In Progress,Completed-Closed,,,,,,,,,,,,,,,,,,,,,,,,,,,,,,,
793.0,Accepted-In Progress,Accepted-In Progress,Accepted-Wait,,Accepted-In Progress,Completed-Closed,,,,,,,,,,,,,,,,,,,,,,,,,,,,,
794.0,Accepted-In Progress,Accepted-Wait,Completed-Closed,,,,,,,,,,,,,,,,,,,,,,,,,,,,,,,,
795.0,Accepted-In Progress,Accepted-Wait,Accepted-In Progress,Accepted-Wait,Accepted-In Progress,Accepted-Wait,Accepted-In Progress,Completed-Closed,,,,,,,,,,,,,,,,,,,,,,,,,,,
796.0,Accepted-In Progress,Accepted-Assigned,Accepted-Assigned,Accepted-In Progress,Completed-Closed,,,,,,,,,,,,,,,,,,,,,,,,,,,,,,
797.0,Accepted-In Progress,Accepted-In Progress,Completed-Closed,,,,,,,,,,,,,,,,,,,,,,,,,,,,,,,,
798.0,Accepted-In Progress,Accepted-Assigned,Completed-Closed,,,,,,,,,,,,,,,,,,,,,,,,,,,,,,,,
799.0,Accepted-In Progress,Accepted-Wait,Accepted-In Progress,Accepted-In Progress,Accepted-In Progress,Completed-Closed,,,,,,,,,,,,,,,,,,,,,,,,,,,,,
800.0,Accepted-In Progress,Completed-Closed,Accepted-In Progress,Accepted-Wait,Accepted-In Progress,Accepted-Wait,Completed-Closed,,,,,,,,,,,,,,,,,,,,,,,,,,,,
801.0,Accepted-In Progress,Accepted-Assigned,Accepted-In Progress,Completed-Closed,,,,,,,,,,,,,,,,,,,,,,,,,,,,,,,
802.0,Accepted-In Progress,Accepted-In Progress,Completed-Closed,,,,,,,,,,,,,,,,,,,,,,,,,,,,,,,,
803.0,Accepted-In Progress,Accepted-Assigned,Accepted-Wait,Completed-Closed,,,,,,,,,,,,,,,,,,,,,,,,,,,,,,,
804.0,Accepted-In Progress,Accepted-In Progress,Completed-Closed,,,,,,,,,,,,,,,,,,,,,,,,,,,,,,,,
805.0,Accepted-In Progress,Queued-Awaiting Assignment,Accepted-In Progress,Completed-Closed,,,,,,,,,,,,,,,,,,,,,,,,,,,,,,,
806.0,Accepted-In Progress,Accepted-In Progress,Completed-Closed,,,,,,,,,,,,,,,,,,,,,,,,,,,,,,,,
807.0,Accepted-In Progress,Completed-Closed,,,,,,,,,,,,,,,,,,,,,,,,,,,,,,,,,
808.0,Accepted-In Progress,Completed-Closed,,,,,,,,,,,,,,,,,,,,,,,,,,,,,,,,,
809.0,Accepted-In Progress,Completed-Closed,,,,,,,,,,,,,,,,,,,,,,,,,,,,,,,,,
810.0,Accepted-In Progress,Accepted-Assigned,Accepted-In Progress,Completed-Closed,,,,,,,,,,,,,,,,,,,,,,,,,,,,,,,
811.0,Accepted-In Progress,Accepted-In Progress,Accepted-Assigned,Accepted-In Progress,Accepted-Wait,Accepted-In Progress,Completed-Closed,,,,,,,,,,,,,,,,,,,,,,,,,,,,
812.0,Accepted-In Progress,Completed-Closed,,,,,,,,,,,,,,,,,,,,,,,,,,,,,,,,,
813.0,Accepted-In Progress,Completed-Closed,,,,,,,,,,,,,,,,,,,,,,,,,,,,,,,,,
814.0,Accepted-In Progress,Completed-Closed,,,,,,,,,,,,,,,,,,,,,,,,,,,,,,,,,
815.0,Accepted-In Progress,Queued-Awaiting Assignment,Accepted-In Progress,Queued-Awaiting Assignment,Accepted-In Progress,Completed-Closed,,,,,,,,,,,,,,,,,,,,,,,,,,,,,
816.0,Accepted-In Progress,Accepted-Assigned,Accepted-In Progress,Completed-Closed,,,,,,,,,,,,,,,,,,,,,,,,,,,,,,,
817.0,Accepted-In Progress,Accepted-Assigned,Accepted-In Progress,Completed-Closed,,,,,,,,,,,,,,,,,,,,,,,,,,,,,,,
818.0,Accepted-In Progress,Accepted-In Progress,Accepted-Wait,Accepted-In Progress,Completed-Closed,,,,,,,,,,,,,,,,,,,,,,,,,,,,,,
819.0,Accepted-In Progress,Accepted-In Progress,Completed-Closed,,,,,,,,,,,,,,,,,,,,,,,,,,,,,,,,
820.0,Accepted-In Progress,Queued-Awaiting Assignment,Accepted-In Progress,Completed-Closed,,,,,,,,,,,,,,,,,,,,,,,,,,,,,,,
821.0,Accepted-In Progress,Completed-Closed,,,,,,,,,,,,,,,,,,,,,,,,,,,,,,,,,
822.0,Accepted-In Progress,Completed-Closed,,,,,,,,,,,,,,,,,,,,,,,,,,,,,,,,,
823.0,Accepted-In Progress,Accepted-Wait,Accepted-Wait,Queued-Awaiting Assignment,Accepted-In Progress,Accepted-Wait,Queued-Awaiting Assignment,Accepted-In Progress,Completed-Closed,,,,,,,,,,,,,,,,,,,,,,,,,,
824.0,Accepted-In Progress,Completed-Closed,,,,,,,,,,,,,,,,,,,,,,,,,,,,,,,,,
825.0,Accepted-In Progress,Accepted-Assigned,Accepted-In Progress,Completed-Closed,,,,,,,,,,,,,,,,,,,,,,,,,,,,,,,
826.0,Accepted-In Progress,Queued-Awaiting Assignment,Accepted-In Progress,Completed-Closed,,,,,,,,,,,,,,,,,,,,,,,,,,,,,,,
827.0,Accepted-In Progress,Accepted-In Progress,Completed-Closed,,,,,,,,,,,,,,,,,,,,,,,,,,,,,,,,
828.0,Accepted-In Progress,Completed-Closed,,,,,,,,,,,,,,,,,,,,,,,,,,,,,,,,,
829.0,Accepted-In Progress,Accepted-Wait,Accepted-In Progress,Completed-Closed,,,,,,,,,,,,,,,,,,,,,,,,,,,,,,,
830.0,Accepted-In Progress,Completed-Closed,,,,,,,,,,,,,,,,,,,,,,,,,,,,,,,,,
831.0,Accepted-In Progress,Completed-Closed,,,,,,,,,,,,,,,,,,,,,,,,,,,,,,,,,
832.0,Accepted-In Progress,,,,,,,,,,,,,,,,,,,,,,,,,,,,,,,,,,
833.0,Accepted-In Progress,Completed-Closed,,,,,,,,,,,,,,,,,,,,,,,,,,,,,,,,,
834.0,Accepted-In Progress,Completed-Closed,,,,,,,,,,,,,,,,,,,,,,,,,,,,,,,,,
835.0,Accepted-In Progress,Completed-Closed,,,,,,,,,,,,,,,,,,,,,,,,,,,,,,,,,
836.0,Accepted-In Progress,Accepted-Wait,Completed-Closed,,,,,,,,,,,,,,,,,,,,,,,,,,,,,,,,
837.0,Accepted-In Progress,Queued-Awaiting Assignment,Accepted-In Progress,Queued-Awaiting Assignment,Queued-Awaiting Assignment,Accepted-In Progress,Queued-Awaiting Assignment,Accepted-In Progress,Queued-Awaiting Assignment,Accepted-In Progress,Completed-Closed,,,,,,,,,,,,,,,,,,,,,,,,
838.0,Accepted-In Progress,Accepted-Wait,Queued-Awaiting Assignment,Accepted-Assigned,Accepted-Wait,Completed-Closed,,,,,,,,,,,,,,,,,,,,,,,,,,,,,
839.0,Accepted-In Progress,Completed-Closed,,,,,,,,,,,,,,,,,,,,,,,,,,,,,,,,,
840.0,Accepted-In Progress,Completed-Closed,,,,,,,,,,,,,,,,,,,,,,,,,,,,,,,,,
841.0,Accepted-In Progress,Accepted-Assigned,Accepted-In Progress,Accepted-Wait,Completed-Closed,,,,,,,,,,,,,,,,,,,,,,,,,,,,,,
842.0,Accepted-Assigned,Accepted-Assigned,Accepted-In Progress,Completed-Closed,,,,,,,,,,,,,,,,,,,,,,,,,,,,,,,
843.0,Accepted-In Progress,Completed-Closed,,,,,,,,,,,,,,,,,,,,,,,,,,,,,,,,,
844.0,Accepted-In Progress,Accepted-In Progress,Accepted-In Progress,Queued-Awaiting Assignment,Accepted-In Progress,Queued-Awaiting Assignment,Accepted-In Progress,Completed-Closed,Accepted-In Progress,Queued-Awaiting Assignment,Accepted-In Progress,Accepted-In Progress,Completed-Closed,Accepted-In Progress,Accepted-Assigned,Accepted-In Progress,Completed-Closed,Accepted-In Progress,Completed-Closed,,,,,,,,,,,,,,,,
845.0,Accepted-In Progress,Completed-Closed,,,,,,,,,,,,,,,,,,,,,,,,,,,,,,,,,
846.0,Accepted-In Progress,Completed-Closed,,,,,,,,,,,,,,,,,,,,,,,,,,,,,,,,,
847.0,Accepted-In Progress,Accepted-Assigned,Accepted-In Progress,Accepted-In Progress,Completed-Closed,Accepted-In Progress,Completed-Closed,,,,,,,,,,,,,,,,,,,,,,,,,,,,
848.0,Accepted-In Progress,Completed-Closed,,,,,,,,,,,,,,,,,,,,,,,,,,,,,,,,,
849.0,Accepted-In Progress,Accepted-In Progress,Queued-Awaiting Assignment,Accepted-In Progress,Completed-Closed,,,,,,,,,,,,,,,,,,,,,,,,,,,,,,
850.0,Accepted-In Progress,Queued-Awaiting Assignment,Accepted-In Progress,Completed-Closed,,,,,,,,,,,,,,,,,,,,,,,,,,,,,,,
851.0,Queued-Awaiting Assignment,Accepted-In Progress,Completed-Closed,,,,,,,,,,,,,,,,,,,,,,,,,,,,,,,,
852.0,Accepted-In Progress,Completed-Closed,,,,,,,,,,,,,,,,,,,,,,,,,,,,,,,,,
853.0,Accepted-In Progress,Queued-Awaiting Assignment,Accepted-In Progress,Completed-Closed,,,,,,,,,,,,,,,,,,,,,,,,,,,,,,,
,Accepted-In Progress,Accepted-Wait,Completed-Closed,,,,,,,,,,,,,,,,,,,,,,,,,,,,,,,,
855.0,Accepted-In Progress,Completed-Closed,,,,,,,,,,,,,,,,,,,,,,,,,,,,,,,,,
856.0,Accepted-In Progress,Completed-Closed,Accepted-In Progress,Completed-Closed,,,,,,,,,,,,,,,,,,,,,,,,,,,,,,,
857.0,Accepted-In Progress,Queued-Awaiting Assignment,Accepted-In Progress,Accepted-Wait,Completed-Closed,,,,,,,,,,,,,,,,,,,,,,,,,,,,,,
858.0,Accepted-In Progress,Completed-Closed,,,,,,,,,,,,,,,,,,,,,,,,,,,,,,,,,
859.0,Accepted-In Progress,Completed-Closed,,,,,,,,,,,,,,,,,,,,,,,,,,,,,,,,,
860.0,Accepted-In Progress,Accepted-Assigned,Accepted-In Progress,Completed-Closed,,,,,,,,,,,,,,,,,,,,,,,,,,,,,,,
861.0,Accepted-In Progress,Completed-Closed,,,,,,,,,,,,,,,,,,,,,,,,,,,,,,,,,
862.0,Accepted-In Progress,Completed-Closed,,,,,,,,,,,,,,,,,,,,,,,,,,,,,,,,,
863.0,Accepted-In Progress,Completed-Closed,,,,,,,,,,,,,,,,,,,,,,,,,,,,,,,,,
864.0,Accepted-In Progress,Completed-Closed,Accepted-In Progress,Accepted-Wait,Queued-Awaiting Assignment,Accepted-In Progress,Accepted-Assigned,Accepted-In Progress,Completed-Closed,,,,,,,,,,,,,,,,,,,,,,,,,,
865.0,Accepted-In Progress,Completed-Closed,,,,,,,,,,,,,,,,,,,,,,,,,,,,,,,,,
866.0,Accepted-In Progress,Completed-Closed,,,,,,,,,,,,,,,,,,,,,,,,,,,,,,,,,
867.0,Accepted-In Progress,Completed-Closed,,,,,,,,,,,,,,,,,,,,,,,,,,,,,,,,,
868.0,Accepted-In Progress,Accepted-Assigned,Accepted-In Progress,Completed-Closed,,,,,,,,,,,,,,,,,,,,,,,,,,,,,,,
869.0,Accepted-In Progress,Accepted-In Progress,Completed-Closed,,,,,,,,,,,,,,,,,,,,,,,,,,,,,,,,
870.0,Accepted-In Progress,Completed-Closed,,,,,,,,,,,,,,,,,,,,,,,,,,,,,,,,,
871.0,Accepted-In Progress,Completed-Closed,,,,,,,,,,,,,,,,,,,,,,,,,,,,,,,,,
872.0,Accepted-In Progress,Completed-Closed,,,,,,,,,,,,,,,,,,,,,,,,,,,,,,,,,
873.0,Accepted-In Progress,Queued-Awaiting Assignment,Accepted-In Progress,Queued-Awaiting Assignment,Accepted-In Progress,Accepted-In Progress,Completed-Closed,,,,,,,,,,,,,,,,,,,,,,,,,,,,
874.0,Accepted-In Progress,Accepted-Wait,Accepted-In Progress,Completed-Closed,,,,,,,,,,,,,,,,,,,,,,,,,,,,,,,
875.0,Accepted-In Progress,Completed-Closed,,,,,,,,,,,,,,,,,,,,,,,,,,,,,,,,,
876.0,Accepted-In Progress,Queued-Awaiting Assignment,,Completed-Closed,Accepted-In Progress,Queued-Awaiting Assignment,Accepted-In Progress,Completed-Closed,,,,,,,,,,,,,,,,,,,,,,,,,,,
877.0,Accepted-In Progress,Queued-Awaiting Assignment,Accepted-In Progress,Completed-Closed,,Completed-Closed,,,,,,,,,,,,,,,,,,,,,,,,,,,,,
878.0,Accepted-In Progress,Completed-Closed,,,,,,,,,,,,,,,,,,,,,,,,,,,,,,,,,
879.0,Accepted-In Progress,Accepted-In Progress,Queued-Awaiting Assignment,Accepted-In Progress,Completed-Cancelled,Accepted-In Progress,Queued-Awaiting Assignment,Accepted-In Progress,Accepted-Wait,Completed-Closed,,,,,,,,,,,,,,,,,,,,,,,,,
880.0,Accepted-In Progress,Completed-Closed,,,,,,,,,,,,,,,,,,,,,,,,,,,,,,,,,
881.0,Accepted-In Progress,Accepted-In Progress,Completed-Closed,,,,,,,,,,,,,,,,,,,,,,,,,,,,,,,,
882.0,Accepted-In Progress,Accepted-Assigned,Accepted-In Progress,Completed-Closed,,,,,,,,,,,,,,,,,,,,,,,,,,,,,,,
883.0,Accepted-In Progress,Accepted-Assigned,Accepted-In Progress,Completed-Closed,,,,,,,,,,,,,,,,,,,,,,,,,,,,,,,
884.0,Accepted-In Progress,Completed-Closed,,,,,,,,,,,,,,,,,,,,,,,,,,,,,,,,,
885.0,Accepted-In Progress,Queued-Awaiting Assignment,Accepted-In Progress,Completed-Closed,,,,,,,,,,,,,,,,,,,,,,,,,,,,,,,
886.0,Accepted-In Progress,Completed-Closed,,,,,,,,,,,,,,,,,,,,,,,,,,,,,,,,,
887.0,Accepted-In Progress,Queued-Awaiting Assignment,Accepted-In Progress,Queued-Awaiting Assignment,Accepted-Assigned,Accepted-In Progress,Completed-Closed,,,,,,,,,,,,,,,,,,,,,,,,,,,,
888.0,Accepted-In Progress,Accepted-Assigned,Accepted-In Progress,Accepted-Assigned,Accepted-In Progress,Completed-Closed,,,,,,,,,,,,,,,,,,,,,,,,,,,,,
889.0,Accepted-In Progress,Completed-Closed,,,,,,,,,,,,,,,,,,,,,,,,,,,,,,,,,
890.0,Accepted-In Progress,Accepted-Assigned,Accepted-In Progress,Completed-Closed,,,,,,,,,,,,,,,,,,,,,,,,,,,,,,,
891.0,Accepted-In Progress,Completed-Closed,,,,,,,,,,,,,,,,,,,,,,,,,,,,,,,,,
892.0,Queued-Awaiting Assignment,Accepted-In Progress,Queued-Awaiting Assignment,Accepted-In Progress,Completed-Closed,,,,,,,,,,,,,,,,,,,,,,,,,,,,,,
893.0,Accepted-In Progress,Completed-Closed,,,,,,,,,,,,,,,,,,,,,,,,,,,,,,,,,
894.0,Accepted-In Progress,,,,,,,,,,,,,,,,,,,,,,,,,,,,,,,,,,
895.0,Accepted-In Progress,Accepted-In Progress,Queued-Awaiting Assignment,Accepted-Assigned,Accepted-In Progress,Completed-Closed,,,,,,,,,,,,,,,,,,,,,,,,,,,,,
896.0,Accepted-In Progress,Completed-Closed,,,,,,,,,,,,,,,,,,,,,,,,,,,,,,,,,
897.0,Accepted-In Progress,Accepted-Wait,Accepted-In Progress,Completed-Closed,,,,,,,,,,,,,,,,,,,,,,,,,,,,,,,
898.0,Accepted-In Progress,Accepted-In Progress,Accepted-In Progress,Accepted-In Progress,Completed-Closed,,,,,,,,,,,,,,,,,,,,,,,,,,,,,,
899.0,Accepted-In Progress,Accepted-In Progress,Completed-Closed,,,,,,,,,,,,,,,,,,,,,,,,,,,,,,,,
900.0,Accepted-In Progress,Queued-Awaiting Assignment,Accepted-In Progress,Completed-Closed,,,,,,,,,,,,,,,,,,,,,,,,,,,,,,,
901.0,Accepted-In Progress,Completed-Closed,,,,,,,,,,,,,,,,,,,,,,,,,,,,,,,,,
902.0,Accepted-In Progress,Completed-Closed,Accepted-In Progress,Completed-Closed,,,,,,,,,,,,,,,,,,,,,,,,,,,,,,,
903.0,Accepted-In Progress,Completed-Closed,,,,,,,,,,,,,,,,,,,,,,,,,,,,,,,,,
904.0,Accepted-In Progress,Completed-Closed,,,,,,,,,,,,,,,,,,,,,,,,,,,,,,,,,
905.0,Accepted-In Progress,Accepted-In Progress,Accepted-Wait,Completed-Closed,,,,,,,,,,,,,,,,,,,,,,,,,,,,,,,
906.0,Accepted-In Progress,Completed-Closed,Accepted-In Progress,Completed-Closed,Accepted-In Progress,Completed-Closed,,,,,,,,,,,,,,,,,,,,,,,,,,,,,
907.0,Accepted-In Progress,Accepted-In Progress,Completed-Closed,,,,,,,,,,,,,,,,,,,,,,,,,,,,,,,,
908.0,Accepted-In Progress,Completed-Closed,,,,,,,,,,,,,,,,,,,,,,,,,,,,,,,,,
909.0,Accepted-In Progress,Queued-Awaiting Assignment,Accepted-In Progress,Accepted-Wait,Accepted-Assigned,Queued-Awaiting Assignment,Accepted-Assigned,Accepted-In Progress,Completed-Closed,,,,,,,,,,,,,,,,,,,,,,,,,,
910.0,Accepted-In Progress,Completed-Closed,,,,,,,,,,,,,,,,,,,,,,,,,,,,,,,,,
911.0,Accepted-In Progress,Completed-Closed,,,,,,,,,,,,,,,,,,,,,,,,,,,,,,,,,
912.0,Accepted-In Progress,Accepted-In Progress,Accepted-Wait,Completed-Closed,,,,,,,,,,,,,,,,,,,,,,,,,,,,,,,
913.0,Accepted-In Progress,Accepted-Assigned,Accepted-In Progress,Accepted-In Progress,Completed-Closed,,,,,,,,,,,,,,,,,,,,,,,,,,,,,,
914.0,Accepted-In Progress,Completed-Closed,,,,,,,,,,,,,,,,,,,,,,,,,,,,,,,,,
915.0,Accepted-In Progress,Completed-Closed,Accepted-In Progress,Queued-Awaiting Assignment,Accepted-In Progress,Completed-Closed,,,,,,,,,,,,,,,,,,,,,,,,,,,,,
916.0,Accepted-In Progress,Completed-Closed,,,,,,,,,,,,,,,,,,,,,,,,,,,,,,,,,
917.0,Accepted-Wait,Accepted-In Progress,Completed-Closed,,,,,,,,,,,,,,,,,,,,,,,,,,,,,,,,
918.0,Accepted-In Progress,Completed-Closed,,,,,,,,,,,,,,,,,,,,,,,,,,,,,,,,,
919.0,Accepted-In Progress,Queued-Awaiting Assignment,Accepted-In Progress,Completed-Closed,,,,,,,,,,,,,,,,,,,,,,,,,,,,,,,
920.0,Accepted-In Progress,Completed-Closed,,,,,,,,,,,,,,,,,,,,,,,,,,,,,,,,,
921.0,Accepted-In Progress,Completed-Closed,,,,,,,,,,,,,,,,,,,,,,,,,,,,,,,,,
922.0,Accepted-In Progress,Completed-Closed,,,,,,,,,,,,,,,,,,,,,,,,,,,,,,,,,
923.0,Accepted-In Progress,Completed-Closed,,,,,,,,,,,,,,,,,,,,,,,,,,,,,,,,,
924.0,Accepted-In Progress,Completed-Closed,,,,,,,,,,,,,,,,,,,,,,,,,,,,,,,,,
925.0,,Completed-Closed,,,,,,,,,,,,,,,,,,,,,,,,,,,,,,,,,
926.0,Accepted-In Progress,Completed-Closed,,,,,,,,,,,,,,,,,,,,,,,,,,,,,,,,,
927.0,Accepted-In Progress,Completed-Closed,,,,,,,,,,,,,,,,,,,,,,,,,,,,,,,,,
928.0,Accepted-In Progress,Completed-Closed,,,,,,,,,,,,,,,,,,,,,,,,,,,,,,,,,
929.0,Accepted-In Progress,Completed-Closed,Accepted-In Progress,Completed-Closed,,,,,,,,,,,,,,,,,,,,,,,,,,,,,,,
930.0,Accepted-In Progress,Accepted-In Progress,Accepted-Wait,Accepted-Assigned,Completed-Closed,,,,,,,,,,,,,,,,,,,,,,,,,,,,,,
931.0,Accepted-In Progress,Accepted-Assigned,Accepted-In Progress,Completed-Closed,,,,,,,,,,,,,,,,,,,,,,,,,,,,,,,
932.0,Accepted-In Progress,Completed-Closed,,,,,,,,,,,,,,,,,,,,,,,,,,,,,,,,,
933.0,Accepted-In Progress,Completed-Closed,,,,,,,,,,,,,,,,,,,,,,,,,,,,,,,,,
934.0,Accepted-In Progress,Accepted-Wait,Accepted-In Progress,Completed-Closed,,,,,,,,,,,,,,,,,,,,,,,,,,,,,,,
935.0,Accepted-In Progress,Completed-Closed,,,,,,,,,,,,,,,,,,,,,,,,,,,,,,,,,
936.0,Accepted-In Progress,Completed-Closed,,,,,,,,,,,,,,,,,,,,,,,,,,,,,,,,,
937.0,Accepted-In Progress,Completed-Closed,,,,,,,,,,,,,,,,,,,,,,,,,,,,,,,,,
938.0,Accepted-In Progress,Completed-Closed,,,,,,,,,,,,,,,,,,,,,,,,,,,,,,,,,
939.0,Accepted-In Progress,Queued-Awaiting Assignment,Accepted-In Progress,Completed-Closed,,,,,,,,,,,,,,,,,,,,,,,,,,,,,,,
940.0,Accepted-In Progress,Completed-Closed,,,,,,,,,,,,,,,,,,,,,,,,,,,,,,,,,
941.0,Accepted-In Progress,Completed-Closed,,,,,,,,,,,,,,,,,,,,,,,,,,,,,,,,,
942.0,Accepted-In Progress,Completed-Closed,,,,,,,,,,,,,,,,,,,,,,,,,,,,,,,,,
943.0,Accepted-In Progress,Completed-Closed,,,,,,,,,,,,,,,,,,,,,,,,,,,,,,,,,
944.0,Accepted-In Progress,Queued-Awaiting Assignment,Queued-Awaiting Assignment,Accepted-In Progress,Queued-Awaiting Assignment,Accepted-In Progress,Completed-Closed,,,,,,,,,,,,,,,,,,,,,,,,,,,,
945.0,Accepted-In Progress,Queued-Awaiting Assignment,Accepted-In Progress,Queued-Awaiting Assignment,Accepted-In Progress,Queued-Awaiting Assignment,Accepted-In Progress,Queued-Awaiting Assignment,Queued-Awaiting Assignment,Accepted-In Progress,Queued-Awaiting Assignment,Accepted-In Progress,Completed-Closed,,,,,,,,,,,,,,,,,,,,,,
946.0,Accepted-In Progress,Completed-Closed,,,,,,,,,,,,,,,,,,,,,,,,,,,,,,,,,
947.0,Accepted-In Progress,Completed-Closed,,,,,,,,,,,,,,,,,,,,,,,,,,,,,,,,,
948.0,Accepted-In Progress,Completed-Closed,,,,,,,,,,,,,,,,,,,,,,,,,,,,,,,,,
949.0,Accepted-In Progress,Completed-Closed,,,,,,,,,,,,,,,,,,,,,,,,,,,,,,,,,
950.0,Accepted-In Progress,Completed-Closed,,,,,,,,,,,,,,,,,,,,,,,,,,,,,,,,,
951.0,Accepted-In Progress,Accepted-Wait,Completed-Closed,,,,,,,,,,,,,,,,,,,,,,,,,,,,,,,,
952.0,Accepted-In Progress,Accepted-Wait,Completed-Closed,,,,,,,,,,,,,,,,,,,,,,,,,,,,,,,,
953.0,Queued-Awaiting Assignment,Accepted-In Progress,Completed-Closed,,,,,,,,,,,,,,,,,,,,,,,,,,,,,,,,
954.0,Accepted-In Progress,Completed-Closed,,,,,,,,,,,,,,,,,,,,,,,,,,,,,,,,,
955.0,Accepted-In Progress,Accepted-In Progress,Completed-Closed,,,,,,,,,,,,,,,,,,,,,,,,,,,,,,,,
956.0,Accepted-In Progress,Queued-Awaiting Assignment,Accepted-In Progress,Queued-Awaiting Assignment,Accepted-In Progress,Queued-Awaiting Assignment,Accepted-In Progress,Queued-Awaiting Assignment,Accepted-In Progress,Accepted-Assigned,Completed-Closed,,,,,,,,,,,,,,,,,,,,,,,,
957.0,Accepted-In Progress,Completed-Closed,Accepted-In Progress,Completed-Closed,Accepted-In Progress,Completed-Closed,Accepted-In Progress,Completed-Closed,,,,,,,,,,,,,,,,,,,,,,,,,,,
958.0,Queued-Awaiting Assignment,Accepted-In Progress,Completed-Closed,,,,,,,,,,,,,,,,,,,,,,,,,,,,,,,,
959.0,Accepted-In Progress,Accepted-In Progress,Completed-Closed,,,,,,,,,,,,,,,,,,,,,,,,,,,,,,,,
960.0,Accepted-In Progress,Completed-Closed,,,,,,,,,,,,,,,,,,,,,,,,,,,,,,,,,
961.0,Accepted-In Progress,Queued-Awaiting Assignment,Queued-Awaiting Assignment,Queued-Awaiting Assignment,Accepted-In Progress,Completed-Closed,,,,,,,,,,,,,,,,,,,,,,,,,,,,,
962.0,Accepted-In Progress,Accepted-In Progress,Completed-Closed,,,,,,,,,,,,,,,,,,,,,,,,,,,,,,,,
963.0,Accepted-In Progress,Accepted-Wait,Accepted-In Progress,Completed-Closed,Accepted-In Progress,Accepted-Wait,Completed-Closed,,,,,,,,,,,,,,,,,,,,,,,,,,,,
964.0,Accepted-In Progress,Completed-Closed,,,,,,,,,,,,,,,,,,,,,,,,,,,,,,,,,
965.0,Accepted-In Progress,Completed-Closed,,,,,,,,,,,,,,,,,,,,,,,,,,,,,,,,,
966.0,Accepted-In Progress,Completed-Closed,,,,,,,,,,,,,,,,,,,,,,,,,,,,,,,,,
967.0,Accepted-In Progress,Accepted-Wait,Completed-Closed,,,,,,,,,,,,,,,,,,,,,,,,,,,,,,,,
968.0,Accepted-In Progress,Completed-Closed,,,,,,,,,,,,,,,,,,,,,,,,,,,,,,,,,
969.0,Accepted-In Progress,Completed-Closed,,,,,,,,,,,,,,,,,,,,,,,,,,,,,,,,,
970.0,Accepted-In Progress,Accepted-Assigned,Accepted-In Progress,Completed-Closed,,,,,,,,,,,,,,,,,,,,,,,,,,,,,,,
971.0,Accepted-In Progress,Completed-Closed,,,,,,,,,,,,,,,,,,,,,,,,,,,,,,,,,
972.0,Accepted-In Progress,Queued-Awaiting Assignment,Accepted-In Progress,Completed-Closed,,,,,,,,,,,,,,,,,,,,,,,,,,,,,,,
973.0,Accepted-In Progress,Completed-Closed,Accepted-In Progress,Completed-Closed,,,,,,,,,,,,,,,,,,,,,,,,,,,,,,,
974.0,Accepted-In Progress,Accepted-Assigned,Accepted-Wait,Completed-Closed,,,,,,,,,,,,,,,,,,,,,,,,,,,,,,,
975.0,Accepted-In Progress,Queued-Awaiting Assignment,Accepted-In Progress,Queued-Awaiting Assignment,Accepted-In Progress,Accepted-Assigned,Queued-Awaiting Assignment,Accepted-In Progress,Accepted-Assigned,Accepted-In Progress,Accepted-In Progress,Completed-Closed,,,,,,,,,,,,,,,,,,,,,,,
976.0,Accepted-In Progress,Accepted-Assigned,Completed-Closed,,,,,,,,,,,,,,,,,,,,,,,,,,,,,,,,
977.0,Accepted-In Progress,Completed-Closed,,,,,,,,,,,,,,,,,,,,,,,,,,,,,,,,,
978.0,Queued-Awaiting Assignment,Accepted-In Progress,Completed-Closed,Accepted-In Progress,Completed-Closed,,,,,,,,,,,,,,,,,,,,,,,,,,,,,,
979.0,Accepted-In Progress,Completed-Closed,,,,,,,,,,,,,,,,,,,,,,,,,,,,,,,,,
980.0,Accepted-In Progress,Accepted-Assigned,Completed-Closed,,,,,,,,,,,,,,,,,,,,,,,,,,,,,,,,
981.0,Accepted-In Progress,Accepted-In Progress,Completed-Closed,,,,,,,,,,,,,,,,,,,,,,,,,,,,,,,,
982.0,Accepted-In Progress,Completed-Closed,,,,,,,,,,,,,,,,,,,,,,,,,,,,,,,,,
983.0,Accepted-In Progress,Completed-Closed,,,,,,,,,,,,,,,,,,,,,,,,,,,,,,,,,
984.0,Accepted-In Progress,Accepted-Wait,Completed-Closed,,,,,,,,,,,,,,,,,,,,,,,,,,,,,,,,
985.0,Accepted-In Progress,Completed-Closed,,,,,,,,,,,,,,,,,,,,,,,,,,,,,,,,,
986.0,Accepted-In Progress,Completed-Closed,,,,,,,,,,,,,,,,,,,,,,,,,,,,,,,,,
987.0,Accepted-In Progress,Completed-Closed,,,,,,,,,,,,,,,,,,,,,,,,,,,,,,,,,
988.0,Accepted-In Progress,Accepted-Wait,Completed-Closed,,,,,,,,,,,,,,,,,,,,,,,,,,,,,,,,
989.0,Accepted-In Progress,Accepted-Wait,Completed-Closed,,,,,,,,,,,,,,,,,,,,,,,,,,,,,,,,
990.0,Accepted-In Progress,Accepted-In Progress,Completed-Closed,,,,,,,,,,,,,,,,,,,,,,,,,,,,,,,,
991.0,Accepted-In Progress,Accepted-In Progress,Completed-Closed,,,,,,,,,,,,,,,,,,,,,,,,,,,,,,,,
992.0,Accepted-In Progress,Accepted-In Progress,Completed-Closed,,,,,,,,,,,,,,,,,,,,,,,,,,,,,,,,
993.0,Accepted-In Progress,Accepted-Wait,Completed-Closed,,,,,,,,,,,,,,,,,,,,,,,,,,,,,,,,
994.0,Accepted-In Progress,Completed-Closed,,,,,,,,,,,,,,,,,,,,,,,,,,,,,,,,,
995.0,Accepted-In Progress,Completed-Closed,,,,,,,,,,,,,,,,,,,,,,,,,,,,,,,,,
996.0,Accepted-In Progress,Accepted-Assigned,Completed-Closed,,,,,,,,,,,,,,,,,,,,,,,,,,,,,,,,
997.0,Accepted-In Progress,Completed-Closed,,,,,,,,,,,,,,,,,,,,,,,,,,,,,,,,,
998.0,Accepted-In Progress,Completed-Closed,,,,,,,,,,,,,,,,,,,,,,,,,,,,,,,,,
999.0,Accepted-In Progress,Completed-Closed,,,,,,,,,,,,,,,,,,,,,,,,,,,,,,,,,
1000.0,Accepted-In Progress,Completed-Closed,,,,,,,,,,,,,,,,,,,,,,,,,,,,,,,,,
1001.0,Accepted-In Progress,Completed-Closed,,,,,,,,,,,,,,,,,,,,,,,,,,,,,,,,,
1002.0,Queued-Awaiting Assignment,Accepted-In Progress,Completed-Closed,,,,,,,,,,,,,,,,,,,,,,,,,,,,,,,,
1003.0,Accepted-In Progress,Accepted-In Progress,Accepted-In Progress,Accepted-In Progress,Completed-Closed,,,,,,,,,,,,,,,,,,,,,,,,,,,,,,
1004.0,Accepted-In Progress,Completed-Closed,,,,,,,,,,,,,,,,,,,,,,,,,,,,,,,,,
1005.0,Accepted-In Progress,Queued-Awaiting Assignment,Accepted-In Progress,Accepted-Wait,Accepted-In Progress,Completed-Closed,,,,,,,,,,,,,,,,,,,,,,,,,,,,,
1006.0,Accepted-Wait,Accepted-In Progress,Accepted-Wait,Completed-Closed,,,,,,,,,,,,,,,,,,,,,,,,,,,,,,,
1007.0,Accepted-In Progress,Completed-Closed,,,,,,,,,,,,,,,,,,,,,,,,,,,,,,,,,
1008.0,Accepted-In Progress,Queued-Awaiting Assignment,Accepted-In Progress,Accepted-Assigned,Accepted-In Progress,Completed-Closed,Accepted-In Progress,Queued-Awaiting Assignment,Accepted-In Progress,Completed-Closed,Accepted-In Progress,Completed-Closed,,,,,,,,,,,,,,,,,,,,,,,
1009.0,Accepted-In Progress,Accepted-In Progress,Accepted-In Progress,Completed-Closed,,,,,,,,,,,,,,,,,,,,,,,,,,,,,,,
1010.0,Accepted-In Progress,Accepted-Wait,Completed-Closed,,,,,,,,,,,,,,,,,,,,,,,,,,,,,,,,
1011.0,Accepted-In Progress,Completed-Closed,,,,,,,,,,,,,,,,,,,,,,,,,,,,,,,,,
1012.0,Accepted-In Progress,Queued-Awaiting Assignment,Accepted-In Progress,Completed-Closed,,,,,,,,,,,,,,,,,,,,,,,,,,,,,,,
1013.0,Accepted-In Progress,Completed-Closed,,,,,,,,,,,,,,,,,,,,,,,,,,,,,,,,,
1014.0,Accepted-In Progress,Completed-Closed,,,,,,,,,,,,,,,,,,,,,,,,,,,,,,,,,
1015.0,Accepted-In Progress,Accepted-In Progress,Queued-Awaiting Assignment,Accepted-In Progress,Completed-Closed,,,,,,,,,,,,,,,,,,,,,,,,,,,,,,
1016.0,Accepted-In Progress,Accepted-Wait,Queued-Awaiting Assignment,Accepted-In Progress,Accepted-In Progress,Queued-Awaiting Assignment,Accepted-In Progress,Accepted-Wait,Completed-Closed,,,,,,,,,,,,,,,,,,,,,,,,,,
1017.0,Accepted-In Progress,Completed-Closed,,,,,,,,,,,,,,,,,,,,,,,,,,,,,,,,,
1018.0,Accepted-In Progress,Accepted-Wait,Completed-Closed,,,,,,,,,,,,,,,,,,,,,,,,,,,,,,,,
1019.0,Accepted-In Progress,Completed-Closed,,,,,,,,,,,,,,,,,,,,,,,,,,,,,,,,,
1020.0,Accepted-In Progress,Completed-Closed,,,,,,,,,,,,,,,,,,,,,,,,,,,,,,,,,
1021.0,Queued-Awaiting Assignment,Accepted-In Progress,Completed-Closed,,,,,,,,,,,,,,,,,,,,,,,,,,,,,,,,
1022.0,Accepted-In Progress,Completed-Closed,,,,,,,,,,,,,,,,,,,,,,,,,,,,,,,,,
1023.0,Accepted-In Progress,Completed-Closed,,,,,,,,,,,,,,,,,,,,,,,,,,,,,,,,,
1024.0,Accepted-In Progress,Completed-Closed,,,,,,,,,,,,,,,,,,,,,,,,,,,,,,,,,
1025.0,Accepted-In Progress,Completed-Closed,,,,,,,,,,,,,,,,,,,,,,,,,,,,,,,,,
1026.0,Accepted-In Progress,Completed-Closed,,,,,,,,,,,,,,,,,,,,,,,,,,,,,,,,,
1027.0,Accepted-In Progress,Queued-Awaiting Assignment,Accepted-In Progress,Accepted-In Progress,Completed-Closed,,,,,,,,,,,,,,,,,,,,,,,,,,,,,,
1028.0,Accepted-In Progress,Accepted-Assigned,Accepted-Wait,Accepted-In Progress,Queued-Awaiting Assignment,Accepted-In Progress,Completed-Closed,,,,,,,,,,,,,,,,,,,,,,,,,,,,
1029.0,Accepted-In Progress,Completed-Closed,,,,,,,,,,,,,,,,,,,,,,,,,,,,,,,,,
1030.0,Accepted-In Progress,Accepted-Wait,Completed-Closed,,,,,,,,,,,,,,,,,,,,,,,,,,,,,,,,
1031.0,Accepted-In Progress,Accepted-Wait,Completed-Closed,,,,,,,,,,,,,,,,,,,,,,,,,,,,,,,,
1032.0,Accepted-In Progress,Completed-Closed,,,,,,,,,,,,,,,,,,,,,,,,,,,,,,,,,
1033.0,Accepted-In Progress,Queued-Awaiting Assignment,Accepted-In Progress,Queued-Awaiting Assignment,Accepted-In Progress,Completed-Closed,,,,,,,,,,,,,,,,,,,,,,,,,,,,,
1034.0,Accepted-In Progress,Accepted-Wait,Completed-Closed,,,,,,,,,,,,,,,,,,,,,,,,,,,,,,,,
1035.0,Accepted-In Progress,Completed-Closed,,,,,,,,,,,,,,,,,,,,,,,,,,,,,,,,,
1036.0,Accepted-In Progress,Accepted-Assigned,Accepted-In Progress,Accepted-Wait,Completed-Closed,,,,,,,,,,,,,,,,,,,,,,,,,,,,,,
1037.0,Accepted-In Progress,Completed-Closed,,,,,,,,,,,,,,,,,,,,,,,,,,,,,,,,,
1038.0,Accepted-In Progress,Completed-Closed,,,,,,,,,,,,,,,,,,,,,,,,,,,,,,,,,
1039.0,Accepted-In Progress,Accepted-Wait,Completed-Closed,,,,,,,,,,,,,,,,,,,,,,,,,,,,,,,,
1040.0,Accepted-In Progress,Completed-Closed,,,,,,,,,,,,,,,,,,,,,,,,,,,,,,,,,
1041.0,Accepted-In Progress,Accepted-Wait,Accepted-In Progress,Accepted-Wait,Queued-Awaiting Assignment,Accepted-In Progress,Accepted-Assigned,Accepted-Assigned,Completed-Closed,,,,,,,,,,,,,,,,,,,,,,,,,,
1042.0,Accepted-In Progress,Completed-Closed,,,,,,,,,,,,,,,,,,,,,,,,,,,,,,,,,
1043.0,Accepted-In Progress,Completed-Closed,,,,,,,,,,,,,,,,,,,,,,,,,,,,,,,,,
1044.0,Accepted-In Progress,Completed-Closed,,,,,,,,,,,,,,,,,,,,,,,,,,,,,,,,,
1045.0,Accepted-In Progress,Completed-Closed,,,,,,,,,,,,,,,,,,,,,,,,,,,,,,,,,
1046.0,Accepted-In Progress,Accepted-Wait,Queued-Awaiting Assignment,Accepted-Assigned,Accepted-In Progress,Accepted-In Progress,Accepted-In Progress,Completed-Closed,Accepted-In Progress,Completed-Closed,Accepted-In Progress,Completed-Closed,,,,,,,,,,,,,,,,,,,,,,,
1047.0,Accepted-In Progress,Completed-Closed,,,,,,,,,,,,,,,,,,,,,,,,,,,,,,,,,
1048.0,Accepted-In Progress,Completed-Closed,,,,,,,,,,,,,,,,,,,,,,,,,,,,,,,,,
1049.0,Accepted-In Progress,Accepted-Wait,Completed-Closed,,,,,,,,,,,,,,,,,,,,,,,,,,,,,,,,
1050.0,Accepted-In Progress,Accepted-In Progress,Completed-Closed,,,,,,,,,,,,,,,,,,,,,,,,,,,,,,,,
1051.0,Accepted-In Progress,Accepted-Wait,Queued-Awaiting Assignment,Accepted-In Progress,Queued-Awaiting Assignment,Accepted-In Progress,Completed-Closed,,,,,,,,,,,,,,,,,,,,,,,,,,,,
1052.0,Accepted-In Progress,Completed-Closed,,,,,,,,,,,,,,,,,,,,,,,,,,,,,,,,,
1053.0,Accepted-In Progress,Accepted-In Progress,Completed-Closed,,,,,,,,,,,,,,,,,,,,,,,,,,,,,,,,
1054.0,Accepted-In Progress,Completed-Closed,,,,,,,,,,,,,,,,,,,,,,,,,,,,,,,,,
1055.0,Accepted-In Progress,Accepted-In Progress,Completed-Closed,,,,,,,,,,,,,,,,,,,,,,,,,,,,,,,,
1056.0,Accepted-In Progress,Accepted-In Progress,Completed-Closed,,,,,,,,,,,,,,,,,,,,,,,,,,,,,,,,
1057.0,Accepted-In Progress,Queued-Awaiting Assignment,Accepted-In Progress,Queued-Awaiting Assignment,Accepted-In Progress,Completed-Closed,,,,,,,,,,,,,,,,,,,,,,,,,,,,,
1058.0,Queued-Awaiting Assignment,Accepted-In Progress,Completed-Closed,,,,,,,,,,,,,,,,,,,,,,,,,,,,,,,,
1059.0,Accepted-In Progress,Completed-Closed,,,,,,,,,,,,,,,,,,,,,,,,,,,,,,,,,
1060.0,Accepted-In Progress,Completed-Closed,,,,,,,,,,,,,,,,,,,,,,,,,,,,,,,,,
1061.0,Accepted-In Progress,Completed-Closed,,,,,,,,,,,,,,,,,,,,,,,,,,,,,,,,,
1062.0,Accepted-Assigned,Accepted-Wait,Completed-Closed,,,,,,,,,,,,,,,,,,,,,,,,,,,,,,,,
1063.0,Accepted-In Progress,Queued-Awaiting Assignment,Accepted-In Progress,Accepted-Wait,Completed-Closed,,,,,,,,,,,,,,,,,,,,,,,,,,,,,,
1064.0,Accepted-In Progress,Accepted-Wait,Accepted-Wait,Accepted-In Progress,Completed-Closed,,,,,,,,,,,,,,,,,,,,,,,,,,,,,,
1065.0,Accepted-In Progress,Completed-Closed,,,,,,,,,,,,,,,,,,,,,,,,,,,,,,,,,
1066.0,Accepted-Wait,Queued-Awaiting Assignment,Queued-Awaiting Assignment,Accepted-In Progress,Completed-Closed,,,,,,,,,,,,,,,,,,,,,,,,,,,,,,
1067.0,Accepted-In Progress,Completed-Closed,,,,,,,,,,,,,,,,,,,,,,,,,,,,,,,,,
1068.0,Accepted-In Progress,Accepted-Wait,Completed-Closed,,,,,,,,,,,,,,,,,,,,,,,,,,,,,,,,
1069.0,Accepted-In Progress,Accepted-Wait,Completed-Closed,,,,,,,,,,,,,,,,,,,,,,,,,,,,,,,,
1070.0,Accepted-In Progress,,,,,,,,,,,,,,,,,,,,,,,,,,,,,,,,,,
1071.0,Accepted-In Progress,Accepted-Assigned,Accepted-In Progress,Accepted-Wait,Accepted-In Progress,Accepted-Wait,Completed-Closed,,,,,,,,,,,,,,,,,,,,,,,,,,,,
1072.0,Accepted-In Progress,Queued-Awaiting Assignment,Accepted-In Progress,Accepted-Assigned,Accepted-In Progress,Completed-Closed,,,,,,,,,,,,,,,,,,,,,,,,,,,,,
1073.0,Accepted-In Progress,Completed-Closed,,,,,,,,,,,,,,,,,,,,,,,,,,,,,,,,,
1074.0,Accepted-In Progress,Accepted-Wait,Completed-Closed,Accepted-In Progress,Queued-Awaiting Assignment,Accepted-In Progress,Completed-Closed,,,,,,,,,,,,,,,,,,,,,,,,,,,,
1075.0,Accepted-In Progress,Completed-Closed,,,,,,,,,,,,,,,,,,,,,,,,,,,,,,,,,
1076.0,Accepted-In Progress,Accepted-Wait,Completed-Closed,,,,,,,,,,,,,,,,,,,,,,,,,,,,,,,,
1077.0,Accepted-In Progress,Completed-Closed,,,,,,,,,,,,,,,,,,,,,,,,,,,,,,,,,
1078.0,Accepted-In Progress,Accepted-Wait,Completed-Closed,Accepted-In Progress,Queued-Awaiting Assignment,Accepted-In Progress,Completed-Closed,,,,,,,,,,,,,,,,,,,,,,,,,,,,
1079.0,Accepted-In Progress,Queued-Awaiting Assignment,Accepted-In Progress,Accepted-Assigned,Queued-Awaiting Assignment,Accepted-In Progress,Accepted-Assigned,Accepted-Assigned,Queued-Awaiting Assignment,Accepted-In Progress,Accepted-Wait,Accepted-Assigned,Accepted-In Progress,Completed-Closed,,,,,,,,,,,,,,,,,,,,,
1080.0,Queued-Awaiting Assignment,Accepted-In Progress,Completed-Closed,,,,,,,,,,,,,,,,,,,,,,,,,,,,,,,,
1081.0,Accepted-In Progress,Queued-Awaiting Assignment,Accepted-In Progress,Accepted-Assigned,Queued-Awaiting Assignment,Accepted-In Progress,Accepted-Assigned,Accepted-In Progress,Accepted-Assigned,Accepted-In Progress,Completed-Closed,,,,,,,,,,,,,,,,,,,,,,,,
1082.0,Accepted-In Progress,Accepted-In Progress,Completed-Closed,,,,,,,,,,,,,,,,,,,,,,,,,,,,,,,,
1083.0,Accepted-Assigned,Accepted-In Progress,Completed-Closed,,,,,,,,,,,,,,,,,,,,,,,,,,,,,,,,
1084.0,Accepted-In Progress,Queued-Awaiting Assignment,Accepted-In Progress,Accepted-Wait,Queued-Awaiting Assignment,Accepted-In Progress,Accepted-Assigned,Accepted-In Progress,Completed-Closed,,,,,,,,,,,,,,,,,,,,,,,,,,
1085.0,Accepted-In Progress,Completed-Closed,,,,,,,,,,,,,,,,,,,,,,,,,,,,,,,,,
1086.0,Accepted-In Progress,Completed-Closed,,,,,,,,,,,,,,,,,,,,,,,,,,,,,,,,,
1087.0,Accepted-In Progress,Accepted-Assigned,Accepted-In Progress,Completed-Closed,,,,,,,,,,,,,,,,,,,,,,,,,,,,,,,
1088.0,Accepted-In Progress,Queued-Awaiting Assignment,Accepted-In Progress,Accepted-Assigned,Accepted-In Progress,Completed-Closed,,,,,,,,,,,,,,,,,,,,,,,,,,,,,
1089.0,Accepted-In Progress,Queued-Awaiting Assignment,Accepted-In Progress,Completed-Closed,,,,,,,,,,,,,,,,,,,,,,,,,,,,,,,
1090.0,Accepted-In Progress,Queued-Awaiting Assignment,Accepted-In Progress,Queued-Awaiting Assignment,Accepted-In Progress,Queued-Awaiting Assignment,Accepted-In Progress,Queued-Awaiting Assignment,Accepted-In Progress,Queued-Awaiting Assignment,Accepted-In Progress,Queued-Awaiting Assignment,Accepted-In Progress,Queued-Awaiting Assignment,Accepted-In Progress,Queued-Awaiting Assignment,Accepted-In Progress,Accepted-In Progress,Queued-Awaiting Assignment,Queued-Awaiting Assignment,Accepted-In Progress,Accepted-In Progress,Accepted-In Progress,Accepted-In Progress,Queued-Awaiting Assignment,Queued-Awaiting Assignment,Accepted-In Progress,Completed-Closed,,,,,,,
1091.0,Accepted-In Progress,Completed-Closed,,,,,,,,,,,,,,,,,,,,,,,,,,,,,,,,,
1092.0,Accepted-In Progress,Queued-Awaiting Assignment,Accepted-In Progress,Completed-Closed,,,,,,,,,,,,,,,,,,,,,,,,,,,,,,,
1093.0,Queued-Awaiting Assignment,Accepted-In Progress,Completed-Closed,,,,,,,,,,,,,,,,,,,,,,,,,,,,,,,,
1094.0,Accepted-In Progress,Accepted-Wait,Completed-Closed,,,,,,,,,,,,,,,,,,,,,,,,,,,,,,,,
1095.0,Accepted-In Progress,Accepted-Wait,Completed-Closed,,,,,,,,,,,,,,,,,,,,,,,,,,,,,,,,
1096.0,Accepted-In Progress,Completed-Closed,,,,,,,,,,,,,,,,,,,,,,,,,,,,,,,,,
1097.0,Accepted-In Progress,Accepted-Assigned,Accepted-Wait,Completed-Closed,,,,,,,,,,,,,,,,,,,,,,,,,,,,,,,
1098.0,Accepted-In Progress,Queued-Awaiting Assignment,Accepted-In Progress,Accepted-Wait,Completed-Closed,,,,,,,,,,,,,,,,,,,,,,,,,,,,,,
1099.0,Accepted-In Progress,Completed-Closed,,,,,,,,,,,,,,,,,,,,,,,,,,,,,,,,,
1100.0,Accepted-In Progress,Completed-Closed,,,,,,,,,,,,,,,,,,,,,,,,,,,,,,,,,
1101.0,Accepted-In Progress,Completed-Closed,,,,,,,,,,,,,,,,,,,,,,,,,,,,,,,,,
1102.0,Queued-Awaiting Assignment,Accepted-In Progress,Queued-Awaiting Assignment,Queued-Awaiting Assignment,Accepted-Assigned,Queued-Awaiting Assignment,Accepted-Assigned,Queued-Awaiting Assignment,Accepted-In Progress,Completed-Closed,,,,,,,,,,,,,,,,,,,,,,,,,
1103.0,Accepted-In Progress,Accepted-Wait,Completed-Closed,,,,,,,,,,,,,,,,,,,,,,,,,,,,,,,,
1104.0,Accepted-In Progress,Accepted-In Progress,Completed-Closed,,,,,,,,,,,,,,,,,,,,,,,,,,,,,,,,
1105.0,Accepted-In Progress,Completed-Closed,,,,,,,,,,,,,,,,,,,,,,,,,,,,,,,,,
1106.0,Accepted-In Progress,Accepted-In Progress,Completed-Closed,,,,,,,,,,,,,,,,,,,,,,,,,,,,,,,,
1107.0,Accepted-In Progress,Accepted-In Progress,Queued-Awaiting Assignment,Accepted-In Progress,Completed-Closed,Accepted-In Progress,Completed-Closed,Accepted-In Progress,Completed-Closed,,,,,,,,,,,,,,,,,,,,,,,,,,
1108.0,Accepted-Wait,Completed-Closed,,,,,,,,,,,,,,,,,,,,,,,,,,,,,,,,,
1109.0,Accepted-In Progress,Accepted-Assigned,Accepted-In Progress,Completed-Closed,,,,,,,,,,,,,,,,,,,,,,,,,,,,,,,
1110.0,Accepted-In Progress,Completed-Closed,,,,,,,,,,,,,,,,,,,,,,,,,,,,,,,,,
1111.0,Queued-Awaiting Assignment,Accepted-In Progress,Accepted-In Progress,Accepted-Assigned,Accepted-Assigned,Accepted-In Progress,Completed-Closed,,,,,,,,,,,,,,,,,,,,,,,,,,,,
1112.0,Queued-Awaiting Assignment,Accepted-In Progress,Accepted-In Progress,Queued-Awaiting Assignment,Queued-Awaiting Assignment,Accepted-In Progress,Completed-Cancelled,Accepted-In Progress,Completed-Closed,,,,,,,,,,,,,,,,,,,,,,,,,,
1113.0,Accepted-In Progress,Completed-Closed,,,,,,,,,,,,,,,,,,,,,,,,,,,,,,,,,
1114.0,Accepted-In Progress,Completed-Closed,,,,,,,,,,,,,,,,,,,,,,,,,,,,,,,,,
1115.0,Accepted-In Progress,Accepted-Wait,Accepted-Wait,Completed-Closed,,,,,,,,,,,,,,,,,,,,,,,,,,,,,,,
1116.0,Accepted-In Progress,Accepted-Wait,Completed-Closed,,,,,,,,,,,,,,,,,,,,,,,,,,,,,,,,
1117.0,Accepted-In Progress,Accepted-In Progress,Completed-Closed,,,,,,,,,,,,,,,,,,,,,,,,,,,,,,,,
1118.0,Accepted-In Progress,Completed-Closed,,,,,,,,,,,,,,,,,,,,,,,,,,,,,,,,,
1119.0,Accepted-In Progress,Completed-Closed,,,,,,,,,,,,,,,,,,,,,,,,,,,,,,,,,
1120.0,Accepted-In Progress,Completed-Closed,,,,,,,,,,,,,,,,,,,,,,,,,,,,,,,,,
1121.0,Accepted-In Progress,Queued-Awaiting Assignment,Queued-Awaiting Assignment,Accepted-In Progress,Queued-Awaiting Assignment,Accepted-In Progress,Queued-Awaiting Assignment,Accepted-In Progress,Queued-Awaiting Assignment,Accepted-In Progress,Queued-Awaiting Assignment,Accepted-In Progress,Completed-Closed,,,,,,,,,,,,,,,,,,,,,,
1122.0,Accepted-In Progress,Accepted-Assigned,Completed-Closed,,,,,,,,,,,,,,,,,,,,,,,,,,,,,,,,
1123.0,Accepted-In Progress,Queued-Awaiting Assignment,Accepted-In Progress,Accepted-Assigned,Accepted-Wait,Completed-Closed,,,,,,,,,,,,,,,,,,,,,,,,,,,,,
1124.0,Accepted-In Progress,Completed-Closed,,,,,,,,,,,,,,,,,,,,,,,,,,,,,,,,,
1125.0,Accepted-In Progress,Accepted-In Progress,Queued-Awaiting Assignment,Accepted-In Progress,Accepted-Wait,Accepted-In Progress,Completed-Closed,,,,,,,,,,,,,,,,,,,,,,,,,,,,
1126.0,Accepted-In Progress,Accepted-Assigned,Accepted-Wait,Completed-Closed,,,,,,,,,,,,,,,,,,,,,,,,,,,,,,,
1127.0,Accepted-In Progress,Accepted-Wait,Queued-Awaiting Assignment,Accepted-In Progress,Accepted-Wait,Accepted-In Progress,Accepted-Wait,Accepted-Assigned,Completed-Closed,,,,,,,,,,,,,,,,,,,,,,,,,,
1128.0,Accepted-In Progress,Completed-Closed,,,,,,,,,,,,,,,,,,,,,,,,,,,,,,,,,
1129.0,Accepted-In Progress,Accepted-In Progress,Completed-Closed,,,,,,,,,,,,,,,,,,,,,,,,,,,,,,,,
1130.0,Accepted-In Progress,Accepted-Assigned,Accepted-Assigned,Accepted-In Progress,Completed-Closed,,,,,,,,,,,,,,,,,,,,,,,,,,,,,,
1131.0,Accepted-In Progress,Completed-Closed,,,,,,,,,,,,,,,,,,,,,,,,,,,,,,,,,
1132.0,Accepted-In Progress,Accepted-In Progress,Queued-Awaiting Assignment,Accepted-In Progress,Accepted-Assigned,Accepted-In Progress,Completed-Closed,,,,,,,,,,,,,,,,,,,,,,,,,,,,
1133.0,Accepted-In Progress,Queued-Awaiting Assignment,Accepted-In Progress,Accepted-In Progress,Queued-Awaiting Assignment,Accepted-In Progress,Completed-Closed,,,,,,,,,,,,,,,,,,,,,,,,,,,,
1134.0,Accepted-In Progress,Accepted-Wait,Completed-Closed,,,,,,,,,,,,,,,,,,,,,,,,,,,,,,,,
1135.0,Accepted-In Progress,Completed-Closed,Accepted-In Progress,Completed-Closed,,,,,,,,,,,,,,,,,,,,,,,,,,,,,,,
1136.0,Accepted-In Progress,Accepted-Wait,Completed-Closed,,,,,,,,,,,,,,,,,,,,,,,,,,,,,,,,
1137.0,Accepted-In Progress,Completed-Closed,,,,,,,,,,,,,,,,,,,,,,,,,,,,,,,,,
1138.0,Accepted-In Progress,Queued-Awaiting Assignment,Accepted-In Progress,Queued-Awaiting Assignment,Accepted-In Progress,Queued-Awaiting Assignment,Accepted-In Progress,Queued-Awaiting Assignment,Accepted-In Progress,Completed-Closed,,,,,,,,,,,,,,,,,,,,,,,,,
1139.0,Accepted-In Progress,Accepted-Wait,Completed-Closed,,,,,,,,,,,,,,,,,,,,,,,,,,,,,,,,
1140.0,Accepted-In Progress,Accepted-Wait,Completed-Closed,,,,,,,,,,,,,,,,,,,,,,,,,,,,,,,,
1141.0,Accepted-In Progress,Accepted-Wait,Completed-Closed,,,,,,,,,,,,,,,,,,,,,,,,,,,,,,,,
1142.0,Accepted-In Progress,Completed-Closed,,,,,,,,,,,,,,,,,,,,,,,,,,,,,,,,,
1143.0,Accepted-In Progress,Completed-Closed,,,,,,,,,,,,,,,,,,,,,,,,,,,,,,,,,
1144.0,Accepted-In Progress,Completed-Closed,Accepted-In Progress,Completed-Closed,,,,,,,,,,,,,,,,,,,,,,,,,,,,,,,
1145.0,Accepted-In Progress,Completed-Closed,,,,,,,,,,,,,,,,,,,,,,,,,,,,,,,,,
1146.0,Accepted-In Progress,Accepted-Wait,Completed-Closed,,,,,,,,,,,,,,,,,,,,,,,,,,,,,,,,
1147.0,Queued-Awaiting Assignment,Accepted-In Progress,Accepted-Wait,Completed-Closed,,,,,,,,,,,,,,,,,,,,,,,,,,,,,,,
1148.0,Accepted-In Progress,Completed-Closed,,,,,,,,,,,,,,,,,,,,,,,,,,,,,,,,,
1149.0,Queued-Awaiting Assignment,Accepted-In Progress,Queued-Awaiting Assignment,Accepted-In Progress,Completed-Closed,,,,,,,,,,,,,,,,,,,,,,,,,,,,,,
1150.0,Accepted-In Progress,Completed-Closed,,,,,,,,,,,,,,,,,,,,,,,,,,,,,,,,,
1151.0,Accepted-In Progress,Completed-Closed,,,,,,,,,,,,,,,,,,,,,,,,,,,,,,,,,
1152.0,Accepted-In Progress,Queued-Awaiting Assignment,Accepted-In Progress,Completed-Closed,,,,,,,,,,,,,,,,,,,,,,,,,,,,,,,
1153.0,Accepted-In Progress,Completed-Closed,,,,,,,,,,,,,,,,,,,,,,,,,,,,,,,,,
1154.0,Accepted-In Progress,Completed-Closed,Accepted-In Progress,Queued-Awaiting Assignment,Accepted-In Progress,Queued-Awaiting Assignment,Accepted-In Progress,Completed-Closed,,,,,,,,,,,,,,,,,,,,,,,,,,,
1155.0,Accepted-In Progress,Completed-Closed,,,,,,,,,,,,,,,,,,,,,,,,,,,,,,,,,
1156.0,Accepted-In Progress,Completed-Closed,,,,,,,,,,,,,,,,,,,,,,,,,,,,,,,,,
1157.0,Accepted-In Progress,Accepted-In Progress,Accepted-In Progress,Queued-Awaiting Assignment,Accepted-In Progress,Queued-Awaiting Assignment,Accepted-In Progress,Queued-Awaiting Assignment,Accepted-In Progress,Completed-Closed,,,,,,,,,,,,,,,,,,,,,,,,,
1158.0,Accepted-In Progress,Accepted-Assigned,Completed-Closed,,,,,,,,,,,,,,,,,,,,,,,,,,,,,,,,
1159.0,Accepted-In Progress,Queued-Awaiting Assignment,Accepted-In Progress,Accepted-Assigned,Accepted-Assigned,Completed-Closed,,,,,,,,,,,,,,,,,,,,,,,,,,,,,
1160.0,Accepted-In Progress,Queued-Awaiting Assignment,Accepted-In Progress,Accepted-Assigned,Completed-Closed,,,,,,,,,,,,,,,,,,,,,,,,,,,,,,
1161.0,Accepted-In Progress,Completed-Closed,,,,,,,,,,,,,,,,,,,,,,,,,,,,,,,,,
1162.0,Accepted-In Progress,Accepted-In Progress,Completed-Closed,,,,,,,,,,,,,,,,,,,,,,,,,,,,,,,,
1163.0,Accepted-In Progress,Queued-Awaiting Assignment,Accepted-In Progress,Completed-Closed,,,,,,,,,,,,,,,,,,,,,,,,,,,,,,,
1164.0,Accepted-In Progress,Queued-Awaiting Assignment,Accepted-In Progress,Accepted-Assigned,Accepted-In Progress,Completed-Closed,,,,,,,,,,,,,,,,,,,,,,,,,,,,,
1165.0,Accepted-In Progress,Completed-Closed,,,,,,,,,,,,,,,,,,,,,,,,,,,,,,,,,
1166.0,Accepted-In Progress,Accepted-Wait,Completed-Closed,,,,,,,,,,,,,,,,,,,,,,,,,,,,,,,,
1167.0,Accepted-In Progress,Accepted-Wait,Completed-Closed,,,,,,,,,,,,,,,,,,,,,,,,,,,,,,,,
1168.0,Accepted-In Progress,Completed-Closed,,,,,,,,,,,,,,,,,,,,,,,,,,,,,,,,,
1169.0,Accepted-In Progress,Completed-Closed,,,,,,,,,,,,,,,,,,,,,,,,,,,,,,,,,
1170.0,Accepted-In Progress,Queued-Awaiting Assignment,Queued-Awaiting Assignment,Accepted-In Progress,Completed-Closed,,,,,,,,,,,,,,,,,,,,,,,,,,,,,,
1171.0,Accepted-In Progress,Completed-Closed,,,,,,,,,,,,,,,,,,,,,,,,,,,,,,,,,
1172.0,Accepted-In Progress,Completed-Closed,,,,,,,,,,,,,,,,,,,,,,,,,,,,,,,,,
1173.0,Accepted-In Progress,Completed-Closed,,,,,,,,,,,,,,,,,,,,,,,,,,,,,,,,,
1174.0,Accepted-In Progress,Completed-Closed,,,,,,,,,,,,,,,,,,,,,,,,,,,,,,,,,
1175.0,Accepted-In Progress,Queued-Awaiting Assignment,Accepted-In Progress,Queued-Awaiting Assignment,Accepted-In Progress,Completed-Closed,,,,,,,,,,,,,,,,,,,,,,,,,,,,,
1176.0,Accepted-In Progress,Queued-Awaiting Assignment,Accepted-In Progress,Accepted-Assigned,Accepted-In Progress,Accepted-Wait,Completed-Closed,,,,,,,,,,,,,,,,,,,,,,,,,,,,
1177.0,Accepted-In Progress,Accepted-In Progress,Completed-Closed,,,,,,,,,,,,,,,,,,,,,,,,,,,,,,,,
1178.0,Accepted-In Progress,Completed-Closed,,,,,,,,,,,,,,,,,,,,,,,,,,,,,,,,,
1179.0,Accepted-Wait,Accepted-In Progress,Completed-Closed,Accepted-In Progress,Completed-Closed,,,,,,,,,,,,,,,,,,,,,,,,,,,,,,
1180.0,Accepted-In Progress,Accepted-In Progress,Completed-Closed,,,,,,,,,,,,,,,,,,,,,,,,,,,,,,,,
1181.0,Accepted-In Progress,Accepted-Assigned,Accepted-In Progress,Completed-Closed,,,,,,,,,,,,,,,,,,,,,,,,,,,,,,,
1182.0,Accepted-In Progress,Completed-Closed,,,,,,,,,,,,,,,,,,,,,,,,,,,,,,,,,
1183.0,Accepted-In Progress,Completed-Closed,,,,,,,,,,,,,,,,,,,,,,,,,,,,,,,,,
,Accepted-In Progress,Queued-Awaiting Assignment,Accepted-In Progress,Queued-Awaiting Assignment,Accepted-Assigned,Accepted-Assigned,Accepted-In Progress,Completed-Closed,,,,,,,,,,,,,,,,,,,,,,,,,,,
1185.0,Queued-Awaiting Assignment,Accepted-In Progress,Completed-Closed,,,,,,,,,,,,,,,,,,,,,,,,,,,,,,,,
1186.0,Accepted-In Progress,Accepted-In Progress,Completed-Closed,,,,,,,,,,,,,,,,,,,,,,,,,,,,,,,,
1187.0,Accepted-In Progress,Queued-Awaiting Assignment,Queued-Awaiting Assignment,Accepted-In Progress,Completed-Closed,,,,,,,,,,,,,,,,,,,,,,,,,,,,,,
1188.0,Accepted-In Progress,Completed-Closed,Accepted-In Progress,Completed-Closed,Accepted-In Progress,Accepted-In Progress,Completed-Closed,Accepted-In Progress,Completed-Closed,,,,,,,,,,,,,,,,,,,,,,,,,,
1189.0,Accepted-In Progress,Completed-Closed,,,,,,,,,,,,,,,,,,,,,,,,,,,,,,,,,
1190.0,Accepted-In Progress,Completed-Closed,,,,,,,,,,,,,,,,,,,,,,,,,,,,,,,,,
1191.0,Accepted-In Progress,Completed-Closed,,,,,,,,,,,,,,,,,,,,,,,,,,,,,,,,,
1192.0,Accepted-In Progress,Accepted-In Progress,Accepted-Wait,Accepted-In Progress,Completed-Closed,,,,,,,,,,,,,,,,,,,,,,,,,,,,,,
1193.0,Accepted-In Progress,Accepted-Assigned,Accepted-In Progress,Completed-Closed,,,,,,,,,,,,,,,,,,,,,,,,,,,,,,,
1194.0,Accepted-In Progress,Completed-Closed,,,,,,,,,,,,,,,,,,,,,,,,,,,,,,,,,
1195.0,Accepted-In Progress,Queued-Awaiting Assignment,Accepted-In Progress,Accepted-Assigned,Accepted-Assigned,Accepted-Wait,Accepted-Assigned,Queued-Awaiting Assignment,Accepted-In Progress,Accepted-Assigned,Accepted-In Progress,Accepted-Assigned,Queued-Awaiting Assignment,Accepted-In Progress,Accepted-In Progress,Completed-Closed,,,,,,,,,,,,,,,,,,,
1196.0,Queued-Awaiting Assignment,Accepted-In Progress,Completed-Closed,,,,,,,,,,,,,,,,,,,,,,,,,,,,,,,,
1197.0,Accepted-In Progress,Completed-Closed,,,,,,,,,,,,,,,,,,,,,,,,,,,,,,,,,
1198.0,Accepted-Wait,Completed-Closed,,,,,,,,,,,,,,,,,,,,,,,,,,,,,,,,,
1199.0,Accepted-In Progress,Completed-Closed,,,,,,,,,,,,,,,,,,,,,,,,,,,,,,,,,
1200.0,Accepted-In Progress,Accepted-Wait,Accepted-Wait,Accepted-In Progress,Completed-Closed,,,,,,,,,,,,,,,,,,,,,,,,,,,,,,
1201.0,Accepted-In Progress,Completed-Closed,,,,,,,,,,,,,,,,,,,,,,,,,,,,,,,,,
1202.0,Accepted-In Progress,Accepted-Wait,Completed-Closed,,,,,,,,,,,,,,,,,,,,,,,,,,,,,,,,
1203.0,Accepted-In Progress,Accepted-Wait,Accepted-Assigned,Accepted-In Progress,Completed-Closed,,,,,,,,,,,,,,,,,,,,,,,,,,,,,,
1204.0,Accepted-In Progress,Queued-Awaiting Assignment,Accepted-In Progress,Queued-Awaiting Assignment,Accepted-In Progress,Completed-Closed,,,,,,,,,,,,,,,,,,,,,,,,,,,,,
1205.0,Accepted-In Progress,Completed-Closed,,,,,,,,,,,,,,,,,,,,,,,,,,,,,,,,,
1206.0,Accepted-In Progress,Accepted-Wait,Completed-Closed,,,,,,,,,,,,,,,,,,,,,,,,,,,,,,,,
1207.0,Accepted-In Progress,Completed-Closed,,,,,,,,,,,,,,,,,,,,,,,,,,,,,,,,,
1208.0,Accepted-In Progress,Completed-Closed,,,,,,,,,,,,,,,,,,,,,,,,,,,,,,,,,
1209.0,Accepted-In Progress,Completed-Closed,,,,,,,,,,,,,,,,,,,,,,,,,,,,,,,,,
1210.0,Accepted-In Progress,Queued-Awaiting Assignment,Accepted-In Progress,Accepted-Assigned,Queued-Awaiting Assignment,Accepted-In Progress,Accepted-Assigned,Accepted-In Progress,Queued-Awaiting Assignment,Accepted-Assigned,Accepted-Wait,Completed-Closed,,,,,,,,,,,,,,,,,,,,,,,
1211.0,Accepted-In Progress,Completed-Closed,,,,,,,,,,,,,,,,,,,,,,,,,,,,,,,,,
1212.0,Accepted-In Progress,Completed-Closed,,,,,,,,,,,,,,,,,,,,,,,,,,,,,,,,,
1213.0,Accepted-In Progress,Queued-Awaiting Assignment,Accepted-In Progress,Queued-Awaiting Assignment,Accepted-In Progress,Accepted-In Progress,Accepted-Wait,Completed-Closed,,,,,,,,,,,,,,,,,,,,,,,,,,,
1214.0,Accepted-In Progress,Completed-Closed,,,,,,,,,,,,,,,,,,,,,,,,,,,,,,,,,
1215.0,Queued-Awaiting Assignment,Queued-Awaiting Assignment,Accepted-In Progress,Completed-Closed,,,,,,,,,,,,,,,,,,,,,,,,,,,,,,,
1216.0,Queued-Awaiting Assignment,Accepted-In Progress,Queued-Awaiting Assignment,Accepted-In Progress,Completed-Closed,,,,,,,,,,,,,,,,,,,,,,,,,,,,,,
1217.0,Accepted-In Progress,,Completed-Closed,,,,,,,,,,,,,,,,,,,,,,,,,,,,,,,,
1218.0,Accepted-In Progress,Completed-Closed,,,,,,,,,,,,,,,,,,,,,,,,,,,,,,,,,
1219.0,Accepted-In Progress,Completed-Closed,,,,,,,,,,,,,,,,,,,,,,,,,,,,,,,,,
1220.0,Accepted-In Progress,Accepted-Wait,Completed-Closed,Accepted-In Progress,Completed-Closed,,,,,,,,,,,,,,,,,,,,,,,,,,,,,,
1221.0,Accepted-In Progress,Completed-Closed,,,,,,,,,,,,,,,,,,,,,,,,,,,,,,,,,
1222.0,Accepted-In Progress,Accepted-In Progress,Completed-Closed,,,,,,,,,,,,,,,,,,,,,,,,,,,,,,,,
1223.0,Accepted-In Progress,Completed-Closed,,,,,,,,,,,,,,,,,,,,,,,,,,,,,,,,,
1224.0,Accepted-In Progress,Completed-Closed,,,,,,,,,,,,,,,,,,,,,,,,,,,,,,,,,
1225.0,Accepted-In Progress,Queued-Awaiting Assignment,Accepted-In Progress,Accepted-Assigned,Queued-Awaiting Assignment,Accepted-Assigned,Accepted-In Progress,Accepted-In Progress,Accepted-Assigned,Accepted-Wait,Completed-Closed,,,,,,,,,,,,,,,,,,,,,,,,
1226.0,Accepted-In Progress,Accepted-In Progress,Queued-Awaiting Assignment,Accepted-In Progress,Completed-Closed,,,,,,,,,,,,,,,,,,,,,,,,,,,,,,
1227.0,Accepted-In Progress,Completed-Closed,,,,,,,,,,,,,,,,,,,,,,,,,,,,,,,,,
1228.0,Accepted-In Progress,Completed-Closed,,,,,,,,,,,,,,,,,,,,,,,,,,,,,,,,,
1229.0,Accepted-In Progress,Queued-Awaiting Assignment,Accepted-In Progress,Completed-Closed,,,,,,,,,,,,,,,,,,,,,,,,,,,,,,,
1230.0,Accepted-In Progress,Accepted-In Progress,Queued-Awaiting Assignment,Accepted-In Progress,Queued-Awaiting Assignment,Accepted-In Progress,Accepted-In Progress,Completed-Closed,,,,,,,,,,,,,,,,,,,,,,,,,,,
1231.0,Accepted-In Progress,Queued-Awaiting Assignment,Accepted-In Progress,Accepted-Assigned,Accepted-In Progress,Completed-Closed,,,,,,,,,,,,,,,,,,,,,,,,,,,,,
1232.0,Accepted-In Progress,Completed-Closed,,,,,,,,,,,,,,,,,,,,,,,,,,,,,,,,,
1233.0,Accepted-In Progress,Completed-Closed,,,,,,,,,,,,,,,,,,,,,,,,,,,,,,,,,
1234.0,Accepted-In Progress,Completed-Closed,,,,,,,,,,,,,,,,,,,,,,,,,,,,,,,,,
1235.0,Accepted-In Progress,Queued-Awaiting Assignment,Accepted-In Progress,Accepted-Wait,Accepted-In Progress,Completed-Closed,,,,,,,,,,,,,,,,,,,,,,,,,,,,,
1236.0,Accepted-In Progress,Accepted-Wait,Completed-Closed,,,,,,,,,,,,,,,,,,,,,,,,,,,,,,,,
1237.0,Accepted-In Progress,Accepted-Wait,Completed-Closed,,,,,,,,,,,,,,,,,,,,,,,,,,,,,,,,
1238.0,Accepted-In Progress,Accepted-Wait,Completed-Closed,,,,,,,,,,,,,,,,,,,,,,,,,,,,,,,,
1239.0,Accepted-In Progress,Completed-Closed,,,,,,,,,,,,,,,,,,,,,,,,,,,,,,,,,
1240.0,Accepted-In Progress,Completed-Closed,,,,,,,,,,,,,,,,,,,,,,,,,,,,,,,,,
1241.0,Accepted-In Progress,Accepted-Wait,Accepted-In Progress,Completed-Closed,,,,,,,,,,,,,,,,,,,,,,,,,,,,,,,
1242.0,Accepted-In Progress,Queued-Awaiting Assignment,Accepted-In Progress,Completed-Closed,,,,,,,,,,,,,,,,,,,,,,,,,,,,,,,
1243.0,Accepted-In Progress,Queued-Awaiting Assignment,Accepted-In Progress,Accepted-In Progress,Completed-Closed,Accepted-In Progress,Completed-Closed,,,,,,,,,,,,,,,,,,,,,,,,,,,,
1244.0,Accepted-In Progress,Queued-Awaiting Assignment,Accepted-In Progress,Queued-Awaiting Assignment,Accepted-In Progress,Queued-Awaiting Assignment,Accepted-In Progress,Accepted-Wait,Completed-Closed,,,,,,,,,,,,,,,,,,,,,,,,,,
1245.0,Accepted-In Progress,Completed-Closed,,,,,,,,,,,,,,,,,,,,,,,,,,,,,,,,,
1246.0,Accepted-In Progress,Queued-Awaiting Assignment,Accepted-In Progress,Queued-Awaiting Assignment,Accepted-In Progress,Queued-Awaiting Assignment,Accepted-In Progress,Accepted-Assigned,Queued-Awaiting Assignment,Accepted-In Progress,Queued-Awaiting Assignment,Accepted-In Progress,Accepted-In Progress,Completed-Closed,,,,,,,,,,,,,,,,,,,,,
1247.0,Accepted-In Progress,Accepted-Wait,Completed-Closed,,,,,,,,,,,,,,,,,,,,,,,,,,,,,,,,
1248.0,Accepted-In Progress,Completed-Closed,,,,,,,,,,,,,,,,,,,,,,,,,,,,,,,,,
1249.0,Accepted-In Progress,Completed-Closed,,,,,,,,,,,,,,,,,,,,,,,,,,,,,,,,,
1250.0,Accepted-In Progress,Completed-Closed,,,,,,,,,,,,,,,,,,,,,,,,,,,,,,,,,
1251.0,Queued-Awaiting Assignment,Accepted-In Progress,Completed-Closed,,,,,,,,,,,,,,,,,,,,,,,,,,,,,,,,
1252.0,Accepted-In Progress,Accepted-Wait,Queued-Awaiting Assignment,Accepted-In Progress,Accepted-In Progress,Queued-Awaiting Assignment,Accepted-In Progress,Completed-Closed,,,,,,,,,,,,,,,,,,,,,,,,,,,
1253.0,Accepted-In Progress,Queued-Awaiting Assignment,Accepted-In Progress,Completed-Closed,,,,,,,,,,,,,,,,,,,,,,,,,,,,,,,
1254.0,Accepted-In Progress,Completed-Closed,,,,,,,,,,,,,,,,,,,,,,,,,,,,,,,,,
1255.0,Accepted-In Progress,Completed-Closed,,,,,,,,,,,,,,,,,,,,,,,,,,,,,,,,,
1256.0,Accepted-In Progress,Queued-Awaiting Assignment,Accepted-In Progress,Accepted-Assigned,Queued-Awaiting Assignment,Accepted-In Progress,Queued-Awaiting Assignment,Accepted-Assigned,Queued-Awaiting Assignment,Accepted-In Progress,Accepted-Assigned,Queued-Awaiting Assignment,Accepted-In Progress,Accepted-In Progress,Queued-Awaiting Assignment,Accepted-In Progress,Accepted-Wait,Accepted-In Progress,Completed-Closed,,,,,,,,,,,,,,,,
1257.0,Accepted-In Progress,Accepted-Assigned,Accepted-In Progress,Completed-Closed,Accepted-In Progress,Completed-Closed,,,,,,,,,,,,,,,,,,,,,,,,,,,,,
1258.0,Accepted-In Progress,Queued-Awaiting Assignment,Accepted-In Progress,Completed-Closed,,,,,,,,,,,,,,,,,,,,,,,,,,,,,,,
1259.0,Accepted-In Progress,Queued-Awaiting Assignment,Accepted-In Progress,Accepted-Wait,Accepted-In Progress,Accepted-Wait,Completed-Closed,,,,,,,,,,,,,,,,,,,,,,,,,,,,
1260.0,Accepted-In Progress,Completed-Closed,,,,,,,,,,,,,,,,,,,,,,,,,,,,,,,,,
1261.0,Accepted-In Progress,Completed-Closed,,,,,,,,,,,,,,,,,,,,,,,,,,,,,,,,,
1262.0,Accepted-In Progress,Accepted-Assigned,Accepted-In Progress,Accepted-Wait,Completed-Closed,,,,,,,,,,,,,,,,,,,,,,,,,,,,,,
1263.0,Accepted-In Progress,Completed-Closed,,,,,,,,,,,,,,,,,,,,,,,,,,,,,,,,,
1264.0,Accepted-In Progress,Completed-Closed,,,,,,,,,,,,,,,,,,,,,,,,,,,,,,,,,
1265.0,Accepted-Wait,Completed-Closed,,,,,,,,,,,,,,,,,,,,,,,,,,,,,,,,,
1266.0,Accepted-In Progress,Completed-Closed,,,,,,,,,,,,,,,,,,,,,,,,,,,,,,,,,
1267.0,Accepted-In Progress,Accepted-In Progress,Completed-Closed,,,,,,,,,,,,,,,,,,,,,,,,,,,,,,,,
1268.0,Accepted-In Progress,Completed-Closed,,,,,,,,,,,,,,,,,,,,,,,,,,,,,,,,,
1269.0,Accepted-In Progress,Completed-Closed,,,,,,,,,,,,,,,,,,,,,,,,,,,,,,,,,
1270.0,Accepted-In Progress,Completed-Closed,,,,,,,,,,,,,,,,,,,,,,,,,,,,,,,,,
1271.0,Accepted-In Progress,Completed-Closed,,,,,,,,,,,,,,,,,,,,,,,,,,,,,,,,,
1272.0,Accepted-In Progress,Accepted-In Progress,Accepted-In Progress,Queued-Awaiting Assignment,Accepted-In Progress,Completed-Closed,,,,,,,,,,,,,,,,,,,,,,,,,,,,,
1273.0,Accepted-In Progress,Queued-Awaiting Assignment,Accepted-In Progress,Completed-Closed,,,,,,,,,,,,,,,,,,,,,,,,,,,,,,,
1274.0,Accepted-In Progress,Queued-Awaiting Assignment,Accepted-In Progress,Queued-Awaiting Assignment,Accepted-In Progress,Completed-Closed,,,,,,,,,,,,,,,,,,,,,,,,,,,,,
1275.0,Accepted-In Progress,Queued-Awaiting Assignment,Accepted-In Progress,Completed-Closed,,,,,,,,,,,,,,,,,,,,,,,,,,,,,,,
1276.0,Accepted-In Progress,Accepted-In Progress,Completed-Closed,,,,,,,,,,,,,,,,,,,,,,,,,,,,,,,,
1277.0,Accepted-In Progress,Completed-Closed,,,,,,,,,,,,,,,,,,,,,,,,,,,,,,,,,
1278.0,Accepted-In Progress,Queued-Awaiting Assignment,Accepted-In Progress,Completed-Closed,,,,,,,,,,,,,,,,,,,,,,,,,,,,,,,
1279.0,Accepted-In Progress,Accepted-Wait,Completed-Closed,,,,,,,,,,,,,,,,,,,,,,,,,,,,,,,,
1280.0,Queued-Awaiting Assignment,Accepted-In Progress,Queued-Awaiting Assignment,Accepted-In Progress,Accepted-In Progress,Queued-Awaiting Assignment,Accepted-In Progress,Queued-Awaiting Assignment,Accepted-In Progress,Queued-Awaiting Assignment,Accepted-In Progress,Completed-Closed,,,,,,,,,,,,,,,,,,,,,,,
1281.0,Queued-Awaiting Assignment,Accepted-In Progress,Completed-Closed,,,,,,,,,,,,,,,,,,,,,,,,,,,,,,,,
1282.0,Accepted-In Progress,Accepted-In Progress,Completed-Closed,,,,,,,,,,,,,,,,,,,,,,,,,,,,,,,,
1283.0,Accepted-In Progress,Queued-Awaiting Assignment,Accepted-In Progress,Completed-Closed,,,,,,,,,,,,,,,,,,,,,,,,,,,,,,,
1284.0,Accepted-In Progress,Accepted-Wait,Completed-Closed,,,,,,,,,,,,,,,,,,,,,,,,,,,,,,,,
1285.0,Accepted-In Progress,Queued-Awaiting Assignment,Queued-Awaiting Assignment,Accepted-In Progress,Queued-Awaiting Assignment,Accepted-In Progress,Accepted-Wait,Queued-Awaiting Assignment,Accepted-In Progress,Queued-Awaiting Assignment,Accepted-In Progress,Queued-Awaiting Assignment,Accepted-In Progress,Accepted-Wait,Accepted-In Progress,Queued-Awaiting Assignment,Accepted-In Progress,Completed-Closed,,,,,,,,,,,,,,,,,
1286.0,Accepted-In Progress,Accepted-In Progress,Accepted-Wait,Completed-Closed,,,,,,,,,,,,,,,,,,,,,,,,,,,,,,,
1287.0,Accepted-In Progress,Queued-Awaiting Assignment,Accepted-In Progress,Completed-Closed,,,,,,,,,,,,,,,,,,,,,,,,,,,,,,,
1288.0,Accepted-In Progress,Queued-Awaiting Assignment,Accepted-In Progress,Completed-Closed,,,,,,,,,,,,,,,,,,,,,,,,,,,,,,,
1289.0,Accepted-In Progress,Completed-Closed,,,,,,,,,,,,,,,,,,,,,,,,,,,,,,,,,
1290.0,Accepted-In Progress,Completed-Closed,,,,,,,,,,,,,,,,,,,,,,,,,,,,,,,,,
1291.0,Queued-Awaiting Assignment,Accepted-In Progress,Completed-Closed,,,,,,,,,,,,,,,,,,,,,,,,,,,,,,,,
1292.0,Accepted-In Progress,Queued-Awaiting Assignment,Accepted-In Progress,Queued-Awaiting Assignment,Accepted-In Progress,Accepted-Wait,Completed-Closed,,,,,,,,,,,,,,,,,,,,,,,,,,,,
1293.0,Accepted-In Progress,Accepted-Wait,Queued-Awaiting Assignment,Accepted-In Progress,Accepted-Wait,Completed-Closed,,,,,,,,,,,,,,,,,,,,,,,,,,,,,
1294.0,Accepted-In Progress,Queued-Awaiting Assignment,Accepted-In Progress,Accepted-In Progress,Accepted-Assigned,Accepted-In Progress,Completed-Closed,,,,,,,,,,,,,,,,,,,,,,,,,,,,
1295.0,Accepted-In Progress,Completed-Closed,,,,,,,,,,,,,,,,,,,,,,,,,,,,,,,,,
1296.0,Accepted-In Progress,Queued-Awaiting Assignment,Accepted-In Progress,Accepted-Assigned,Accepted-In Progress,Completed-Closed,,,,,,,,,,,,,,,,,,,,,,,,,,,,,
1297.0,Accepted-In Progress,Queued-Awaiting Assignment,Queued-Awaiting Assignment,Accepted-In Progress,Queued-Awaiting Assignment,Accepted-In Progress,Completed-Closed,,,,,,,,,,,,,,,,,,,,,,,,,,,,
1298.0,Accepted-In Progress,Completed-Closed,,,,,,,,,,,,,,,,,,,,,,,,,,,,,,,,,
1299.0,Accepted-In Progress,Completed-Closed,,,,,,,,,,,,,,,,,,,,,,,,,,,,,,,,,
1300.0,Accepted-In Progress,Completed-Closed,,,,,,,,,,,,,,,,,,,,,,,,,,,,,,,,,
1301.0,Accepted-In Progress,Accepted-Wait,Completed-Closed,,,,,,,,,,,,,,,,,,,,,,,,,,,,,,,,
1302.0,Accepted-In Progress,Completed-Closed,,,,,,,,,,,,,,,,,,,,,,,,,,,,,,,,,
1303.0,Accepted-In Progress,Completed-Closed,,,,,,,,,,,,,,,,,,,,,,,,,,,,,,,,,
1304.0,Accepted-In Progress,Completed-Closed,,,,,,,,,,,,,,,,,,,,,,,,,,,,,,,,,
1305.0,Accepted-In Progress,Accepted-In Progress,Completed-Closed,,,,,,,,,,,,,,,,,,,,,,,,,,,,,,,,
1306.0,Accepted-In Progress,Accepted-In Progress,Completed-Closed,,,,,,,,,,,,,,,,,,,,,,,,,,,,,,,,
1307.0,Accepted-In Progress,Completed-Closed,,,,,,,,,,,,,,,,,,,,,,,,,,,,,,,,,
1308.0,Accepted-In Progress,Completed-Closed,,,,,,,,,,,,,,,,,,,,,,,,,,,,,,,,,
1309.0,Accepted-In Progress,Accepted-In Progress,Completed-Closed,,,,,,,,,,,,,,,,,,,,,,,,,,,,,,,,
1310.0,Accepted-In Progress,Completed-Closed,,,,,,,,,,,,,,,,,,,,,,,,,,,,,,,,,
1311.0,Accepted-In Progress,Completed-Closed,,,,,,,,,,,,,,,,,,,,,,,,,,,,,,,,,
1312.0,Accepted-In Progress,Accepted-In Progress,Queued-Awaiting Assignment,Queued-Awaiting Assignment,Accepted-In Progress,Queued-Awaiting Assignment,Accepted-Assigned,Queued-Awaiting Assignment,Accepted-In Progress,Accepted-In Progress,Accepted-In Progress,Accepted-Wait,Completed-Closed,,,,,,,,,,,,,,,,,,,,,,
1313.0,Accepted-In Progress,Accepted-Wait,Completed-Closed,,,,,,,,,,,,,,,,,,,,,,,,,,,,,,,,
1314.0,Accepted-In Progress,Queued-Awaiting Assignment,Accepted-In Progress,Accepted-Assigned,Queued-Awaiting Assignment,Accepted-In Progress,Completed-Closed,,,,,,,,,,,,,,,,,,,,,,,,,,,,
1315.0,Accepted-In Progress,Completed-Closed,,,,,,,,,,,,,,,,,,,,,,,,,,,,,,,,,
1316.0,Accepted-In Progress,Completed-Closed,,,,,,,,,,,,,,,,,,,,,,,,,,,,,,,,,
1317.0,Accepted-In Progress,Completed-Closed,,,,,,,,,,,,,,,,,,,,,,,,,,,,,,,,,
1318.0,Accepted-In Progress,Completed-Closed,,,,,,,,,,,,,,,,,,,,,,,,,,,,,,,,,
1319.0,Accepted-In Progress,Queued-Awaiting Assignment,Accepted-In Progress,Completed-Closed,,,,,,,,,,,,,,,,,,,,,,,,,,,,,,,
1320.0,Accepted-In Progress,Queued-Awaiting Assignment,Accepted-Assigned,Queued-Awaiting Assignment,Accepted-In Progress,Accepted-Assigned,Completed-Closed,,,,,,,,,,,,,,,,,,,,,,,,,,,,
1321.0,Accepted-In Progress,Completed-Closed,,,,,,,,,,,,,,,,,,,,,,,,,,,,,,,,,
1322.0,Accepted-In Progress,Completed-Closed,,,,,,,,,,,,,,,,,,,,,,,,,,,,,,,,,
1323.0,Accepted-In Progress,Accepted-Assigned,Accepted-Assigned,Accepted-In Progress,Completed-Closed,,,,,,,,,,,,,,,,,,,,,,,,,,,,,,
1324.0,Accepted-In Progress,Completed-Closed,,,,,,,,,,,,,,,,,,,,,,,,,,,,,,,,,
1325.0,Accepted-In Progress,Completed-Closed,,,,,,,,,,,,,,,,,,,,,,,,,,,,,,,,,
1326.0,Accepted-In Progress,Completed-Closed,,,,,,,,,,,,,,,,,,,,,,,,,,,,,,,,,
1327.0,Accepted-In Progress,Completed-Closed,,,,,,,,,,,,,,,,,,,,,,,,,,,,,,,,,
1328.0,Accepted-In Progress,Completed-Closed,,,,,,,,,,,,,,,,,,,,,,,,,,,,,,,,,
1329.0,Accepted-In Progress,Queued-Awaiting Assignment,Accepted-In Progress,Accepted-Assigned,Queued-Awaiting Assignment,Accepted-In Progress,Completed-Closed,,,,,,,,,,,,,,,,,,,,,,,,,,,,
1330.0,Accepted-In Progress,Accepted-In Progress,Accepted-In Progress,Accepted-In Progress,Queued-Awaiting Assignment,Accepted-Assigned,Accepted-In Progress,Completed-Closed,,,,,,,,,,,,,,,,,,,,,,,,,,,
1331.0,Queued-Awaiting Assignment,Accepted-In Progress,Completed-Closed,,,,,,,,,,,,,,,,,,,,,,,,,,,,,,,,
1332.0,Accepted-In Progress,Queued-Awaiting Assignment,Accepted-In Progress,Accepted-In Progress,Completed-Closed,,,,,,,,,,,,,,,,,,,,,,,,,,,,,,
1333.0,Accepted-In Progress,Completed-Closed,,,,,,,,,,,,,,,,,,,,,,,,,,,,,,,,,
1334.0,Accepted-In Progress,Completed-Closed,,,,,,,,,,,,,,,,,,,,,,,,,,,,,,,,,
1335.0,Accepted-In Progress,Queued-Awaiting Assignment,Accepted-In Progress,Accepted-Assigned,Queued-Awaiting Assignment,Accepted-In Progress,Queued-Awaiting Assignment,Accepted-In Progress,Queued-Awaiting Assignment,Accepted-In Progress,Completed-Closed,,,,,,,,,,,,,,,,,,,,,,,,
1336.0,Accepted-In Progress,Completed-Closed,,,,,,,,,,,,,,,,,,,,,,,,,,,,,,,,,
1337.0,Accepted-In Progress,Completed-Closed,,,,,,,,,,,,,,,,,,,,,,,,,,,,,,,,,
1338.0,Accepted-In Progress,Queued-Awaiting Assignment,Accepted-In Progress,Completed-Closed,,,,,,,,,,,,,,,,,,,,,,,,,,,,,,,
1339.0,Accepted-In Progress,Completed-Closed,,,,,,,,,,,,,,,,,,,,,,,,,,,,,,,,,
1340.0,Accepted-In Progress,Accepted-In Progress,Completed-Closed,,,,,,,,,,,,,,,,,,,,,,,,,,,,,,,,
1341.0,Accepted-In Progress,Completed-Closed,,,,,,,,,,,,,,,,,,,,,,,,,,,,,,,,,
1342.0,Accepted-In Progress,Queued-Awaiting Assignment,Accepted-In Progress,Completed-Closed,,,,,,,,,,,,,,,,,,,,,,,,,,,,,,,
1343.0,Accepted-In Progress,Completed-Closed,Accepted-In Progress,Completed-Closed,,,,,,,,,,,,,,,,,,,,,,,,,,,,,,,
1344.0,Accepted-In Progress,Completed-Closed,,,,,,,,,,,,,,,,,,,,,,,,,,,,,,,,,
1345.0,Accepted-In Progress,Completed-Closed,,,,,,,,,,,,,,,,,,,,,,,,,,,,,,,,,
1346.0,Accepted-In Progress,Queued-Awaiting Assignment,Accepted-In Progress,Completed-Closed,,,,,,,,,,,,,,,,,,,,,,,,,,,,,,,
1347.0,Queued-Awaiting Assignment,Accepted-In Progress,Completed-Closed,,,,,,,,,,,,,,,,,,,,,,,,,,,,,,,,
1348.0,Accepted-In Progress,Completed-Closed,Accepted-In Progress,Queued-Awaiting Assignment,Accepted-In Progress,Completed-Closed,,,,,,,,,,,,,,,,,,,,,,,,,,,,,
1349.0,Accepted-In Progress,Queued-Awaiting Assignment,Accepted-In Progress,Accepted-Wait,Completed-Closed,,,,,,,,,,,,,,,,,,,,,,,,,,,,,,
1350.0,Accepted-In Progress,Queued-Awaiting Assignment,Accepted-In Progress,Completed-Closed,,,,,,,,,,,,,,,,,,,,,,,,,,,,,,,
1351.0,Accepted-In Progress,Queued-Awaiting Assignment,Accepted-In Progress,Completed-Closed,,,,,,,,,,,,,,,,,,,,,,,,,,,,,,,
1352.0,Accepted-In Progress,Accepted-In Progress,Completed-Closed,,,,,,,,,,,,,,,,,,,,,,,,,,,,,,,,
1353.0,Accepted-In Progress,Completed-Closed,,,,,,,,,,,,,,,,,,,,,,,,,,,,,,,,,
1354.0,Accepted-In Progress,Completed-Closed,,,,,,,,,,,,,,,,,,,,,,,,,,,,,,,,,
1355.0,Accepted-In Progress,Completed-Closed,,,,,,,,,,,,,,,,,,,,,,,,,,,,,,,,,
1356.0,Accepted-In Progress,Accepted-In Progress,Completed-Closed,,,,,,,,,,,,,,,,,,,,,,,,,,,,,,,,
1357.0,Queued-Awaiting Assignment,Accepted-Assigned,Completed-Closed,,,,,,,,,,,,,,,,,,,,,,,,,,,,,,,,
1358.0,Accepted-In Progress,Completed-Closed,,,,,,,,,,,,,,,,,,,,,,,,,,,,,,,,,
1359.0,Accepted-In Progress,Completed-Closed,,,,,,,,,,,,,,,,,,,,,,,,,,,,,,,,,
1360.0,Accepted-In Progress,Accepted-Wait,Completed-Closed,,,,,,,,,,,,,,,,,,,,,,,,,,,,,,,,
1361.0,Accepted-In Progress,Queued-Awaiting Assignment,Accepted-In Progress,Accepted-Wait,Completed-Closed,,,,,,,,,,,,,,,,,,,,,,,,,,,,,,
1362.0,Accepted-In Progress,Accepted-In Progress,Completed-Closed,Accepted-In Progress,Completed-Closed,Accepted-In Progress,Completed-Closed,Accepted-In Progress,Completed-Closed,,,,,,,,,,,,,,,,,,,,,,,,,,
1363.0,Accepted-In Progress,Completed-Closed,,,,,,,,,,,,,,,,,,,,,,,,,,,,,,,,,
1364.0,Accepted-In Progress,Completed-Closed,,,,,,,,,,,,,,,,,,,,,,,,,,,,,,,,,
1365.0,Accepted-In Progress,Completed-Closed,,,,,,,,,,,,,,,,,,,,,,,,,,,,,,,,,
1366.0,Accepted-In Progress,Queued-Awaiting Assignment,Accepted-In Progress,Completed-Closed,,,,,,,,,,,,,,,,,,,,,,,,,,,,,,,
1367.0,Accepted-In Progress,Completed-Closed,,,,,,,,,,,,,,,,,,,,,,,,,,,,,,,,,
1368.0,,Accepted-Wait,Accepted-In Progress,Accepted-Wait,Accepted-In Progress,Accepted-Wait,Completed-Closed,,,,,,,,,,,,,,,,,,,,,,,,,,,,
1369.0,Accepted-In Progress,Completed-Closed,,,,,,,,,,,,,,,,,,,,,,,,,,,,,,,,,
1370.0,Accepted-In Progress,Completed-Closed,,,,,,,,,,,,,,,,,,,,,,,,,,,,,,,,,
1371.0,Accepted-In Progress,Completed-Closed,,,,,,,,,,,,,,,,,,,,,,,,,,,,,,,,,
1372.0,Accepted-In Progress,Completed-Closed,,,,,,,,,,,,,,,,,,,,,,,,,,,,,,,,,
1373.0,Accepted-In Progress,Completed-Closed,,,,,,,,,,,,,,,,,,,,,,,,,,,,,,,,,
1374.0,Accepted-In Progress,Completed-Closed,,,,,,,,,,,,,,,,,,,,,,,,,,,,,,,,,
1375.0,Accepted-In Progress,Completed-Closed,,,,,,,,,,,,,,,,,,,,,,,,,,,,,,,,,
1376.0,Accepted-In Progress,Queued-Awaiting Assignment,Accepted-In Progress,Queued-Awaiting Assignment,Queued-Awaiting Assignment,Accepted-In Progress,Queued-Awaiting Assignment,Accepted-Assigned,Queued-Awaiting Assignment,Accepted-Assigned,Accepted-In Progress,Completed-Closed,,,,,,,,,,,,,,,,,,,,,,,
1377.0,Accepted-In Progress,Queued-Awaiting Assignment,Accepted-In Progress,Completed-Closed,,,,,,,,,,,,,,,,,,,,,,,,,,,,,,,
1378.0,Accepted-In Progress,Accepted-Wait,Completed-Closed,,,,,,,,,,,,,,,,,,,,,,,,,,,,,,,,
1379.0,Accepted-In Progress,Accepted-In Progress,Queued-Awaiting Assignment,Accepted-In Progress,Queued-Awaiting Assignment,Accepted-Assigned,Accepted-Assigned,Accepted-In Progress,Completed-Closed,,,,,,,,,,,,,,,,,,,,,,,,,,
1380.0,Accepted-In Progress,Accepted-Wait,Completed-Closed,,,,,,,,,,,,,,,,,,,,,,,,,,,,,,,,
1381.0,Accepted-In Progress,Completed-Closed,,,,,,,,,,,,,,,,,,,,,,,,,,,,,,,,,
1382.0,Accepted-In Progress,Accepted-Wait,Completed-Closed,,,,,,,,,,,,,,,,,,,,,,,,,,,,,,,,
1383.0,Accepted-In Progress,Accepted-Assigned,Queued-Awaiting Assignment,Queued-Awaiting Assignment,Accepted-Assigned,Queued-Awaiting Assignment,Accepted-In Progress,Accepted-Assigned,Accepted-In Progress,Completed-Closed,,,,,,,,,,,,,,,,,,,,,,,,,
1384.0,Queued-Awaiting Assignment,Accepted-Assigned,Queued-Awaiting Assignment,Accepted-In Progress,Completed-Closed,,,,,,,,,,,,,,,,,,,,,,,,,,,,,,
1385.0,Accepted-In Progress,Queued-Awaiting Assignment,Accepted-In Progress,Completed-Closed,,,,,,,,,,,,,,,,,,,,,,,,,,,,,,,
1386.0,Accepted-In Progress,Completed-Closed,,,,,,,,,,,,,,,,,,,,,,,,,,,,,,,,,
1387.0,Accepted-In Progress,Completed-Closed,,,,,,,,,,,,,,,,,,,,,,,,,,,,,,,,,
1388.0,Accepted-In Progress,Completed-Closed,,,,,,,,,,,,,,,,,,,,,,,,,,,,,,,,,
1389.0,Accepted-In Progress,Completed-Closed,,,,,,,,,,,,,,,,,,,,,,,,,,,,,,,,,
1390.0,Accepted-In Progress,Completed-Closed,,,,,,,,,,,,,,,,,,,,,,,,,,,,,,,,,
1391.0,Accepted-In Progress,Completed-Closed,,,,,,,,,,,,,,,,,,,,,,,,,,,,,,,,,
1392.0,Accepted-In Progress,Completed-Closed,,,,,,,,,,,,,,,,,,,,,,,,,,,,,,,,,
1393.0,Queued-Awaiting Assignment,Accepted-In Progress,Completed-Closed,,,,,,,,,,,,,,,,,,,,,,,,,,,,,,,,
1394.0,Accepted-In Progress,Queued-Awaiting Assignment,Accepted-In Progress,Completed-Closed,,,,,,,,,,,,,,,,,,,,,,,,,,,,,,,
1395.0,Accepted-In Progress,Completed-Closed,,,,,,,,,,,,,,,,,,,,,,,,,,,,,,,,,
1396.0,Accepted-In Progress,Accepted-Wait,Completed-Closed,,,,,,,,,,,,,,,,,,,,,,,,,,,,,,,,
1397.0,Accepted-In Progress,Completed-Closed,,,,,,,,,,,,,,,,,,,,,,,,,,,,,,,,,
1398.0,Accepted-In Progress,Completed-Closed,,,,,,,,,,,,,,,,,,,,,,,,,,,,,,,,,
1399.0,Accepted-In Progress,Accepted-In Progress,Completed-Closed,,,,,,,,,,,,,,,,,,,,,,,,,,,,,,,,
1400.0,Accepted-In Progress,Queued-Awaiting Assignment,Accepted-In Progress,Accepted-In Progress,Accepted-Assigned,Accepted-In Progress,Completed-Closed,,,,,,,,,,,,,,,,,,,,,,,,,,,,
1401.0,Accepted-In Progress,Accepted-Wait,Accepted-In Progress,Completed-Closed,,,,,,,,,,,,,,,,,,,,,,,,,,,,,,,
1402.0,Accepted-In Progress,Completed-Closed,,,,,,,,,,,,,,,,,,,,,,,,,,,,,,,,,
1403.0,Accepted-In Progress,Accepted-In Progress,Completed-Closed,,,,,,,,,,,,,,,,,,,,,,,,,,,,,,,,
1404.0,Accepted-In Progress,Completed-Closed,,,,,,,,,,,,,,,,,,,,,,,,,,,,,,,,,
1405.0,Queued-Awaiting Assignment,Accepted-In Progress,Queued-Awaiting Assignment,Accepted-In Progress,Accepted-Wait,Accepted-In Progress,Completed-Closed,,,,,,,,,,,,,,,,,,,,,,,,,,,,
1406.0,Accepted-In Progress,Queued-Awaiting Assignment,Accepted-In Progress,Completed-Closed,,,,,,,,,,,,,,,,,,,,,,,,,,,,,,,
1407.0,Accepted-In Progress,Completed-Closed,,,,,,,,,,,,,,,,,,,,,,,,,,,,,,,,,
1408.0,Accepted-In Progress,Completed-Closed,,,,,,,,,,,,,,,,,,,,,,,,,,,,,,,,,
1409.0,Accepted-In Progress,Accepted-Assigned,Accepted-In Progress,Completed-Closed,,,,,,,,,,,,,,,,,,,,,,,,,,,,,,,
1410.0,Accepted-In Progress,Completed-Closed,,,,,,,,,,,,,,,,,,,,,,,,,,,,,,,,,
1411.0,Accepted-In Progress,Completed-Closed,,,,,,,,,,,,,,,,,,,,,,,,,,,,,,,,,
1412.0,Accepted-In Progress,Accepted-Assigned,Accepted-In Progress,Accepted-In Progress,Completed-Closed,,,,,,,,,,,,,,,,,,,,,,,,,,,,,,
1413.0,Accepted-In Progress,Queued-Awaiting Assignment,Accepted-In Progress,Queued-Awaiting Assignment,Accepted-In Progress,Queued-Awaiting Assignment,Accepted-In Progress,Queued-Awaiting Assignment,Accepted-In Progress,Queued-Awaiting Assignment,Accepted-In Progress,Accepted-In Progress,Completed-Closed,,,,,,,,,,,,,,,,,,,,,,
1414.0,Accepted-In Progress,Queued-Awaiting Assignment,Accepted-In Progress,Queued-Awaiting Assignment,Accepted-In Progress,Queued-Awaiting Assignment,Accepted-In Progress,Queued-Awaiting Assignment,Accepted-In Progress,Queued-Awaiting Assignment,Accepted-In Progress,Accepted-In Progress,Completed-Closed,,,,,,,,,,,,,,,,,,,,,,
1415.0,Accepted-In Progress,Completed-Closed,,,,,,,,,,,,,,,,,,,,,,,,,,,,,,,,,
1416.0,Accepted-In Progress,Completed-Closed,,,,,,,,,,,,,,,,,,,,,,,,,,,,,,,,,
1417.0,Accepted-Assigned,Accepted-In Progress,Completed-Closed,,,,,,,,,,,,,,,,,,,,,,,,,,,,,,,,
1418.0,Queued-Awaiting Assignment,Accepted-In Progress,Queued-Awaiting Assignment,Accepted-In Progress,Completed-Closed,,,,,,,,,,,,,,,,,,,,,,,,,,,,,,
1419.0,Queued-Awaiting Assignment,Accepted-In Progress,Accepted-In Progress,Completed-Closed,,,,,,,,,,,,,,,,,,,,,,,,,,,,,,,
1420.0,Accepted-In Progress,Accepted-Assigned,Completed-Closed,,,,,,,,,,,,,,,,,,,,,,,,,,,,,,,,
1421.0,Accepted-In Progress,Completed-Closed,,,,,,,,,,,,,,,,,,,,,,,,,,,,,,,,,
1422.0,Accepted-In Progress,Completed-Closed,,,,,,,,,,,,,,,,,,,,,,,,,,,,,,,,,
1423.0,Accepted-In Progress,Queued-Awaiting Assignment,Queued-Awaiting Assignment,Accepted-In Progress,Accepted-In Progress,Queued-Awaiting Assignment,Queued-Awaiting Assignment,Accepted-In Progress,Completed-Closed,Accepted-In Progress,Completed-Closed,,,,,,,,,,,,,,,,,,,,,,,,
1424.0,Accepted-In Progress,Completed-Closed,,,,,,,,,,,,,,,,,,,,,,,,,,,,,,,,,
1425.0,Accepted-In Progress,Completed-Closed,,,,,,,,,,,,,,,,,,,,,,,,,,,,,,,,,
1426.0,Accepted-In Progress,Accepted-Assigned,Accepted-In Progress,Completed-Closed,,,,,,,,,,,,,,,,,,,,,,,,,,,,,,,
1427.0,Accepted-In Progress,Completed-Closed,,,,,,,,,,,,,,,,,,,,,,,,,,,,,,,,,
1428.0,Accepted-In Progress,Completed-Closed,,,,,,,,,,,,,,,,,,,,,,,,,,,,,,,,,
1429.0,Accepted-In Progress,Completed-Closed,,,,,,,,,,,,,,,,,,,,,,,,,,,,,,,,,
1430.0,Accepted-In Progress,Accepted-Wait,Accepted-Wait,Accepted-In Progress,Accepted-Wait,Queued-Awaiting Assignment,Accepted-In Progress,Completed-Closed,,,,,,,,,,,,,,,,,,,,,,,,,,,
1431.0,Accepted-In Progress,Accepted-In Progress,Accepted-In Progress,Accepted-Wait,Accepted-In Progress,Completed-Closed,,,,,,,,,,,,,,,,,,,,,,,,,,,,,
1432.0,Accepted-In Progress,Queued-Awaiting Assignment,Accepted-In Progress,Completed-Closed,,,,,,,,,,,,,,,,,,,,,,,,,,,,,,,
1433.0,Queued-Awaiting Assignment,Accepted-In Progress,Completed-Closed,,,,,,,,,,,,,,,,,,,,,,,,,,,,,,,,
1434.0,Accepted-In Progress,Queued-Awaiting Assignment,Accepted-In Progress,Completed-Closed,,,,,,,,,,,,,,,,,,,,,,,,,,,,,,,
1435.0,Accepted-In Progress,Accepted-Assigned,Accepted-In Progress,Completed-Closed,,,,,,,,,,,,,,,,,,,,,,,,,,,,,,,
1436.0,Accepted-In Progress,Completed-Closed,,,,,,,,,,,,,,,,,,,,,,,,,,,,,,,,,
1437.0,Completed-Closed,,,,,,,,,,,,,,,,,,,,,,,,,,,,,,,,,,
1438.0,Accepted-In Progress,Accepted-Assigned,Completed-Closed,,,,,,,,,,,,,,,,,,,,,,,,,,,,,,,,
1439.0,Accepted-In Progress,Completed-Closed,,,,,,,,,,,,,,,,,,,,,,,,,,,,,,,,,
1440.0,Accepted-In Progress,Completed-Closed,,,,,,,,,,,,,,,,,,,,,,,,,,,,,,,,,
1441.0,Accepted-In Progress,Completed-Closed,,,,,,,,,,,,,,,,,,,,,,,,,,,,,,,,,
1442.0,Accepted-In Progress,Completed-Closed,,,,,,,,,,,,,,,,,,,,,,,,,,,,,,,,,
1443.0,Accepted-In Progress,Queued-Awaiting Assignment,Accepted-In Progress,,,,,,,,,,,,,,,,,,,,,,,,,,,,,,,,
1444.0,Accepted-In Progress,Completed-Closed,,,,,,,,,,,,,,,,,,,,,,,,,,,,,,,,,
1445.0,Accepted-In Progress,Completed-Closed,,,,,,,,,,,,,,,,,,,,,,,,,,,,,,,,,
1446.0,Accepted-In Progress,Completed-Closed,,,,,,,,,,,,,,,,,,,,,,,,,,,,,,,,,
1447.0,Accepted-In Progress,Completed-Closed,,,,,,,,,,,,,,,,,,,,,,,,,,,,,,,,,
1448.0,Accepted-In Progress,Completed-Closed,,,,,,,,,,,,,,,,,,,,,,,,,,,,,,,,,
1449.0,Accepted-In Progress,Completed-Closed,,,,,,,,,,,,,,,,,,,,,,,,,,,,,,,,,
1450.0,Accepted-In Progress,Completed-Closed,,,,,,,,,,,,,,,,,,,,,,,,,,,,,,,,,
1451.0,Accepted-In Progress,Completed-Closed,,,,,,,,,,,,,,,,,,,,,,,,,,,,,,,,,
1452.0,Accepted-In Progress,Completed-Closed,,,,,,,,,,,,,,,,,,,,,,,,,,,,,,,,,
1453.0,Accepted-In Progress,Completed-Closed,,,,,,,,,,,,,,,,,,,,,,,,,,,,,,,,,
1454.0,Accepted-In Progress,Completed-Closed,,,,,,,,,,,,,,,,,,,,,,,,,,,,,,,,,
1455.0,Accepted-In Progress,Completed-Closed,,,,,,,,,,,,,,,,,,,,,,,,,,,,,,,,,
1456.0,Accepted-In Progress,Completed-Closed,,,,,,,,,,,,,,,,,,,,,,,,,,,,,,,,,
1457.0,Accepted-In Progress,Queued-Awaiting Assignment,Accepted-In Progress,Accepted-Assigned,Completed-Closed,,,,,,,,,,,,,,,,,,,,,,,,,,,,,,
1458.0,Accepted-In Progress,Completed-Closed,,,,,,,,,,,,,,,,,,,,,,,,,,,,,,,,,
1459.0,Accepted-In Progress,Completed-Closed,,,,,,,,,,,,,,,,,,,,,,,,,,,,,,,,,
1460.0,Accepted-In Progress,Completed-Closed,,,,,,,,,,,,,,,,,,,,,,,,,,,,,,,,,
1461.0,Accepted-In Progress,Queued-Awaiting Assignment,Accepted-In Progress,Accepted-Assigned,Accepted-Wait,Completed-Closed,,,,,,,,,,,,,,,,,,,,,,,,,,,,,
1462.0,Accepted-In Progress,Completed-Closed,,,,,,,,,,,,,,,,,,,,,,,,,,,,,,,,,
1463.0,Accepted-In Progress,Completed-Closed,,,,,,,,,,,,,,,,,,,,,,,,,,,,,,,,,
1464.0,Accepted-In Progress,Completed-Closed,,,,,,,,,,,,,,,,,,,,,,,,,,,,,,,,,
1465.0,Accepted-In Progress,Completed-Closed,,,,,,,,,,,,,,,,,,,,,,,,,,,,,,,,,
1466.0,Accepted-In Progress,Completed-Closed,,,,,,,,,,,,,,,,,,,,,,,,,,,,,,,,,
1467.0,Accepted-In Progress,Completed-Closed,,,,,,,,,,,,,,,,,,,,,,,,,,,,,,,,,
1468.0,Accepted-In Progress,Completed-Closed,,,,,,,,,,,,,,,,,,,,,,,,,,,,,,,,,
1469.0,Accepted-In Progress,Queued-Awaiting Assignment,Accepted-In Progress,Completed-Closed,,,,,,,,,,,,,,,,,,,,,,,,,,,,,,,
1470.0,Accepted-In Progress,Completed-Closed,,,,,,,,,,,,,,,,,,,,,,,,,,,,,,,,,
1471.0,Accepted-In Progress,Completed-Closed,,,,,,,,,,,,,,,,,,,,,,,,,,,,,,,,,
1472.0,Accepted-In Progress,Completed-Closed,,,,,,,,,,,,,,,,,,,,,,,,,,,,,,,,,
1473.0,Accepted-In Progress,Completed-Closed,,,,,,,,,,,,,,,,,,,,,,,,,,,,,,,,,
1474.0,Accepted-In Progress,Completed-Closed,,,,,,,,,,,,,,,,,,,,,,,,,,,,,,,,,
1475.0,Accepted-In Progress,Completed-Closed,,,,,,,,,,,,,,,,,,,,,,,,,,,,,,,,,
1476.0,Accepted-In Progress,Queued-Awaiting Assignment,Accepted-In Progress,Completed-Closed,,,,,,,,,,,,,,,,,,,,,,,,,,,,,,,
1477.0,Accepted-In Progress,Completed-Closed,,,,,,,,,,,,,,,,,,,,,,,,,,,,,,,,,
1478.0,Accepted-In Progress,Accepted-Assigned,Accepted-In Progress,Completed-Closed,,,,,,,,,,,,,,,,,,,,,,,,,,,,,,,
1479.0,Accepted-In Progress,Completed-Closed,,,,,,,,,,,,,,,,,,,,,,,,,,,,,,,,,
1480.0,Accepted-In Progress,Completed-Closed,Accepted-In Progress,Completed-Closed,Accepted-In Progress,Accepted-Assigned,Accepted-In Progress,Completed-Closed,,,,,,,,,,,,,,,,,,,,,,,,,,,
1481.0,Accepted-In Progress,Completed-Closed,,,,,,,,,,,,,,,,,,,,,,,,,,,,,,,,,
1482.0,Queued-Awaiting Assignment,Accepted-In Progress,Completed-Closed,,,,,,,,,,,,,,,,,,,,,,,,,,,,,,,,
1483.0,Accepted-In Progress,Accepted-In Progress,Queued-Awaiting Assignment,Accepted-In Progress,Completed-Closed,,,,,,,,,,,,,,,,,,,,,,,,,,,,,,
1484.0,Accepted-In Progress,Completed-Closed,,,,,,,,,,,,,,,,,,,,,,,,,,,,,,,,,
1485.0,Accepted-In Progress,Completed-Closed,,,,,,,,,,,,,,,,,,,,,,,,,,,,,,,,,
1486.0,Accepted-In Progress,Completed-Closed,,,,,,,,,,,,,,,,,,,,,,,,,,,,,,,,,
