Unnamed: 0,0,1,2,3,4,5,6,7,8,9,10,11,12,13,14
0.0,Assign seriousness,Take in charge ticket,Take in charge ticket,Resolve ticket,Closed,,,,,,,,,,
1.0,Assign seriousness,Take in charge ticket,Resolve ticket,Closed,,,,,,,,,,,
2.0,Assign seriousness,Take in charge ticket,Resolve ticket,Closed,,,,,,,,,,,
3.0,Assign seriousness,Take in charge ticket,Resolve ticket,Closed,,,,,,,,,,,
4.0,Assign seriousness,Take in charge ticket,Resolve ticket,Take in charge ticket,Resolve ticket,Closed,,,,,,,,,
5.0,Assign seriousness,Take in charge ticket,Resolve ticket,Closed,,,,,,,,,,,
6.0,Assign seriousness,Assign seriousness,Assign seriousness,Take in charge ticket,Resolve ticket,Closed,,,,,,,,,
7.0,Assign seriousness,Take in charge ticket,Resolve ticket,Closed,,,,,,,,,,,
8.0,Insert ticket,Assign seriousness,Take in charge ticket,Resolve ticket,Closed,,,,,,,,,,
9.0,Assign seriousness,Take in charge ticket,Resolve ticket,Closed,,,,,,,,,,,
10.0,Assign seriousness,Take in charge ticket,Resolve ticket,Closed,,,,,,,,,,,
11.0,Assign seriousness,Take in charge ticket,Resolve ticket,Closed,,,,,,,,,,,
12.0,Assign seriousness,Take in charge ticket,Resolve ticket,Closed,,,,,,,,,,,
13.0,Assign seriousness,Take in charge ticket,Resolve ticket,Closed,,,,,,,,,,,
14.0,Assign seriousness,Assign seriousness,Take in charge ticket,Resolve ticket,Closed,,,,,,,,,,
15.0,Assign seriousness,Take in charge ticket,Take in charge ticket,Resolve ticket,Closed,,,,,,,,,,
16.0,Assign seriousness,Take in charge ticket,Resolve ticket,Closed,,,,,,,,,,,
17.0,Assign seriousness,Take in charge ticket,Resolve ticket,Resolve ticket,Closed,,,,,,,,,,
18.0,Assign seriousness,Take in charge ticket,Resolve ticket,Closed,,,,,,,,,,,
19.0,Assign seriousness,Take in charge ticket,Wait,Resolve ticket,Closed,,,,,,,,,,
20.0,Assign seriousness,Take in charge ticket,Resolve ticket,Closed,,,,,,,,,,,
21.0,Assign seriousness,Take in charge ticket,Wait,Resolve ticket,Closed,,,,,,,,,,
22.0,Assign seriousness,Take in charge ticket,Resolve ticket,Closed,,,,,,,,,,,
23.0,Assign seriousness,Take in charge ticket,Resolve ticket,Closed,,,,,,,,,,,
24.0,Assign seriousness,Take in charge ticket,Resolve ticket,Closed,,,,,,,,,,,
25.0,Assign seriousness,Take in charge ticket,Wait,Take in charge ticket,Resolve ticket,Closed,,,,,,,,,
26.0,Assign seriousness,Take in charge ticket,Resolve ticket,Closed,,,,,,,,,,,
27.0,Assign seriousness,Take in charge ticket,Resolve ticket,Closed,,,,,,,,,,,
28.0,Assign seriousness,Take in charge ticket,Resolve ticket,Closed,,,,,,,,,,,
29.0,Assign seriousness,Take in charge ticket,Create SW anomaly,Require upgrade,Resolve ticket,Closed,,,,,,,,,
30.0,Assign seriousness,Take in charge ticket,Resolve ticket,Closed,,,,,,,,,,,
31.0,Assign seriousness,Take in charge ticket,Resolve ticket,Closed,,,,,,,,,,,
32.0,Assign seriousness,Take in charge ticket,Wait,Wait,Resolve ticket,Closed,,,,,,,,,
33.0,Assign seriousness,Resolve ticket,Closed,,,,,,,,,,,,
34.0,Assign seriousness,Take in charge ticket,Resolve ticket,Closed,,,,,,,,,,,
35.0,Assign seriousness,Take in charge ticket,Resolve ticket,Resolve ticket,Take in charge ticket,Wait,Take in charge ticket,Resolve ticket,Closed,,,,,,
36.0,Assign seriousness,Take in charge ticket,Resolve ticket,Closed,,,,,,,,,,,
37.0,Assign seriousness,Take in charge ticket,Wait,Resolve ticket,Closed,,,,,,,,,,
38.0,Assign seriousness,Take in charge ticket,Resolve ticket,Closed,,,,,,,,,,,
39.0,Assign seriousness,Take in charge ticket,Resolve ticket,Closed,,,,,,,,,,,
40.0,Assign seriousness,Take in charge ticket,Resolve ticket,Closed,,,,,,,,,,,
41.0,Assign seriousness,Take in charge ticket,Resolve ticket,Closed,,,,,,,,,,,
42.0,Assign seriousness,Take in charge ticket,Resolve ticket,Closed,,,,,,,,,,,
43.0,Assign seriousness,Take in charge ticket,Resolve ticket,Closed,,,,,,,,,,,
44.0,Assign seriousness,Take in charge ticket,Take in charge ticket,Wait,Resolve ticket,Closed,,,,,,,,,
45.0,Assign seriousness,Take in charge ticket,Resolve ticket,Closed,,,,,,,,,,,
46.0,Insert ticket,Assign seriousness,Take in charge ticket,Resolve ticket,Closed,,,,,,,,,,
47.0,Assign seriousness,Take in charge ticket,Wait,Resolve ticket,Closed,,,,,,,,,,
48.0,Assign seriousness,Take in charge ticket,Resolve ticket,Resolve ticket,Closed,,,,,,,,,,
49.0,Assign seriousness,Take in charge ticket,Wait,Resolve ticket,Closed,,,,,,,,,,
50.0,Assign seriousness,Take in charge ticket,Resolve ticket,Closed,,,,,,,,,,,
51.0,Assign seriousness,Take in charge ticket,Wait,Wait,Take in charge ticket,Resolve ticket,Closed,,,,,,,,
52.0,Assign seriousness,Take in charge ticket,Resolve ticket,Closed,,,,,,,,,,,
53.0,Assign seriousness,Take in charge ticket,Wait,Resolve ticket,Closed,,,,,,,,,,
54.0,Assign seriousness,Resolve ticket,Closed,,,,,,,,,,,,
55.0,Assign seriousness,Take in charge ticket,Resolve ticket,Closed,,,,,,,,,,,
56.0,Assign seriousness,Create SW anomaly,Require upgrade,Resolve ticket,Closed,,,,,,,,,,
57.0,Assign seriousness,Take in charge ticket,Resolve ticket,Resolve ticket,Closed,,,,,,,,,,
58.0,Assign seriousness,Take in charge ticket,Wait,Take in charge ticket,Resolve ticket,Closed,,,,,,,,,
59.0,Assign seriousness,Take in charge ticket,Resolve ticket,Closed,,,,,,,,,,,
60.0,Assign seriousness,Resolve ticket,Closed,,,,,,,,,,,,
61.0,Assign seriousness,Take in charge ticket,Resolve ticket,Closed,,,,,,,,,,,
62.0,Assign seriousness,Assign seriousness,Wait,Take in charge ticket,Wait,Take in charge ticket,Resolve ticket,Closed,,,,,,,
63.0,Assign seriousness,Take in charge ticket,Wait,Resolve ticket,Closed,,,,,,,,,,
64.0,Assign seriousness,Take in charge ticket,Resolve ticket,Closed,,,,,,,,,,,
65.0,Assign seriousness,Take in charge ticket,Resolve ticket,Closed,,,,,,,,,,,
66.0,Assign seriousness,Take in charge ticket,Resolve ticket,Closed,,,,,,,,,,,
67.0,Assign seriousness,,Resolve ticket,Closed,,,,,,,,,,,
68.0,Assign seriousness,Take in charge ticket,Wait,Resolve ticket,Closed,,,,,,,,,,
69.0,Assign seriousness,Take in charge ticket,Resolve ticket,Closed,,,,,,,,,,,
70.0,Assign seriousness,Take in charge ticket,Resolve ticket,Closed,,,,,,,,,,,
71.0,Assign seriousness,Resolve ticket,Closed,,,,,,,,,,,,
72.0,Resolve ticket,Closed,,,,,,,,,,,,,
73.0,Assign seriousness,Assign seriousness,Take in charge ticket,Resolve ticket,Closed,,,,,,,,,,
74.0,Assign seriousness,Resolve ticket,Closed,,,,,,,,,,,,
75.0,Assign seriousness,Take in charge ticket,Wait,Resolve ticket,Closed,,,,,,,,,,
76.0,Assign seriousness,Take in charge ticket,Resolve ticket,Closed,,,,,,,,,,,
77.0,Assign seriousness,Take in charge ticket,Wait,Wait,Resolve ticket,Closed,,,,,,,,,
78.0,Assign seriousness,Take in charge ticket,Resolve ticket,Closed,,,,,,,,,,,
79.0,Assign seriousness,Take in charge ticket,Wait,Wait,Take in charge ticket,Resolve ticket,Closed,,,,,,,,
80.0,Assign seriousness,Take in charge ticket,Wait,Resolve ticket,Closed,,,,,,,,,,
81.0,Assign seriousness,Take in charge ticket,Wait,Resolve ticket,Closed,,,,,,,,,,
82.0,Assign seriousness,Take in charge ticket,Resolve ticket,Closed,,,,,,,,,,,
83.0,Assign seriousness,Take in charge ticket,Resolve ticket,Closed,,,,,,,,,,,
84.0,Assign seriousness,Take in charge ticket,Wait,Resolve ticket,Closed,,,,,,,,,,
85.0,Assign seriousness,Take in charge ticket,Wait,Resolve ticket,Take in charge ticket,Wait,Resolve ticket,Closed,,,,,,,
86.0,Assign seriousness,Assign seriousness,Wait,Take in charge ticket,Resolve ticket,Closed,,,,,,,,,
87.0,Assign seriousness,Take in charge ticket,Resolve ticket,Closed,,,,,,,,,,,
88.0,Assign seriousness,Take in charge ticket,Resolve ticket,Closed,,,,,,,,,,,
89.0,Assign seriousness,Take in charge ticket,Resolve ticket,Closed,,,,,,,,,,,
90.0,Assign seriousness,Take in charge ticket,Resolve ticket,Closed,,,,,,,,,,,
91.0,Assign seriousness,Take in charge ticket,Resolve ticket,Closed,,,,,,,,,,,
92.0,Assign seriousness,Take in charge ticket,Resolve ticket,,,,,,,,,,,,
93.0,Assign seriousness,Take in charge ticket,Resolve ticket,Closed,,,,,,,,,,,
94.0,Assign seriousness,Take in charge ticket,Resolve ticket,Resolve ticket,Closed,,,,,,,,,,
95.0,Assign seriousness,Take in charge ticket,Resolve ticket,Closed,,,,,,,,,,,
96.0,Assign seriousness,Take in charge ticket,Resolve ticket,Closed,,,,,,,,,,,
97.0,Assign seriousness,Take in charge ticket,Resolve ticket,Closed,,,,,,,,,,,
98.0,Assign seriousness,Take in charge ticket,Require upgrade,Resolve ticket,Closed,,,,,,,,,,
99.0,Insert ticket,Assign seriousness,Take in charge ticket,Resolve ticket,Closed,,,,,,,,,,
100.0,Assign seriousness,Take in charge ticket,Resolve ticket,Closed,,,,,,,,,,,
101.0,Assign seriousness,Assign seriousness,Take in charge ticket,Wait,Take in charge ticket,Create SW anomaly,Resolve ticket,Closed,,,,,,,
102.0,Assign seriousness,Take in charge ticket,Resolve ticket,Closed,,,,,,,,,,,
103.0,Assign seriousness,Take in charge ticket,Wait,Resolve ticket,Closed,,,,,,,,,,
104.0,Assign seriousness,Resolve ticket,Closed,,,,,,,,,,,,
105.0,Assign seriousness,Take in charge ticket,Wait,Resolve ticket,Closed,,,,,,,,,,
106.0,Assign seriousness,Take in charge ticket,Resolve ticket,Closed,,,,,,,,,,,
107.0,Assign seriousness,Take in charge ticket,Wait,Take in charge ticket,Resolve ticket,Closed,,,,,,,,,
108.0,Assign seriousness,Take in charge ticket,Resolve ticket,Closed,,,,,,,,,,,
109.0,Assign seriousness,Take in charge ticket,Resolve ticket,Take in charge ticket,Wait,Take in charge ticket,Resolve ticket,Closed,,,,,,,
110.0,Assign seriousness,Take in charge ticket,Resolve ticket,Closed,,,,,,,,,,,
111.0,Insert ticket,Assign seriousness,Take in charge ticket,Resolve ticket,Closed,,,,,,,,,,
112.0,Assign seriousness,Take in charge ticket,Wait,Take in charge ticket,Wait,Resolve ticket,Closed,,,,,,,,
113.0,Assign seriousness,Take in charge ticket,Wait,Wait,Resolve ticket,Closed,,,,,,,,,
114.0,Assign seriousness,Take in charge ticket,Resolve ticket,Closed,,,,,,,,,,,
115.0,Assign seriousness,Take in charge ticket,Resolve ticket,Closed,,,,,,,,,,,
116.0,Assign seriousness,Take in charge ticket,Resolve ticket,Closed,,,,,,,,,,,
117.0,Assign seriousness,Take in charge ticket,Resolve ticket,Closed,,,,,,,,,,,
118.0,Assign seriousness,Take in charge ticket,Wait,Resolve ticket,Closed,,,,,,,,,,
119.0,Assign seriousness,Take in charge ticket,Resolve ticket,Closed,,,,,,,,,,,
120.0,Assign seriousness,Take in charge ticket,Resolve ticket,Closed,,,,,,,,,,,
121.0,Assign seriousness,Take in charge ticket,Wait,Take in charge ticket,Resolve ticket,Closed,,,,,,,,,
122.0,Assign seriousness,Take in charge ticket,Resolve ticket,Closed,,,,,,,,,,,
123.0,Assign seriousness,Take in charge ticket,Wait,Take in charge ticket,Resolve ticket,Closed,,,,,,,,,
124.0,Assign seriousness,Assign seriousness,Resolve ticket,Closed,,,,,,,,,,,
125.0,Assign seriousness,Take in charge ticket,Resolve ticket,Closed,,,,,,,,,,,
126.0,Assign seriousness,Resolve ticket,Resolve ticket,Closed,,,,,,,,,,,
127.0,Assign seriousness,Resolve ticket,Closed,,,,,,,,,,,,
128.0,Insert ticket,Assign seriousness,Take in charge ticket,Resolve ticket,Closed,Closed,,,,,,,,,
129.0,Assign seriousness,Take in charge ticket,Resolve ticket,Closed,,,,,,,,,,,
130.0,Assign seriousness,Take in charge ticket,Wait,Resolve ticket,Closed,,,,,,,,,,
131.0,Assign seriousness,Assign seriousness,Take in charge ticket,Resolve ticket,Closed,,,,,,,,,,
132.0,Assign seriousness,Take in charge ticket,Resolve ticket,Closed,,,,,,,,,,,
133.0,Assign seriousness,Take in charge ticket,Wait,Take in charge ticket,Resolve ticket,,Resolve ticket,Closed,,,,,,,
134.0,Assign seriousness,Take in charge ticket,Resolve ticket,,,,,,,,,,,,
135.0,Assign seriousness,Take in charge ticket,Wait,Resolve ticket,Closed,,,,,,,,,,
136.0,Assign seriousness,Take in charge ticket,Resolve ticket,Closed,,,,,,,,,,,
137.0,Assign seriousness,Take in charge ticket,Resolve ticket,Closed,,,,,,,,,,,
138.0,Assign seriousness,Take in charge ticket,Resolve ticket,Closed,,,,,,,,,,,
139.0,Assign seriousness,Take in charge ticket,Wait,Take in charge ticket,Wait,Take in charge ticket,Resolve ticket,,,,,,,,
140.0,Assign seriousness,Take in charge ticket,Resolve ticket,Closed,,,,,,,,,,,
141.0,Assign seriousness,Take in charge ticket,Wait,Resolve ticket,Closed,,,,,,,,,,
142.0,Assign seriousness,Take in charge ticket,Wait,Resolve ticket,Closed,,,,,,,,,,
143.0,Assign seriousness,Take in charge ticket,Require upgrade,Wait,Resolve ticket,Closed,,,,,,,,,
144.0,Assign seriousness,Take in charge ticket,Resolve ticket,Closed,,,,,,,,,,,
145.0,Assign seriousness,Take in charge ticket,Resolve ticket,Closed,,,,,,,,,,,
146.0,Assign seriousness,Take in charge ticket,Resolve ticket,Resolve ticket,Closed,,,,,,,,,,
147.0,Assign seriousness,Take in charge ticket,Resolve ticket,Closed,,,,,,,,,,,
148.0,Insert ticket,Assign seriousness,Take in charge ticket,Wait,Take in charge ticket,Resolve ticket,Closed,,,,,,,,
149.0,Assign seriousness,Take in charge ticket,Resolve ticket,Closed,,,,,,,,,,,
150.0,Assign seriousness,Take in charge ticket,Resolve ticket,Closed,,,,,,,,,,,
151.0,Assign seriousness,Take in charge ticket,Resolve ticket,Closed,,,,,,,,,,,
152.0,Assign seriousness,Take in charge ticket,Wait,Resolve ticket,Closed,,,,,,,,,,
153.0,Assign seriousness,Take in charge ticket,Wait,Take in charge ticket,Resolve ticket,Closed,,,,,,,,,
154.0,Assign seriousness,Take in charge ticket,Resolve ticket,Closed,,,,,,,,,,,
155.0,Assign seriousness,Take in charge ticket,Resolve ticket,Closed,,,,,,,,,,,
156.0,Assign seriousness,Take in charge ticket,Resolve ticket,Closed,,,,,,,,,,,
157.0,Assign seriousness,Take in charge ticket,Resolve ticket,Closed,,,,,,,,,,,
158.0,Assign seriousness,Take in charge ticket,Resolve ticket,Closed,,,,,,,,,,,
159.0,Assign seriousness,Take in charge ticket,Resolve ticket,Closed,,,,,,,,,,,
160.0,Assign seriousness,Assign seriousness,Resolve ticket,Closed,,,,,,,,,,,
161.0,Assign seriousness,Take in charge ticket,Resolve ticket,Closed,,,,,,,,,,,
162.0,Assign seriousness,Take in charge ticket,Resolve ticket,Closed,,,,,,,,,,,
,Assign seriousness,Resolve ticket,Closed,,,,,,,,,,,,
164.0,Assign seriousness,Take in charge ticket,Resolve ticket,Closed,,,,,,,,,,,
165.0,Assign seriousness,Take in charge ticket,Wait,Resolve ticket,Resolve ticket,Closed,,,,,,,,,
166.0,Assign seriousness,Take in charge ticket,Resolve ticket,Closed,,,,,,,,,,,
167.0,Assign seriousness,Resolve ticket,Closed,,,,,,,,,,,,
168.0,Assign seriousness,Take in charge ticket,Wait,Take in charge ticket,Wait,Resolve ticket,Closed,,,,,,,,
169.0,Assign seriousness,Assign seriousness,Take in charge ticket,Resolve ticket,Closed,,,,,,,,,,
170.0,Assign seriousness,Take in charge ticket,Resolve ticket,Closed,,,,,,,,,,,
171.0,Assign seriousness,Assign seriousness,Take in charge ticket,Resolve ticket,Closed,,,,,,,,,,
172.0,Assign seriousness,Take in charge ticket,Wait,Resolve ticket,Closed,,,,,,,,,,
173.0,Assign seriousness,Take in charge ticket,Resolve ticket,Closed,,,,,,,,,,,
174.0,Assign seriousness,Take in charge ticket,,Closed,,,,,,,,,,,
175.0,Assign seriousness,Take in charge ticket,Resolve ticket,Closed,,,,,,,,,,,
176.0,Assign seriousness,Take in charge ticket,Resolve ticket,Closed,,,,,,,,,,,
177.0,Assign seriousness,Take in charge ticket,Resolve ticket,Closed,,,,,,,,,,,
178.0,Assign seriousness,Take in charge ticket,Resolve ticket,,,,,,,,,,,,
179.0,Assign seriousness,Resolve ticket,Closed,,,,,,,,,,,,
180.0,Assign seriousness,Take in charge ticket,Resolve ticket,Closed,,,,,,,,,,,
181.0,Insert ticket,Assign seriousness,Take in charge ticket,Resolve ticket,Closed,,,,,,,,,,
182.0,Assign seriousness,Take in charge ticket,Take in charge ticket,Wait,Resolve ticket,Closed,,,,,,,,,
183.0,Assign seriousness,Take in charge ticket,Wait,Take in charge ticket,Resolve ticket,Closed,,,,,,,,,
184.0,Assign seriousness,Take in charge ticket,Wait,Resolve ticket,Closed,,,,,,,,,,
185.0,Assign seriousness,Take in charge ticket,Resolve ticket,Closed,,,,,,,,,,,
186.0,Assign seriousness,Take in charge ticket,Resolve ticket,Closed,,,,,,,,,,,
187.0,Assign seriousness,Assign seriousness,Take in charge ticket,Resolve ticket,Closed,,,,,,,,,,
188.0,Assign seriousness,Take in charge ticket,Resolve ticket,Closed,,,,,,,,,,,
189.0,Assign seriousness,Assign seriousness,Take in charge ticket,Resolve ticket,Closed,,,,,,,,,,
190.0,Assign seriousness,Assign seriousness,Take in charge ticket,Resolve ticket,Closed,Take in charge ticket,Resolve ticket,Closed,,,,,,,
191.0,Assign seriousness,Take in charge ticket,Wait,Resolve ticket,Closed,,,,,,,,,,
192.0,Assign seriousness,Take in charge ticket,Resolve ticket,Closed,,,,,,,,,,,
193.0,Assign seriousness,Take in charge ticket,Wait,Take in charge ticket,Wait,Take in charge ticket,Resolve ticket,Closed,,,,,,,
194.0,Assign seriousness,Take in charge ticket,Resolve ticket,Closed,,,,,,,,,,,
195.0,Assign seriousness,Take in charge ticket,Resolve ticket,Resolve ticket,Closed,,,,,,,,,,
196.0,Assign seriousness,Take in charge ticket,Resolve ticket,Closed,,,,,,,,,,,
197.0,Take in charge ticket,Resolve ticket,Closed,,,,,,,,,,,,
198.0,Assign seriousness,Take in charge ticket,Resolve ticket,Closed,,,,,,,,,,,
199.0,Assign seriousness,Take in charge ticket,Resolve ticket,Closed,,,,,,,,,,,
200.0,Assign seriousness,Take in charge ticket,Wait,Resolve ticket,Closed,,,,,,,,,,
201.0,Assign seriousness,Take in charge ticket,Resolve ticket,Closed,,,,,,,,,,,
202.0,Assign seriousness,Take in charge ticket,Resolve ticket,Closed,,,,,,,,,,,
203.0,Assign seriousness,Take in charge ticket,Wait,Take in charge ticket,Resolve ticket,Closed,,,,,,,,,
204.0,Assign seriousness,Take in charge ticket,Wait,Take in charge ticket,Resolve ticket,Closed,,,,,,,,,
205.0,Assign seriousness,Take in charge ticket,Resolve ticket,Closed,,,,,,,,,,,
206.0,Assign seriousness,Take in charge ticket,Resolve ticket,Closed,,,,,,,,,,,
207.0,Assign seriousness,Take in charge ticket,Resolve ticket,Closed,,,,,,,,,,,
208.0,Assign seriousness,Take in charge ticket,Wait,Resolve ticket,Closed,,,,,,,,,,
209.0,Assign seriousness,Resolve ticket,Closed,,,,,,,,,,,,
210.0,Assign seriousness,Take in charge ticket,Resolve ticket,Closed,,,,,,,,,,,
211.0,Assign seriousness,Resolve ticket,Closed,,,,,,,,,,,,
212.0,Assign seriousness,Assign seriousness,Take in charge ticket,Resolve ticket,Closed,,,,,,,,,,
213.0,Assign seriousness,Take in charge ticket,Resolve ticket,Closed,,,,,,,,,,,
214.0,Assign seriousness,Assign seriousness,Take in charge ticket,Resolve ticket,Closed,,,,,,,,,,
215.0,Assign seriousness,Take in charge ticket,Resolve ticket,Closed,,,,,,,,,,,
216.0,Assign seriousness,Take in charge ticket,Resolve ticket,Take in charge ticket,Wait,Take in charge ticket,Resolve ticket,Closed,,,,,,,
217.0,Take in charge ticket,Wait,,Resolve ticket,Resolve ticket,Closed,,,,,,,,,
218.0,Assign seriousness,Take in charge ticket,Wait,Resolve ticket,Closed,,,,,,,,,,
219.0,Assign seriousness,Take in charge ticket,Resolve ticket,Closed,,,,,,,,,,,
220.0,Assign seriousness,Resolve ticket,Closed,,,,,,,,,,,,
221.0,Assign seriousness,Take in charge ticket,Resolve ticket,Resolve ticket,Closed,,,,,,,,,,
222.0,Assign seriousness,Take in charge ticket,Wait,Resolve ticket,Closed,,,,,,,,,,
223.0,Assign seriousness,Resolve ticket,Closed,,,,,,,,,,,,
224.0,Assign seriousness,Take in charge ticket,Resolve ticket,Closed,,,,,,,,,,,
225.0,Assign seriousness,Take in charge ticket,Resolve ticket,Closed,,,,,,,,,,,
226.0,Assign seriousness,Take in charge ticket,Resolve ticket,Closed,,,,,,,,,,,
227.0,Assign seriousness,Resolve ticket,Closed,,,,,,,,,,,,
228.0,Assign seriousness,Assign seriousness,Take in charge ticket,Wait,Resolve ticket,Closed,,,,,,,,,
229.0,Assign seriousness,Assign seriousness,Take in charge ticket,Resolve ticket,Closed,,,,,,,,,,
230.0,Assign seriousness,Take in charge ticket,Wait,Wait,Resolve ticket,Resolve ticket,Closed,,,,,,,,
231.0,Assign seriousness,Take in charge ticket,Wait,Resolve ticket,Closed,,,,,,,,,,
232.0,Assign seriousness,Assign seriousness,Take in charge ticket,Resolve ticket,Closed,,,,,,,,,,
233.0,Insert ticket,Assign seriousness,Take in charge ticket,Wait,Resolve ticket,Closed,,,,,,,,,
234.0,Assign seriousness,Take in charge ticket,Resolve ticket,Closed,,,,,,,,,,,
235.0,Assign seriousness,Take in charge ticket,Require upgrade,Resolve ticket,Closed,,,,,,,,,,
236.0,Assign seriousness,Take in charge ticket,Resolve ticket,Closed,,,,,,,,,,,
237.0,Assign seriousness,Take in charge ticket,Resolve ticket,Closed,,,,,,,,,,,
238.0,Assign seriousness,Take in charge ticket,Resolve ticket,Closed,,,,,,,,,,,
239.0,Assign seriousness,Take in charge ticket,Resolve ticket,Closed,,,,,,,,,,,
240.0,Assign seriousness,Take in charge ticket,Resolve ticket,Closed,,,,,,,,,,,
241.0,Assign seriousness,Take in charge ticket,Resolve ticket,Closed,,,,,,,,,,,
242.0,Assign seriousness,Take in charge ticket,Resolve ticket,Closed,,,,,,,,,,,
243.0,Assign seriousness,Take in charge ticket,Resolve ticket,Closed,,,,,,,,,,,
244.0,Assign seriousness,Assign seriousness,Take in charge ticket,Resolve ticket,Closed,,,,,,,,,,
245.0,Insert ticket,Take in charge ticket,Resolve ticket,Closed,,,,,,,,,,,
246.0,Assign seriousness,Resolve ticket,Resolve ticket,Closed,,,,,,,,,,,
247.0,Assign seriousness,Take in charge ticket,Resolve ticket,Closed,,,,,,,,,,,
248.0,Assign seriousness,Take in charge ticket,Resolve ticket,Closed,,,,,,,,,,,
249.0,Assign seriousness,Take in charge ticket,Resolve ticket,Closed,,,,,,,,,,,
250.0,Assign seriousness,Take in charge ticket,Resolve ticket,Take in charge ticket,Resolve ticket,Closed,,,,,,,,,
251.0,Assign seriousness,Take in charge ticket,Resolve ticket,Closed,,,,,,,,,,,
252.0,Assign seriousness,Take in charge ticket,Resolve ticket,Closed,,,,,,,,,,,
253.0,Assign seriousness,Take in charge ticket,Resolve ticket,Closed,,,,,,,,,,,
254.0,Assign seriousness,Take in charge ticket,Resolve ticket,Closed,,,,,,,,,,,
255.0,Assign seriousness,Take in charge ticket,Resolve ticket,Closed,,,,,,,,,,,
256.0,Assign seriousness,Take in charge ticket,Wait,Take in charge ticket,,Closed,,,,,,,,,
257.0,Assign seriousness,Assign seriousness,Take in charge ticket,Resolve ticket,Closed,,,,,,,,,,
258.0,Assign seriousness,Assign seriousness,Take in charge ticket,Resolve ticket,Closed,,,,,,,,,,
259.0,Assign seriousness,Take in charge ticket,Resolve ticket,Closed,,,,,,,,,,,
260.0,Assign seriousness,Take in charge ticket,Wait,Resolve ticket,Wait,Resolve ticket,Closed,,,,,,,,
261.0,Assign seriousness,Take in charge ticket,Resolve ticket,Closed,,,,,,,,,,,
262.0,Assign seriousness,Take in charge ticket,Resolve ticket,Closed,,,,,,,,,,,
263.0,Assign seriousness,Take in charge ticket,Resolve ticket,Closed,,,,,,,,,,,
264.0,Assign seriousness,Resolve ticket,Resolve ticket,Closed,,,,,,,,,,,
265.0,Assign seriousness,Take in charge ticket,Resolve ticket,Closed,,,,,,,,,,,
266.0,Insert ticket,Assign seriousness,Take in charge ticket,Resolve ticket,Closed,,,,,,,,,,
267.0,Take in charge ticket,Resolve ticket,Closed,,,,,,,,,,,,
268.0,Assign seriousness,Take in charge ticket,Wait,Wait,Take in charge ticket,Resolve ticket,Closed,,,,,,,,
269.0,Insert ticket,Assign seriousness,Assign seriousness,Take in charge ticket,Resolve ticket,Closed,,,,,,,,,
270.0,Assign seriousness,Take in charge ticket,Wait,Resolve ticket,Closed,,,,,,,,,,
271.0,Assign seriousness,Take in charge ticket,Resolve ticket,Closed,,,,,,,,,,,
272.0,Assign seriousness,Take in charge ticket,Resolve ticket,Closed,,,,,,,,,,,
273.0,Assign seriousness,Take in charge ticket,Resolve ticket,Closed,,,,,,,,,,,
274.0,Insert ticket,Assign seriousness,Take in charge ticket,,Closed,,,,,,,,,,
275.0,Assign seriousness,Take in charge ticket,Resolve ticket,Closed,,,,,,,,,,,
276.0,Assign seriousness,Wait,Take in charge ticket,Wait,Take in charge ticket,Resolve ticket,Closed,,,,,,,,
277.0,Assign seriousness,Resolve ticket,Closed,,,,,,,,,,,,
278.0,Assign seriousness,Take in charge ticket,Wait,Take in charge ticket,Resolve ticket,Take in charge ticket,Resolve ticket,Closed,,,,,,,
279.0,Assign seriousness,Assign seriousness,Take in charge ticket,Resolve ticket,Closed,,,,,,,,,,
280.0,Assign seriousness,Take in charge ticket,Resolve ticket,Closed,,,,,,,,,,,
281.0,Assign seriousness,Take in charge ticket,Resolve ticket,Closed,,,,,,,,,,,
282.0,Assign seriousness,Take in charge ticket,Resolve ticket,,,,,,,,,,,,
283.0,Assign seriousness,,Resolve ticket,Closed,,,,,,,,,,,
284.0,Assign seriousness,Take in charge ticket,Resolve ticket,Closed,,,,,,,,,,,
285.0,Assign seriousness,Take in charge ticket,Resolve ticket,Closed,,,,,,,,,,,
286.0,Assign seriousness,Take in charge ticket,Resolve ticket,,,,,,,,,,,,
287.0,Assign seriousness,Take in charge ticket,Resolve ticket,Closed,,,,,,,,,,,
288.0,Assign seriousness,Wait,Resolve ticket,Resolve ticket,Closed,,,,,,,,,,
289.0,Assign seriousness,Assign seriousness,Take in charge ticket,Resolve ticket,Closed,,,,,,,,,,
290.0,Assign seriousness,Take in charge ticket,Resolve ticket,Closed,,,,,,,,,,,
291.0,Assign seriousness,Take in charge ticket,Resolve ticket,Closed,,,,,,,,,,,
292.0,Assign seriousness,Take in charge ticket,Resolve ticket,Closed,,,,,,,,,,,
293.0,Assign seriousness,Take in charge ticket,Resolve ticket,Resolve ticket,Closed,,,,,,,,,,
294.0,Assign seriousness,Take in charge ticket,Wait,Resolve ticket,Closed,,,,,,,,,,
,Assign seriousness,Take in charge ticket,Resolve ticket,Closed,,,,,,,,,,,
296.0,Assign seriousness,Take in charge ticket,Resolve ticket,Closed,,,,,,,,,,,
297.0,Assign seriousness,Take in charge ticket,Wait,Resolve ticket,Closed,,,,,,,,,,
298.0,Assign seriousness,Take in charge ticket,Resolve ticket,Closed,,,,,,,,,,,
299.0,Assign seriousness,Take in charge ticket,Resolve ticket,Take in charge ticket,Wait,Take in charge ticket,Resolve ticket,Closed,,,,,,,
300.0,Assign seriousness,Take in charge ticket,Resolve ticket,Closed,,,,,,,,,,,
301.0,Assign seriousness,Take in charge ticket,Resolve ticket,Closed,,,,,,,,,,,
302.0,Assign seriousness,Take in charge ticket,Resolve ticket,Closed,,,,,,,,,,,
303.0,Assign seriousness,Take in charge ticket,Wait,Resolve ticket,Closed,,,,,,,,,,
304.0,Assign seriousness,Take in charge ticket,Resolve ticket,Closed,,,,,,,,,,,
305.0,Assign seriousness,Take in charge ticket,Resolve ticket,Closed,,,,,,,,,,,
306.0,Assign seriousness,Take in charge ticket,Resolve ticket,Closed,,,,,,,,,,,
307.0,Assign seriousness,Take in charge ticket,Resolve ticket,Closed,,,,,,,,,,,
308.0,Assign seriousness,Take in charge ticket,Wait,Resolve ticket,Closed,,,,,,,,,,
309.0,Assign seriousness,Take in charge ticket,Resolve ticket,Closed,,,,,,,,,,,
310.0,Assign seriousness,Take in charge ticket,Resolve ticket,Closed,,,,,,,,,,,
311.0,Assign seriousness,Take in charge ticket,Wait,Require upgrade,Wait,Resolve ticket,Resolve ticket,Closed,,,,,,,
312.0,Assign seriousness,Take in charge ticket,Resolve ticket,Closed,,,,,,,,,,,
313.0,Assign seriousness,Take in charge ticket,Wait,Take in charge ticket,Resolve ticket,Closed,,,,,,,,,
314.0,Assign seriousness,Assign seriousness,Take in charge ticket,Resolve ticket,Closed,,,,,,,,,,
315.0,Assign seriousness,Take in charge ticket,Require upgrade,,Closed,,,,,,,,,,
316.0,Assign seriousness,Take in charge ticket,Resolve ticket,Closed,,,,,,,,,,,
317.0,Assign seriousness,Take in charge ticket,Wait,Take in charge ticket,Resolve ticket,Closed,,,,,,,,,
318.0,Assign seriousness,Take in charge ticket,Resolve ticket,Closed,,,,,,,,,,,
319.0,Assign seriousness,Assign seriousness,Take in charge ticket,Wait,Take in charge ticket,Resolve ticket,Closed,,,,,,,,
320.0,Assign seriousness,Take in charge ticket,Wait,Take in charge ticket,Resolve ticket,Closed,,,,,,,,,
321.0,Assign seriousness,Take in charge ticket,Wait,Resolve ticket,Closed,,,,,,,,,,
322.0,Take in charge ticket,Resolve ticket,Closed,,,,,,,,,,,,
323.0,Assign seriousness,Assign seriousness,Take in charge ticket,Resolve ticket,Closed,,,,,,,,,,
324.0,Assign seriousness,Take in charge ticket,Require upgrade,Require upgrade,Resolve ticket,Closed,,,,,,,,,
325.0,Assign seriousness,Take in charge ticket,Resolve ticket,Closed,,,,,,,,,,,
326.0,Assign seriousness,Take in charge ticket,Resolve ticket,Closed,,,,,,,,,,,
327.0,Assign seriousness,Take in charge ticket,Resolve ticket,Take in charge ticket,Resolve ticket,Closed,,,,,,,,,
328.0,Assign seriousness,Assign seriousness,Take in charge ticket,Resolve ticket,Resolve ticket,Closed,,,,,,,,,
329.0,Assign seriousness,Take in charge ticket,Require upgrade,Resolve ticket,Closed,,,,,,,,,,
330.0,Assign seriousness,Take in charge ticket,Wait,Resolve ticket,Closed,,,,,,,,,,
331.0,Assign seriousness,Take in charge ticket,Wait,Resolve ticket,Closed,,,,,,,,,,
332.0,Assign seriousness,Take in charge ticket,Wait,Take in charge ticket,Resolve ticket,Closed,,,,,,,,,
333.0,Assign seriousness,Take in charge ticket,Resolve ticket,Closed,,,,,,,,,,,
334.0,Assign seriousness,Take in charge ticket,Resolve ticket,Closed,,,,,,,,,,,
335.0,Assign seriousness,Take in charge ticket,Resolve ticket,Closed,,,,,,,,,,,
336.0,Assign seriousness,Take in charge ticket,Resolve ticket,Closed,,,,,,,,,,,
337.0,Assign seriousness,Take in charge ticket,Wait,Resolve ticket,Closed,,,,,,,,,,
338.0,Assign seriousness,Take in charge ticket,Wait,Resolve ticket,Closed,,,,,,,,,,
339.0,Assign seriousness,Resolve ticket,Closed,,,,,,,,,,,,
340.0,Assign seriousness,Take in charge ticket,Wait,Resolve ticket,Closed,,,,,,,,,,
341.0,Assign seriousness,Take in charge ticket,Resolve ticket,Closed,,,,,,,,,,,
342.0,Assign seriousness,Take in charge ticket,Resolve ticket,Closed,,,,,,,,,,,
343.0,Assign seriousness,Wait,Wait,Resolve ticket,Closed,,,,,,,,,,
,Assign seriousness,Resolve ticket,Resolve ticket,Closed,,,,,,,,,,,
345.0,Assign seriousness,Take in charge ticket,,Closed,,,,,,,,,,,
346.0,Assign seriousness,Take in charge ticket,Wait,Resolve ticket,Closed,,,,,,,,,,
347.0,Assign seriousness,Take in charge ticket,Wait,Resolve ticket,Closed,,,,,,,,,,
348.0,Assign seriousness,Take in charge ticket,Resolve ticket,Closed,,,,,,,,,,,
349.0,Assign seriousness,Resolve ticket,Resolve ticket,Closed,,,,,,,,,,,
350.0,Assign seriousness,Take in charge ticket,Resolve ticket,Closed,,,,,,,,,,,
351.0,Assign seriousness,Wait,Resolve ticket,Resolve ticket,Closed,,,,,,,,,,
352.0,Assign seriousness,Assign seriousness,Take in charge ticket,Resolve ticket,Closed,,,,,,,,,,
353.0,Assign seriousness,Take in charge ticket,Resolve ticket,Closed,,,,,,,,,,,
354.0,Assign seriousness,Take in charge ticket,Resolve ticket,Closed,,,,,,,,,,,
355.0,Assign seriousness,Assign seriousness,Take in charge ticket,Resolve ticket,Closed,,,,,,,,,,
356.0,Assign seriousness,Take in charge ticket,Resolve ticket,Closed,,,,,,,,,,,
357.0,Assign seriousness,Take in charge ticket,Resolve ticket,Closed,,,,,,,,,,,
358.0,Assign seriousness,Take in charge ticket,Wait,Resolve ticket,Take in charge ticket,Wait,Resolve ticket,Closed,,,,,,,
359.0,Assign seriousness,Take in charge ticket,Wait,Resolve ticket,Closed,,,,,,,,,,
360.0,Assign seriousness,Assign seriousness,Take in charge ticket,Resolve ticket,Closed,,,,,,,,,,
361.0,Assign seriousness,Take in charge ticket,Wait,Resolve ticket,Closed,,,,,,,,,,
362.0,Assign seriousness,Take in charge ticket,Wait,Take in charge ticket,Resolve ticket,Closed,,,,,,,,,
363.0,Assign seriousness,Take in charge ticket,Resolve ticket,Closed,,,,,,,,,,,
364.0,Assign seriousness,Wait,Wait,Resolve ticket,Closed,,,,,,,,,,
365.0,Assign seriousness,Assign seriousness,Take in charge ticket,Wait,Wait,Take in charge ticket,Resolve ticket,Closed,,,,,,,
366.0,Assign seriousness,Take in charge ticket,Take in charge ticket,Resolve ticket,Closed,,,,,,,,,,
367.0,Assign seriousness,Take in charge ticket,Resolve ticket,Closed,,,,,,,,,,,
368.0,Assign seriousness,Take in charge ticket,Resolve ticket,Closed,,,,,,,,,,,
369.0,Assign seriousness,Take in charge ticket,Resolve ticket,Closed,,,,,,,,,,,
370.0,Assign seriousness,Take in charge ticket,Resolve ticket,Closed,,,,,,,,,,,
371.0,Assign seriousness,Take in charge ticket,Wait,Resolve ticket,Closed,,,,,,,,,,
372.0,Assign seriousness,Take in charge ticket,Resolve ticket,Closed,,,,,,,,,,,
373.0,Assign seriousness,Take in charge ticket,Wait,Take in charge ticket,Resolve ticket,Closed,,,,,,,,,
374.0,Assign seriousness,Take in charge ticket,Resolve ticket,Closed,,,,,,,,,,,
375.0,Assign seriousness,Take in charge ticket,Resolve ticket,Closed,,,,,,,,,,,
376.0,Assign seriousness,Take in charge ticket,Resolve ticket,Closed,,,,,,,,,,,
377.0,Assign seriousness,Resolve ticket,Closed,,,,,,,,,,,,
378.0,Assign seriousness,Take in charge ticket,Resolve ticket,Closed,,,,,,,,,,,
379.0,Assign seriousness,Take in charge ticket,Wait,Resolve ticket,Closed,,,,,,,,,,
380.0,Assign seriousness,Take in charge ticket,Resolve ticket,Closed,,,,,,,,,,,
381.0,Assign seriousness,Take in charge ticket,Wait,Take in charge ticket,Resolve ticket,Closed,,,,,,,,,
382.0,Assign seriousness,Take in charge ticket,Resolve ticket,Resolve ticket,Closed,,,,,,,,,,
383.0,Assign seriousness,Wait,Take in charge ticket,Resolve ticket,Closed,,,,,,,,,,
384.0,Assign seriousness,Assign seriousness,Take in charge ticket,Resolve ticket,Closed,,,,,,,,,,
385.0,Assign seriousness,Take in charge ticket,,Closed,,,,,,,,,,,
386.0,Assign seriousness,Take in charge ticket,Resolve ticket,Closed,,,,,,,,,,,
387.0,Assign seriousness,Resolve ticket,Resolve ticket,Closed,,,,,,,,,,,
388.0,Assign seriousness,Take in charge ticket,Resolve ticket,Closed,,,,,,,,,,,
389.0,Assign seriousness,Take in charge ticket,Resolve ticket,Closed,,,,,,,,,,,
390.0,Assign seriousness,Take in charge ticket,Resolve ticket,Closed,,,,,,,,,,,
391.0,Assign seriousness,Assign seriousness,Take in charge ticket,Resolve ticket,Closed,,,,,,,,,,
392.0,Assign seriousness,Take in charge ticket,Resolve ticket,Closed,,,,,,,,,,,
393.0,Assign seriousness,Take in charge ticket,Wait,Resolve ticket,Closed,,,,,,,,,,
394.0,Assign seriousness,Take in charge ticket,Resolve ticket,Closed,,,,,,,,,,,
395.0,Assign seriousness,Take in charge ticket,Resolve ticket,Closed,,,,,,,,,,,
396.0,Assign seriousness,Take in charge ticket,Resolve ticket,Closed,,,,,,,,,,,
397.0,Assign seriousness,Take in charge ticket,Resolve ticket,Closed,,,,,,,,,,,
398.0,Assign seriousness,Take in charge ticket,Resolve ticket,Closed,,,,,,,,,,,
399.0,Assign seriousness,Take in charge ticket,Resolve ticket,Closed,,,,,,,,,,,
400.0,Assign seriousness,Take in charge ticket,Resolve ticket,Take in charge ticket,Resolve ticket,Closed,,,,,,,,,
401.0,Assign seriousness,Assign seriousness,Take in charge ticket,Resolve ticket,Closed,,,,,,,,,,
402.0,Assign seriousness,Take in charge ticket,Wait,Resolve ticket,Closed,,,,,,,,,,
403.0,Assign seriousness,Assign seriousness,Take in charge ticket,,Resolve ticket,Closed,,,,,,,,,
404.0,Assign seriousness,Take in charge ticket,Resolve ticket,Closed,,,,,,,,,,,
405.0,Assign seriousness,Take in charge ticket,Resolve ticket,Closed,,,,,,,,,,,
406.0,Assign seriousness,Take in charge ticket,Resolve ticket,Closed,,,,,,,,,,,
407.0,Assign seriousness,,Wait,Resolve ticket,Closed,,,,,,,,,,
408.0,Insert ticket,Assign seriousness,Take in charge ticket,Resolve ticket,Resolve ticket,Closed,,,,,,,,,
409.0,Assign seriousness,Assign seriousness,Take in charge ticket,Resolve ticket,Closed,,,,,,,,,,
410.0,Assign seriousness,Take in charge ticket,Resolve ticket,Resolve ticket,Closed,,,,,,,,,,
411.0,Assign seriousness,Take in charge ticket,Resolve ticket,Closed,,,,,,,,,,,
412.0,Assign seriousness,Take in charge ticket,Wait,Resolve ticket,Closed,,,,,,,,,,
413.0,Assign seriousness,Take in charge ticket,Resolve ticket,Closed,,,,,,,,,,,
414.0,Assign seriousness,Take in charge ticket,Wait,Take in charge ticket,Resolve ticket,,,,,,,,,,
415.0,Assign seriousness,Take in charge ticket,Resolve ticket,Closed,,,,,,,,,,,
416.0,Assign seriousness,Take in charge ticket,Resolve ticket,Closed,,,,,,,,,,,
417.0,Assign seriousness,Take in charge ticket,Resolve ticket,Closed,,,,,,,,,,,
418.0,Insert ticket,Assign seriousness,Take in charge ticket,Resolve ticket,Closed,,,,,,,,,,
419.0,Assign seriousness,Take in charge ticket,Resolve ticket,Resolve ticket,Closed,,,,,,,,,,
420.0,Assign seriousness,Take in charge ticket,Wait,Resolve ticket,Closed,,,,,,,,,,
421.0,Assign seriousness,Take in charge ticket,Wait,Wait,Take in charge ticket,Resolve ticket,Closed,,,,,,,,
422.0,Assign seriousness,Take in charge ticket,Resolve ticket,Closed,,,,,,,,,,,
423.0,Assign seriousness,Take in charge ticket,Resolve ticket,Closed,,,,,,,,,,,
424.0,Assign seriousness,Assign seriousness,Take in charge ticket,Resolve ticket,Closed,,,,,,,,,,
425.0,Assign seriousness,Take in charge ticket,Resolve ticket,Closed,,,,,,,,,,,
426.0,Assign seriousness,Take in charge ticket,Resolve ticket,Closed,,,,,,,,,,,
427.0,Assign seriousness,Take in charge ticket,Resolve ticket,Closed,,,,,,,,,,,
428.0,Assign seriousness,Take in charge ticket,Wait,Wait,Resolve ticket,Closed,,,,,,,,,
429.0,Assign seriousness,Take in charge ticket,Resolve ticket,Closed,,,,,,,,,,,
430.0,Assign seriousness,Take in charge ticket,Require upgrade,Resolve ticket,Closed,,,,,,,,,,
431.0,Assign seriousness,Take in charge ticket,Resolve ticket,Resolve ticket,Closed,,,,,,,,,,
432.0,Assign seriousness,Take in charge ticket,Wait,Resolve ticket,Closed,,,,,,,,,,
433.0,Assign seriousness,Take in charge ticket,Require upgrade,Wait,Resolve ticket,Closed,,,,,,,,,
434.0,Assign seriousness,Take in charge ticket,Resolve ticket,Closed,,,,,,,,,,,
435.0,Assign seriousness,Take in charge ticket,Resolve ticket,Closed,,,,,,,,,,,
436.0,Take in charge ticket,Resolve ticket,Resolve ticket,Closed,,,,,,,,,,,
437.0,Assign seriousness,Take in charge ticket,Resolve ticket,Closed,,,,,,,,,,,
438.0,Assign seriousness,Assign seriousness,Take in charge ticket,Resolve ticket,Closed,,,,,,,,,,
439.0,Assign seriousness,Take in charge ticket,Resolve ticket,Closed,,,,,,,,,,,
440.0,Assign seriousness,Take in charge ticket,Resolve ticket,Closed,,,,,,,,,,,
441.0,Assign seriousness,Take in charge ticket,Wait,Resolve ticket,Closed,,,,,,,,,,
442.0,Assign seriousness,Resolve ticket,Closed,,,,,,,,,,,,
443.0,Assign seriousness,Take in charge ticket,Wait,Resolve ticket,Closed,,,,,,,,,,
444.0,Assign seriousness,Take in charge ticket,Wait,Take in charge ticket,Resolve ticket,Closed,,,,,,,,,
445.0,Assign seriousness,Take in charge ticket,Resolve ticket,Closed,,,,,,,,,,,
446.0,Assign seriousness,Assign seriousness,Take in charge ticket,Resolve ticket,Closed,,,,,,,,,,
447.0,Assign seriousness,Take in charge ticket,Resolve ticket,Closed,,,,,,,,,,,
448.0,Assign seriousness,Take in charge ticket,Resolve ticket,Resolve ticket,Closed,,,,,,,,,,
449.0,Assign seriousness,Take in charge ticket,Resolve ticket,Closed,,,,,,,,,,,
450.0,Assign seriousness,Take in charge ticket,Wait,Take in charge ticket,Resolve ticket,Closed,,,,,,,,,
451.0,Assign seriousness,Take in charge ticket,Resolve ticket,Closed,,,,,,,,,,,
452.0,Assign seriousness,Take in charge ticket,Resolve ticket,Closed,,,,,,,,,,,
453.0,Assign seriousness,Take in charge ticket,Resolve ticket,Closed,,,,,,,,,,,
454.0,Assign seriousness,Take in charge ticket,Resolve ticket,Closed,,,,,,,,,,,
455.0,Assign seriousness,Take in charge ticket,Resolve ticket,Closed,,,,,,,,,,,
456.0,Assign seriousness,Take in charge ticket,,Resolve ticket,Closed,,,,,,,,,,
457.0,Assign seriousness,Take in charge ticket,Require upgrade,Resolve ticket,Closed,,,,,,,,,,
458.0,Assign seriousness,Take in charge ticket,Resolve ticket,Resolve ticket,Closed,,,,,,,,,,
459.0,Assign seriousness,Take in charge ticket,Resolve ticket,Resolve ticket,Closed,,,,,,,,,,
460.0,Assign seriousness,Assign seriousness,Take in charge ticket,Resolve ticket,Closed,,,,,,,,,,
461.0,Assign seriousness,Take in charge ticket,Resolve ticket,Closed,,,,,,,,,,,
462.0,Assign seriousness,Take in charge ticket,Wait,Take in charge ticket,Require upgrade,Resolve ticket,Closed,,,,,,,,
463.0,Assign seriousness,Take in charge ticket,Wait,Take in charge ticket,Resolve ticket,Closed,,,,,,,,,
464.0,Assign seriousness,Take in charge ticket,Wait,Take in charge ticket,Resolve ticket,Closed,,,,,,,,,
465.0,Assign seriousness,Take in charge ticket,Wait,Resolve ticket,Closed,,,,,,,,,,
466.0,Assign seriousness,Take in charge ticket,Wait,Take in charge ticket,Resolve ticket,Closed,,,,,,,,,
467.0,Assign seriousness,Take in charge ticket,Resolve ticket,Closed,,,,,,,,,,,
468.0,Assign seriousness,Take in charge ticket,Resolve ticket,Closed,,,,,,,,,,,
469.0,Assign seriousness,Assign seriousness,Assign seriousness,Take in charge ticket,Wait,Resolve ticket,Closed,,,,,,,,
470.0,Assign seriousness,Take in charge ticket,Resolve ticket,Closed,,,,,,,,,,,
471.0,Assign seriousness,Take in charge ticket,Wait,Take in charge ticket,Resolve ticket,Closed,,,,,,,,,
472.0,Assign seriousness,Take in charge ticket,Resolve ticket,Closed,,,,,,,,,,,
473.0,Assign seriousness,Assign seriousness,Take in charge ticket,Wait,Resolve ticket,Closed,,,,,,,,,
474.0,Assign seriousness,Resolve ticket,Closed,,,,,,,,,,,,
475.0,Assign seriousness,Take in charge ticket,Resolve ticket,Closed,,,,,,,,,,,
476.0,Assign seriousness,Take in charge ticket,Resolve ticket,Closed,,,,,,,,,,,
477.0,Assign seriousness,Resolve ticket,Resolve ticket,Closed,,,,,,,,,,,
478.0,Assign seriousness,Take in charge ticket,Resolve ticket,Closed,,,,,,,,,,,
479.0,Assign seriousness,Take in charge ticket,Wait,Resolve ticket,Closed,,,,,,,,,,
480.0,Assign seriousness,Assign seriousness,Take in charge ticket,Resolve ticket,Closed,,,,,,,,,,
481.0,Assign seriousness,,Resolve ticket,Closed,,,,,,,,,,,
482.0,Assign seriousness,Take in charge ticket,Resolve ticket,Closed,,,,,,,,,,,
483.0,Assign seriousness,Take in charge ticket,Resolve ticket,Closed,,,,,,,,,,,
484.0,Assign seriousness,Take in charge ticket,Resolve ticket,Closed,,,,,,,,,,,
485.0,Assign seriousness,Take in charge ticket,Resolve ticket,Closed,,,,,,,,,,,
486.0,Assign seriousness,Take in charge ticket,Wait,Resolve ticket,Closed,,,,,,,,,,
487.0,Assign seriousness,Take in charge ticket,Resolve ticket,Closed,,,,,,,,,,,
488.0,Assign seriousness,Take in charge ticket,Resolve ticket,Closed,,,,,,,,,,,
489.0,Assign seriousness,Take in charge ticket,Resolve ticket,Closed,,,,,,,,,,,
490.0,Assign seriousness,Take in charge ticket,Resolve ticket,Closed,,,,,,,,,,,
491.0,Assign seriousness,Take in charge ticket,Wait,Resolve ticket,Closed,,,,,,,,,,
492.0,Assign seriousness,Take in charge ticket,Resolve ticket,Closed,,,,,,,,,,,
493.0,Assign seriousness,Take in charge ticket,Resolve ticket,Resolve ticket,Closed,,,,,,,,,,
494.0,Assign seriousness,Take in charge ticket,Resolve ticket,Closed,,,,,,,,,,,
495.0,Assign seriousness,Take in charge ticket,Resolve ticket,Closed,,,,,,,,,,,
496.0,Assign seriousness,Assign seriousness,Take in charge ticket,Resolve ticket,Closed,,,,,,,,,,
497.0,Assign seriousness,Take in charge ticket,Resolve ticket,Closed,,,,,,,,,,,
498.0,Assign seriousness,Take in charge ticket,Create SW anomaly,Require upgrade,Resolve ticket,Closed,,,,,,,,,
499.0,Assign seriousness,Take in charge ticket,Wait,Resolve ticket,Closed,,,,,,,,,,
500.0,Assign seriousness,Take in charge ticket,Resolve ticket,Closed,,,,,,,,,,,
501.0,Assign seriousness,Take in charge ticket,Require upgrade,Resolve ticket,Closed,,,,,,,,,,
502.0,Assign seriousness,Take in charge ticket,Resolve ticket,Closed,,,,,,,,,,,
503.0,Assign seriousness,Take in charge ticket,Wait,Resolve ticket,Closed,,,,,,,,,,
504.0,Assign seriousness,Take in charge ticket,Wait,Wait,Take in charge ticket,Resolve ticket,Closed,,,,,,,,
505.0,Assign seriousness,Take in charge ticket,Wait,Resolve ticket,Closed,,,,,,,,,,
506.0,Assign seriousness,Take in charge ticket,Resolve ticket,Closed,,,,,,,,,,,
507.0,Assign seriousness,Take in charge ticket,Wait,Resolve ticket,Closed,,,,,,,,,,
508.0,Assign seriousness,Take in charge ticket,Resolve ticket,Closed,,,,,,,,,,,
509.0,Assign seriousness,Take in charge ticket,Resolve ticket,Resolve ticket,Closed,,,,,,,,,,
510.0,Assign seriousness,Take in charge ticket,Resolve ticket,Closed,,,,,,,,,,,
511.0,Assign seriousness,Take in charge ticket,Wait,Resolve ticket,Closed,,,,,,,,,,
512.0,Assign seriousness,Take in charge ticket,Take in charge ticket,Wait,Take in charge ticket,Resolve ticket,Closed,,,,,,,,
513.0,Assign seriousness,Take in charge ticket,Resolve ticket,Take in charge ticket,Resolve ticket,Closed,,,,,,,,,
514.0,Assign seriousness,Take in charge ticket,Resolve ticket,Closed,,,,,,,,,,,
515.0,Assign seriousness,Take in charge ticket,Resolve ticket,Resolve ticket,Closed,,,,,,,,,,
516.0,Assign seriousness,Take in charge ticket,Resolve ticket,Closed,,,,,,,,,,,
517.0,Assign seriousness,Take in charge ticket,Wait,Resolve ticket,Closed,,,,,,,,,,
518.0,Take in charge ticket,Wait,Resolve ticket,Closed,,,,,,,,,,,
519.0,Assign seriousness,Take in charge ticket,Resolve ticket,Closed,,,,,,,,,,,
520.0,Assign seriousness,Take in charge ticket,Wait,Resolve ticket,Closed,,,,,,,,,,
521.0,Assign seriousness,Wait,Assign seriousness,Assign seriousness,Take in charge ticket,Resolve ticket,Closed,,,,,,,,
522.0,Assign seriousness,Take in charge ticket,Resolve ticket,Closed,,,,,,,,,,,
523.0,Assign seriousness,Wait,Wait,Resolve ticket,Closed,,,,,,,,,,
524.0,Assign seriousness,Take in charge ticket,Wait,Wait,Wait,Resolve ticket,Closed,,,,,,,,
525.0,Assign seriousness,Take in charge ticket,Resolve ticket,Closed,,,,,,,,,,,
526.0,Assign seriousness,Take in charge ticket,Resolve ticket,Take in charge ticket,Wait,Resolve ticket,Closed,,,,,,,,
527.0,Assign seriousness,Take in charge ticket,Resolve ticket,Closed,,,,,,,,,,,
528.0,Assign seriousness,Take in charge ticket,Resolve ticket,Closed,,,,,,,,,,,
529.0,Assign seriousness,Take in charge ticket,Resolve ticket,Closed,,,,,,,,,,,
530.0,Assign seriousness,Take in charge ticket,Resolve ticket,Closed,,,,,,,,,,,
531.0,Assign seriousness,Take in charge ticket,Wait,Resolve ticket,Closed,,,,,,,,,,
532.0,Assign seriousness,Take in charge ticket,Resolve ticket,Closed,,,,,,,,,,,
533.0,Assign seriousness,Take in charge ticket,Resolve ticket,Closed,,,,,,,,,,,
534.0,Assign seriousness,Take in charge ticket,Resolve ticket,Closed,,,,,,,,,,,
535.0,Assign seriousness,Take in charge ticket,Resolve ticket,Closed,,,,,,,,,,,
536.0,Assign seriousness,Take in charge ticket,Resolve ticket,Closed,,,,,,,,,,,
537.0,Assign seriousness,Take in charge ticket,Resolve ticket,Closed,,,,,,,,,,,
538.0,Assign seriousness,Take in charge ticket,Resolve ticket,Closed,,,,,,,,,,,
539.0,Assign seriousness,Take in charge ticket,Resolve ticket,Closed,,,,,,,,,,,
540.0,Assign seriousness,Take in charge ticket,Resolve ticket,Closed,,,,,,,,,,,
541.0,Assign seriousness,Wait,Take in charge ticket,Wait,Take in charge ticket,Resolve ticket,Closed,,,,,,,,
542.0,Assign seriousness,Take in charge ticket,Wait,Resolve ticket,Closed,,,,,,,,,,
543.0,Assign seriousness,Take in charge ticket,Resolve ticket,Closed,,,,,,,,,,,
544.0,Assign seriousness,Resolve ticket,Closed,,,,,,,,,,,,
545.0,Assign seriousness,Take in charge ticket,Wait,Resolve ticket,Closed,,,,,,,,,,
546.0,Assign seriousness,Take in charge ticket,Resolve ticket,Closed,,,,,,,,,,,
547.0,Assign seriousness,Take in charge ticket,Wait,Resolve ticket,Closed,,,,,,,,,,
548.0,Assign seriousness,Resolve ticket,Closed,,,,,,,,,,,,
549.0,Assign seriousness,Take in charge ticket,Resolve ticket,Closed,,,,,,,,,,,
550.0,Assign seriousness,Resolve ticket,Closed,,,,,,,,,,,,
551.0,Take in charge ticket,Resolve ticket,Closed,,,,,,,,,,,,
552.0,,Take in charge ticket,Take in charge ticket,Resolve ticket,Closed,,,,,,,,,,
553.0,Assign seriousness,Take in charge ticket,Wait,Resolve ticket,Closed,,,,,,,,,,
554.0,Assign seriousness,Take in charge ticket,Resolve ticket,Closed,,,,,,,,,,,
555.0,,Take in charge ticket,Resolve ticket,Closed,,,,,,,,,,,
556.0,Assign seriousness,Take in charge ticket,Resolve ticket,Closed,,,,,,,,,,,
557.0,Assign seriousness,Take in charge ticket,Resolve ticket,Closed,,,,,,,,,,,
558.0,Assign seriousness,Take in charge ticket,Resolve ticket,Closed,,,,,,,,,,,
559.0,Assign seriousness,Take in charge ticket,Wait,Resolve ticket,Closed,,,,,,,,,,
560.0,Assign seriousness,Take in charge ticket,Wait,Take in charge ticket,Wait,Resolve ticket,Closed,,,,,,,,
561.0,Assign seriousness,Take in charge ticket,Resolve ticket,Closed,,,,,,,,,,,
562.0,Assign seriousness,Take in charge ticket,Resolve ticket,Closed,,,,,,,,,,,
563.0,Assign seriousness,Assign seriousness,Take in charge ticket,Resolve ticket,Closed,,,,,,,,,,
564.0,Assign seriousness,Take in charge ticket,Resolve ticket,Closed,,,,,,,,,,,
565.0,Assign seriousness,Take in charge ticket,Wait,Take in charge ticket,Resolve ticket,Closed,,,,,,,,,
566.0,Assign seriousness,Wait,Take in charge ticket,Resolve ticket,Take in charge ticket,Wait,Take in charge ticket,Resolve ticket,Closed,,,,,,
567.0,Assign seriousness,Take in charge ticket,Wait,Resolve ticket,Closed,,,,,,,,,,
568.0,Take in charge ticket,Resolve ticket,Closed,,,,,,,,,,,,
569.0,Assign seriousness,Take in charge ticket,Wait,Resolve ticket,Closed,,,,,,,,,,
,Assign seriousness,Take in charge ticket,Resolve ticket,Resolve ticket,Closed,,,,,,,,,,
571.0,Assign seriousness,Take in charge ticket,Take in charge ticket,Resolve ticket,Closed,,,,,,,,,,
572.0,Assign seriousness,Resolve ticket,Closed,,,,,,,,,,,,
573.0,Assign seriousness,Take in charge ticket,Resolve ticket,Closed,,,,,,,,,,,
574.0,Assign seriousness,Take in charge ticket,Resolve ticket,Closed,,,,,,,,,,,
575.0,Assign seriousness,Take in charge ticket,Wait,Resolve ticket,Closed,,,,,,,,,,
576.0,Assign seriousness,Take in charge ticket,Resolve ticket,Take in charge ticket,Wait,Take in charge ticket,Resolve ticket,Closed,,,,,,,
577.0,Assign seriousness,Take in charge ticket,Resolve ticket,Closed,,,,,,,,,,,
578.0,Assign seriousness,Take in charge ticket,Wait,Take in charge ticket,Wait,,Resolve ticket,Closed,,,,,,,
579.0,Assign seriousness,Take in charge ticket,Resolve ticket,Closed,,,,,,,,,,,
580.0,Assign seriousness,Take in charge ticket,Resolve ticket,Closed,,,,,,,,,,,
581.0,Assign seriousness,Take in charge ticket,Wait,Take in charge ticket,Resolve ticket,Closed,,,,,,,,,
582.0,Assign seriousness,Take in charge ticket,Resolve ticket,Closed,,,,,,,,,,,
583.0,Assign seriousness,Take in charge ticket,Resolve ticket,Closed,,,,,,,,,,,
584.0,Assign seriousness,Take in charge ticket,Resolve ticket,Closed,,,,,,,,,,,
585.0,Insert ticket,Assign seriousness,Take in charge ticket,Resolve ticket,Closed,,,,,,,,,,
586.0,Take in charge ticket,Resolve ticket,Closed,,,,,,,,,,,,
587.0,Assign seriousness,Take in charge ticket,Resolve ticket,Closed,,,,,,,,,,,
588.0,Assign seriousness,Take in charge ticket,,Closed,,,,,,,,,,,
589.0,Assign seriousness,,Wait,Resolve ticket,Closed,,,,,,,,,,
590.0,Assign seriousness,Take in charge ticket,Resolve ticket,Closed,,,,,,,,,,,
591.0,Assign seriousness,Take in charge ticket,Resolve ticket,Closed,,,,,,,,,,,
592.0,Assign seriousness,,Take in charge ticket,Resolve ticket,Closed,,,,,,,,,,
593.0,Insert ticket,Assign seriousness,Take in charge ticket,Resolve ticket,Closed,,,,,,,,,,
594.0,Assign seriousness,Take in charge ticket,Resolve ticket,Closed,,,,,,,,,,,
595.0,Assign seriousness,Take in charge ticket,Resolve ticket,Closed,,,,,,,,,,,
596.0,Assign seriousness,Take in charge ticket,Wait,Resolve ticket,Closed,,,,,,,,,,
597.0,Assign seriousness,Take in charge ticket,Resolve ticket,Resolve ticket,Closed,,,,,,,,,,
598.0,Assign seriousness,Resolve ticket,Closed,,,,,,,,,,,,
599.0,Assign seriousness,Take in charge ticket,Resolve ticket,Closed,,,,,,,,,,,
600.0,Assign seriousness,Take in charge ticket,Resolve ticket,Closed,,,,,,,,,,,
601.0,Assign seriousness,Take in charge ticket,Wait,Take in charge ticket,Resolve ticket,Closed,,,,,,,,,
602.0,Assign seriousness,Take in charge ticket,Wait,Take in charge ticket,Resolve ticket,Closed,,,,,,,,,
603.0,Assign seriousness,Assign seriousness,Take in charge ticket,Resolve ticket,Closed,,,,,,,,,,
604.0,Assign seriousness,Take in charge ticket,Resolve ticket,Closed,,,,,,,,,,,
605.0,Assign seriousness,Take in charge ticket,Resolve ticket,Closed,,,,,,,,,,,
606.0,Insert ticket,Assign seriousness,Take in charge ticket,Resolve ticket,Closed,,,,,,,,,,
607.0,Assign seriousness,Take in charge ticket,Resolve ticket,Closed,,,,,,,,,,,
608.0,Assign seriousness,Take in charge ticket,Resolve ticket,Closed,,,,,,,,,,,
609.0,Assign seriousness,Take in charge ticket,Resolve ticket,Closed,,,,,,,,,,,
610.0,Assign seriousness,Take in charge ticket,Resolve ticket,Closed,,,,,,,,,,,
611.0,Assign seriousness,Take in charge ticket,Resolve ticket,Closed,,,,,,,,,,,
612.0,Assign seriousness,Take in charge ticket,Resolve ticket,Closed,,,,,,,,,,,
613.0,Assign seriousness,Take in charge ticket,Resolve ticket,Closed,,,,,,,,,,,
614.0,Assign seriousness,Take in charge ticket,Wait,Take in charge ticket,Resolve ticket,Closed,,,,,,,,,
615.0,Assign seriousness,Take in charge ticket,,Closed,,,,,,,,,,,
616.0,Assign seriousness,Take in charge ticket,Create SW anomaly,Resolve ticket,Closed,,,,,,,,,,
617.0,Assign seriousness,Take in charge ticket,Wait,Resolve ticket,Resolve ticket,Closed,,,,,,,,,
618.0,Assign seriousness,Take in charge ticket,Wait,Resolve ticket,Closed,,,,,,,,,,
619.0,Assign seriousness,Take in charge ticket,Resolve ticket,Closed,,,,,,,,,,,
620.0,Assign seriousness,Take in charge ticket,Wait,Resolve ticket,Closed,,,,,,,,,,
621.0,Assign seriousness,Take in charge ticket,Resolve ticket,Closed,,,,,,,,,,,
622.0,Assign seriousness,Take in charge ticket,Wait,Take in charge ticket,Resolve ticket,Closed,,,,,,,,,
623.0,Assign seriousness,Resolve ticket,Closed,,,,,,,,,,,,
624.0,Assign seriousness,Take in charge ticket,Resolve ticket,Closed,,,,,,,,,,,
625.0,Take in charge ticket,Wait,Take in charge ticket,Wait,Resolve ticket,Closed,,,,,,,,,
626.0,Assign seriousness,Take in charge ticket,Resolve ticket,Closed,,,,,,,,,,,
627.0,Assign seriousness,Take in charge ticket,Resolve ticket,Closed,,,,,,,,,,,
628.0,Assign seriousness,Take in charge ticket,Resolve ticket,Closed,,,,,,,,,,,
629.0,Assign seriousness,,Take in charge ticket,Resolve ticket,Closed,,,,,,,,,,
630.0,Assign seriousness,Take in charge ticket,Wait,Wait,Take in charge ticket,Resolve ticket,Closed,,,,,,,,
631.0,Assign seriousness,Take in charge ticket,Resolve ticket,Closed,,,,,,,,,,,
632.0,Assign seriousness,Take in charge ticket,Wait,Take in charge ticket,Wait,Resolve ticket,Closed,,,,,,,,
633.0,Assign seriousness,Take in charge ticket,Wait,Resolve ticket,Closed,,,,,,,,,,
,Assign seriousness,Take in charge ticket,Resolve ticket,Closed,,,,,,,,,,,
635.0,Take in charge ticket,Resolve ticket,Closed,,,,,,,,,,,,
636.0,Assign seriousness,Assign seriousness,,Resolve ticket,Closed,,,,,,,,,,
637.0,Assign seriousness,Take in charge ticket,Resolve ticket,Closed,,,,,,,,,,,
638.0,Take in charge ticket,Resolve ticket,Closed,,,,,,,,,,,,
639.0,Assign seriousness,Take in charge ticket,Resolve ticket,Closed,,,,,,,,,,,
640.0,Assign seriousness,Take in charge ticket,Wait,Take in charge ticket,Resolve ticket,Closed,,,,,,,,,
641.0,Assign seriousness,Take in charge ticket,Resolve ticket,Closed,,,,,,,,,,,
642.0,Assign seriousness,Take in charge ticket,Resolve ticket,Closed,,,,,,,,,,,
643.0,Assign seriousness,Take in charge ticket,Resolve ticket,Closed,,,,,,,,,,,
644.0,Assign seriousness,Take in charge ticket,Resolve ticket,Closed,,,,,,,,,,,
645.0,Assign seriousness,Wait,Take in charge ticket,Resolve ticket,Closed,,,,,,,,,,
646.0,Assign seriousness,Take in charge ticket,Resolve ticket,Closed,,,,,,,,,,,
647.0,Assign seriousness,Assign seriousness,Resolve ticket,Closed,,,,,,,,,,,
648.0,Assign seriousness,Take in charge ticket,Resolve ticket,Closed,,,,,,,,,,,
649.0,Assign seriousness,Take in charge ticket,Resolve ticket,Closed,,,,,,,,,,,
650.0,Assign seriousness,Take in charge ticket,Wait,Resolve ticket,Resolve ticket,Closed,,,,,,,,,
651.0,Assign seriousness,Take in charge ticket,Resolve ticket,Closed,,,,,,,,,,,
652.0,Assign seriousness,Take in charge ticket,Resolve ticket,Closed,,,,,,,,,,,
653.0,Assign seriousness,Take in charge ticket,Resolve ticket,Closed,,,,,,,,,,,
654.0,Assign seriousness,Take in charge ticket,Wait,Take in charge ticket,Resolve ticket,Closed,,,,,,,,,
655.0,Insert ticket,Assign seriousness,Take in charge ticket,Resolve ticket,Closed,,,,,,,,,,
656.0,Assign seriousness,Take in charge ticket,Resolve ticket,Closed,,,,,,,,,,,
657.0,Assign seriousness,Take in charge ticket,Resolve ticket,Closed,,,,,,,,,,,
658.0,Assign seriousness,Take in charge ticket,Wait,Resolve ticket,Closed,,,,,,,,,,
659.0,Assign seriousness,Assign seriousness,Take in charge ticket,Resolve ticket,Closed,,,,,,,,,,
660.0,Assign seriousness,Assign seriousness,Take in charge ticket,Wait,Resolve ticket,Closed,,,,,,,,,
661.0,Assign seriousness,Take in charge ticket,Resolve ticket,Closed,,,,,,,,,,,
662.0,Assign seriousness,Take in charge ticket,Resolve ticket,Closed,,,,,,,,,,,
663.0,Assign seriousness,Take in charge ticket,Resolve ticket,Closed,,,,,,,,,,,
664.0,Assign seriousness,Take in charge ticket,Resolve ticket,Closed,,,,,,,,,,,
665.0,Assign seriousness,Assign seriousness,Take in charge ticket,Resolve ticket,Closed,,,,,,,,,,
666.0,Assign seriousness,Assign seriousness,Take in charge ticket,,Take in charge ticket,Resolve ticket,Closed,,,,,,,,
667.0,Assign seriousness,Take in charge ticket,Resolve ticket,,,,,,,,,,,,
668.0,Assign seriousness,Take in charge ticket,Wait,Take in charge ticket,Resolve ticket,Closed,,,,,,,,,
669.0,Assign seriousness,Take in charge ticket,Wait,Take in charge ticket,Resolve ticket,Closed,,,,,,,,,
670.0,Take in charge ticket,Wait,Resolve ticket,Closed,,,,,,,,,,,
671.0,Assign seriousness,Wait,Take in charge ticket,Resolve ticket,Closed,,,,,,,,,,
672.0,Assign seriousness,Take in charge ticket,Wait,Take in charge ticket,Resolve ticket,Closed,,,,,,,,,
673.0,Assign seriousness,Take in charge ticket,Resolve ticket,Closed,,,,,,,,,,,
674.0,Assign seriousness,Take in charge ticket,Resolve ticket,Closed,,,,,,,,,,,
675.0,Assign seriousness,Take in charge ticket,Resolve ticket,Closed,,,,,,,,,,,
676.0,Assign seriousness,Take in charge ticket,Resolve ticket,Closed,,,,,,,,,,,
677.0,Assign seriousness,Take in charge ticket,Resolve ticket,Closed,,,,,,,,,,,
678.0,Assign seriousness,Take in charge ticket,Resolve ticket,Closed,,,,,,,,,,,
679.0,Take in charge ticket,Wait,Resolve ticket,Closed,,,,,,,,,,,
680.0,Assign seriousness,Take in charge ticket,Resolve ticket,Closed,,,,,,,,,,,
681.0,Assign seriousness,Take in charge ticket,Resolve ticket,Closed,,,,,,,,,,,
682.0,Assign seriousness,Assign seriousness,Take in charge ticket,Resolve ticket,Closed,,,,,,,,,,
683.0,Assign seriousness,Take in charge ticket,Resolve ticket,Closed,,,,,,,,,,,
684.0,,Assign seriousness,Take in charge ticket,Resolve ticket,Closed,,,,,,,,,,
685.0,Assign seriousness,Take in charge ticket,Resolve ticket,Closed,,,,,,,,,,,
686.0,Assign seriousness,Take in charge ticket,Resolve ticket,Closed,,,,,,,,,,,
687.0,Assign seriousness,Take in charge ticket,Resolve ticket,Closed,,,,,,,,,,,
688.0,Assign seriousness,Take in charge ticket,Resolve ticket,Closed,,,,,,,,,,,
689.0,Assign seriousness,Take in charge ticket,Wait,Take in charge ticket,Resolve ticket,Closed,,,,,,,,,
690.0,Assign seriousness,Take in charge ticket,Resolve ticket,Closed,,,,,,,,,,,
691.0,Assign seriousness,Take in charge ticket,Resolve ticket,Closed,,,,,,,,,,,
692.0,Assign seriousness,Take in charge ticket,Resolve ticket,Resolve ticket,Closed,,,,,,,,,,
693.0,Assign seriousness,Take in charge ticket,Wait,Wait,Take in charge ticket,Resolve ticket,Closed,,,,,,,,
694.0,Assign seriousness,Resolve ticket,Resolve ticket,Closed,,,,,,,,,,,
695.0,Assign seriousness,Take in charge ticket,,Closed,,,,,,,,,,,
696.0,Assign seriousness,Take in charge ticket,Resolve ticket,Closed,,,,,,,,,,,
697.0,Assign seriousness,Take in charge ticket,Wait,Take in charge ticket,Resolve ticket,Closed,,,,,,,,,
698.0,Assign seriousness,Take in charge ticket,Resolve ticket,,,,,,,,,,,,
699.0,Assign seriousness,Resolve ticket,Closed,,,,,,,,,,,,
700.0,Assign seriousness,Take in charge ticket,Resolve ticket,Closed,,,,,,,,,,,
701.0,Assign seriousness,Take in charge ticket,Resolve ticket,Closed,,,,,,,,,,,
702.0,Assign seriousness,Take in charge ticket,Wait,Resolve ticket,Closed,,,,,,,,,,
703.0,Assign seriousness,Assign seriousness,,Resolve ticket,Resolve ticket,Closed,,,,,,,,,
704.0,Assign seriousness,Take in charge ticket,Resolve ticket,Closed,,,,,,,,,,,
705.0,Assign seriousness,Take in charge ticket,Resolve ticket,Closed,,,,,,,,,,,
706.0,Assign seriousness,Take in charge ticket,Wait,Resolve ticket,Closed,,,,,,,,,,
707.0,Insert ticket,,Take in charge ticket,Resolve ticket,Closed,,,,,,,,,,
708.0,Assign seriousness,Take in charge ticket,Resolve ticket,Closed,,,,,,,,,,,
709.0,Assign seriousness,Take in charge ticket,Wait,Take in charge ticket,Resolve ticket,Closed,,,,,,,,,
710.0,Assign seriousness,Take in charge ticket,Resolve ticket,Resolve ticket,Closed,,,,,,,,,,
711.0,Assign seriousness,Take in charge ticket,Resolve ticket,Closed,,,,,,,,,,,
712.0,Assign seriousness,Take in charge ticket,Resolve ticket,Closed,,,,,,,,,,,
713.0,Assign seriousness,Take in charge ticket,Resolve ticket,Closed,,,,,,,,,,,
714.0,Assign seriousness,Take in charge ticket,Resolve ticket,Closed,,,,,,,,,,,
715.0,Assign seriousness,Take in charge ticket,Resolve ticket,Closed,,,,,,,,,,,
716.0,Assign seriousness,Take in charge ticket,Resolve ticket,Closed,,,,,,,,,,,
717.0,Assign seriousness,Take in charge ticket,Resolve ticket,Closed,,,,,,,,,,,
718.0,Assign seriousness,Take in charge ticket,Resolve ticket,Closed,,,,,,,,,,,
719.0,Assign seriousness,Assign seriousness,Assign seriousness,Take in charge ticket,Resolve ticket,Closed,,,,,,,,,
720.0,Assign seriousness,Take in charge ticket,Resolve ticket,Closed,,,,,,,,,,,
721.0,Assign seriousness,Take in charge ticket,Resolve ticket,Take in charge ticket,Wait,Take in charge ticket,Resolve ticket,Closed,,,,,,,
722.0,Assign seriousness,Take in charge ticket,Resolve ticket,Closed,,,,,,,,,,,
723.0,Assign seriousness,Take in charge ticket,Resolve ticket,Closed,,,,,,,,,,,
724.0,Assign seriousness,Take in charge ticket,Wait,Take in charge ticket,Resolve ticket,Closed,,,,,,,,,
725.0,Assign seriousness,Take in charge ticket,Take in charge ticket,Resolve ticket,Closed,,,,,,,,,,
726.0,Assign seriousness,Create SW anomaly,Take in charge ticket,Create SW anomaly,Require upgrade,VERIFIED,DUPLICATE,Resolve ticket,Closed,,,,,,
727.0,Assign seriousness,Take in charge ticket,Resolve ticket,Closed,,,,,,,,,,,
728.0,Assign seriousness,Take in charge ticket,Resolve ticket,Closed,,,,,,,,,,,
729.0,Assign seriousness,Take in charge ticket,Resolve ticket,Closed,,,,,,,,,,,
730.0,Assign seriousness,Take in charge ticket,Resolve ticket,,,,,,,,,,,,
731.0,Assign seriousness,Take in charge ticket,Resolve ticket,Closed,,,,,,,,,,,
732.0,Assign seriousness,Assign seriousness,Take in charge ticket,Resolve ticket,Closed,,,,,,,,,,
733.0,Assign seriousness,Take in charge ticket,Resolve ticket,Closed,,,,,,,,,,,
734.0,Assign seriousness,Take in charge ticket,Resolve ticket,Closed,,,,,,,,,,,
735.0,Assign seriousness,Take in charge ticket,Resolve ticket,Closed,,,,,,,,,,,
736.0,Assign seriousness,Resolve ticket,Closed,,,,,,,,,,,,
737.0,Assign seriousness,Take in charge ticket,Resolve ticket,Resolve ticket,Closed,,,,,,,,,,
738.0,Assign seriousness,Take in charge ticket,Wait,Resolve ticket,Closed,,,,,,,,,,
739.0,Assign seriousness,Take in charge ticket,Resolve ticket,Closed,,,,,,,,,,,
740.0,Assign seriousness,Take in charge ticket,Resolve ticket,Closed,,,,,,,,,,,
741.0,Assign seriousness,Take in charge ticket,Wait,Resolve ticket,Closed,,,,,,,,,,
742.0,Assign seriousness,Take in charge ticket,Wait,Take in charge ticket,Resolve ticket,Closed,,,,,,,,,
743.0,Assign seriousness,Take in charge ticket,Wait,Resolve ticket,Resolve ticket,Closed,,,,,,,,,
744.0,Assign seriousness,Assign seriousness,Take in charge ticket,Resolve ticket,Closed,,,,,,,,,,
745.0,Insert ticket,Assign seriousness,Assign seriousness,Take in charge ticket,Resolve ticket,Closed,,,,,,,,,
746.0,Assign seriousness,Take in charge ticket,Resolve ticket,Closed,,,,,,,,,,,
747.0,Assign seriousness,Take in charge ticket,Resolve ticket,Closed,,,,,,,,,,,
748.0,Assign seriousness,Take in charge ticket,Wait,Take in charge ticket,Resolve ticket,Closed,,,,,,,,,
749.0,Assign seriousness,Take in charge ticket,Resolve ticket,Closed,,,,,,,,,,,
750.0,Assign seriousness,Take in charge ticket,Resolve ticket,Closed,,,,,,,,,,,
751.0,Assign seriousness,Take in charge ticket,Require upgrade,Wait,Resolve ticket,Closed,,,,,,,,,
752.0,Assign seriousness,Take in charge ticket,Wait,Resolve ticket,Closed,,,,,,,,,,
753.0,Assign seriousness,Assign seriousness,Take in charge ticket,Resolve ticket,Closed,,,,,,,,,,
754.0,Assign seriousness,Take in charge ticket,Resolve ticket,Closed,,,,,,,,,,,
755.0,Assign seriousness,Take in charge ticket,Resolve ticket,Closed,,,,,,,,,,,
756.0,Assign seriousness,Take in charge ticket,Resolve ticket,,,,,,,,,,,,
757.0,Assign seriousness,Take in charge ticket,Resolve ticket,Closed,,,,,,,,,,,
758.0,Assign seriousness,Take in charge ticket,Resolve ticket,Closed,,,,,,,,,,,
759.0,Assign seriousness,Take in charge ticket,Resolve ticket,Closed,,,,,,,,,,,
760.0,Assign seriousness,Take in charge ticket,Resolve ticket,Closed,,,,,,,,,,,
761.0,Assign seriousness,Take in charge ticket,Resolve ticket,Closed,,,,,,,,,,,
762.0,Assign seriousness,Take in charge ticket,Take in charge ticket,Wait,Resolve ticket,Closed,,,,,,,,,
763.0,Assign seriousness,Take in charge ticket,Resolve ticket,Closed,,,,,,,,,,,
764.0,Assign seriousness,Take in charge ticket,Wait,Resolve ticket,Closed,,,,,,,,,,
765.0,Insert ticket,Assign seriousness,Take in charge ticket,Resolve ticket,Closed,,,,,,,,,,
766.0,Assign seriousness,Take in charge ticket,Resolve ticket,Closed,,,,,,,,,,,
767.0,Assign seriousness,Take in charge ticket,Resolve ticket,Closed,,,,,,,,,,,
768.0,Assign seriousness,Assign seriousness,Take in charge ticket,Resolve ticket,Closed,,,,,,,,,,
769.0,Assign seriousness,Take in charge ticket,Wait,Resolve ticket,Closed,,,,,,,,,,
770.0,Assign seriousness,Take in charge ticket,Resolve ticket,Closed,,,,,,,,,,,
771.0,Assign seriousness,Assign seriousness,Resolve ticket,Closed,,,,,,,,,,,
772.0,Assign seriousness,Take in charge ticket,Resolve ticket,Closed,,,,,,,,,,,
773.0,Assign seriousness,Take in charge ticket,Wait,Take in charge ticket,Resolve ticket,Closed,,,,,,,,,
774.0,Assign seriousness,Take in charge ticket,Wait,Resolve ticket,Closed,,,,,,,,,,
775.0,Assign seriousness,Take in charge ticket,Resolve ticket,Take in charge ticket,Resolve ticket,Resolve ticket,Closed,,,,,,,,
776.0,Assign seriousness,Take in charge ticket,Wait,Resolve ticket,Closed,,,,,,,,,,
777.0,Assign seriousness,Take in charge ticket,Resolve ticket,Closed,,,,,,,,,,,
778.0,Assign seriousness,Take in charge ticket,Resolve ticket,Resolve ticket,Closed,,,,,,,,,,
779.0,Assign seriousness,Take in charge ticket,Resolve ticket,Closed,,,,,,,,,,,
780.0,Assign seriousness,Assign seriousness,Take in charge ticket,Take in charge ticket,Resolve ticket,Closed,,,,,,,,,
781.0,,Take in charge ticket,Resolve ticket,Closed,,,,,,,,,,,
782.0,Assign seriousness,Take in charge ticket,Wait,Resolve ticket,Closed,,,,,,,,,,
783.0,Assign seriousness,Take in charge ticket,Resolve ticket,Closed,,,,,,,,,,,
784.0,Assign seriousness,Take in charge ticket,Wait,,Closed,,,,,,,,,,
785.0,Assign seriousness,Take in charge ticket,Resolve ticket,Closed,,,,,,,,,,,
786.0,Assign seriousness,Take in charge ticket,Resolve ticket,Closed,,,,,,,,,,,
787.0,Assign seriousness,Take in charge ticket,Resolve ticket,Closed,,,,,,,,,,,
788.0,Assign seriousness,Take in charge ticket,Resolve ticket,Closed,,,,,,,,,,,
789.0,Assign seriousness,Take in charge ticket,Resolve ticket,Resolve ticket,Closed,,,,,,,,,,
790.0,Assign seriousness,Take in charge ticket,Wait,Resolve ticket,Closed,,,,,,,,,,
791.0,Assign seriousness,Take in charge ticket,Resolve ticket,Closed,,,,,,,,,,,
792.0,Assign seriousness,Assign seriousness,Assign seriousness,Take in charge ticket,Wait,Take in charge ticket,Wait,Take in charge ticket,Resolve ticket,Closed,,,,,
793.0,Assign seriousness,Take in charge ticket,Wait,Resolve ticket,Closed,,,,,,,,,,
794.0,Assign seriousness,Take in charge ticket,Resolve ticket,Closed,,,,,,,,,,,
795.0,Assign seriousness,Take in charge ticket,Resolve ticket,Closed,,,,,,,,,,,
796.0,Assign seriousness,Take in charge ticket,Resolve ticket,Closed,,,,,,,,,,,
797.0,Assign seriousness,Assign seriousness,Take in charge ticket,Resolve ticket,Closed,,,,,,,,,,
798.0,Assign seriousness,Assign seriousness,Assign seriousness,Assign seriousness,Take in charge ticket,Resolve ticket,Closed,,,,,,,,
799.0,Assign seriousness,Take in charge ticket,Wait,Resolve ticket,Closed,,,,,,,,,,
800.0,Assign seriousness,Take in charge ticket,Wait,Resolve ticket,,,,,,,,,,,
801.0,,Require upgrade,Resolve ticket,Closed,,,,,,,,,,,
802.0,Insert ticket,Assign seriousness,Take in charge ticket,Resolve ticket,Closed,,,,,,,,,,
803.0,Assign seriousness,Take in charge ticket,Wait,Resolve ticket,Closed,,,,,,,,,,
804.0,Assign seriousness,Take in charge ticket,Resolve ticket,Closed,,,,,,,,,,,
805.0,Assign seriousness,Resolve ticket,Resolve ticket,Closed,,,,,,,,,,,
806.0,Assign seriousness,,Resolve ticket,Closed,,,,,,,,,,,
807.0,Assign seriousness,Take in charge ticket,Resolve ticket,Closed,,,,,,,,,,,
808.0,Assign seriousness,Take in charge ticket,Resolve ticket,Closed,,,,,,,,,,,
809.0,Assign seriousness,Take in charge ticket,Resolve ticket,Closed,,,,,,,,,,,
810.0,Assign seriousness,Take in charge ticket,Wait,Resolve ticket,Closed,,,,,,,,,,
811.0,Assign seriousness,Take in charge ticket,Wait,,Wait,Resolve ticket,Closed,,,,,,,,
812.0,Assign seriousness,Take in charge ticket,Resolve ticket,Closed,,,,,,,,,,,
813.0,Assign seriousness,Take in charge ticket,Resolve ticket,Closed,,,,,,,,,,,
814.0,Assign seriousness,Take in charge ticket,Resolve ticket,Closed,,,,,,,,,,,
815.0,Assign seriousness,Take in charge ticket,Resolve ticket,Closed,,,,,,,,,,,
816.0,Assign seriousness,Take in charge ticket,Resolve ticket,Closed,,,,,,,,,,,
817.0,Assign seriousness,Take in charge ticket,Wait,Resolve ticket,Closed,,,,,,,,,,
818.0,Assign seriousness,Take in charge ticket,Resolve ticket,Closed,,,,,,,,,,,
819.0,Assign seriousness,Take in charge ticket,Resolve ticket,Closed,,,,,,,,,,,
820.0,Assign seriousness,Take in charge ticket,Wait,Resolve ticket,Closed,,,,,,,,,,
821.0,Assign seriousness,Take in charge ticket,Wait,Resolve ticket,Closed,,,,,,,,,,
822.0,Assign seriousness,Take in charge ticket,Resolve ticket,Take in charge ticket,Resolve ticket,Closed,,,,,,,,,
823.0,Assign seriousness,Take in charge ticket,Resolve ticket,Closed,,,,,,,,,,,
824.0,Assign seriousness,Assign seriousness,Take in charge ticket,Resolve ticket,Closed,,,,,,,,,,
825.0,Assign seriousness,Take in charge ticket,Wait,Resolve ticket,Closed,,,,,,,,,,
826.0,Assign seriousness,Take in charge ticket,,Closed,,,,,,,,,,,
827.0,Insert ticket,Assign seriousness,Take in charge ticket,Resolve ticket,Closed,,,,,,,,,,
828.0,Assign seriousness,Assign seriousness,Take in charge ticket,Resolve ticket,Closed,,,,,,,,,,
829.0,Assign seriousness,Assign seriousness,Take in charge ticket,Resolve ticket,Closed,,,,,,,,,,
830.0,Assign seriousness,Take in charge ticket,Create SW anomaly,Resolve SW anomaly,Resolve SW anomaly,Resolve ticket,Closed,,,,,,,,
831.0,Assign seriousness,Take in charge ticket,Resolve ticket,Closed,,,,,,,,,,,
832.0,Assign seriousness,Take in charge ticket,Resolve ticket,Closed,,,,,,,,,,,
833.0,Take in charge ticket,Wait,Resolve ticket,Closed,,,,,,,,,,,
834.0,Assign seriousness,Take in charge ticket,Resolve ticket,Closed,,,,,,,,,,,
835.0,Assign seriousness,Take in charge ticket,Resolve ticket,Closed,,,,,,,,,,,
836.0,Assign seriousness,Take in charge ticket,Resolve ticket,Closed,,,,,,,,,,,
837.0,Assign seriousness,Take in charge ticket,Resolve ticket,Closed,,,,,,,,,,,
838.0,Assign seriousness,Take in charge ticket,Resolve ticket,Closed,,,,,,,,,,,
839.0,Assign seriousness,Take in charge ticket,Wait,Resolve ticket,Closed,,,,,,,,,,
840.0,Insert ticket,Assign seriousness,Take in charge ticket,Resolve ticket,Closed,,,,,,,,,,
841.0,Assign seriousness,Take in charge ticket,Resolve ticket,Closed,,,,,,,,,,,
842.0,Assign seriousness,Take in charge ticket,Resolve ticket,Closed,,,,,,,,,,,
843.0,Assign seriousness,Take in charge ticket,Resolve ticket,Closed,,,,,,,,,,,
844.0,Take in charge ticket,,Closed,,,,,,,,,,,,
845.0,Assign seriousness,Take in charge ticket,Resolve ticket,Closed,,,,,,,,,,,
846.0,Assign seriousness,Take in charge ticket,Resolve ticket,Closed,,,,,,,,,,,
847.0,Assign seriousness,Take in charge ticket,Resolve ticket,Closed,,,,,,,,,,,
848.0,Assign seriousness,Take in charge ticket,Resolve ticket,Closed,,,,,,,,,,,
849.0,Assign seriousness,Take in charge ticket,Resolve ticket,Closed,,,,,,,,,,,
850.0,Assign seriousness,Take in charge ticket,Wait,Resolve ticket,Closed,,,,,,,,,,
851.0,Assign seriousness,Take in charge ticket,Wait,Resolve ticket,Closed,,,,,,,,,,
852.0,,Take in charge ticket,Resolve ticket,Closed,,,,,,,,,,,
853.0,Assign seriousness,Take in charge ticket,Resolve ticket,Closed,,,,,,,,,,,
854.0,Assign seriousness,Take in charge ticket,Resolve ticket,Closed,,,,,,,,,,,
855.0,Assign seriousness,Assign seriousness,Take in charge ticket,Take in charge ticket,Resolve ticket,Closed,,,,,,,,,
856.0,Assign seriousness,Take in charge ticket,Resolve ticket,Closed,,,,,,,,,,,
857.0,Assign seriousness,Take in charge ticket,Resolve ticket,Closed,,,,,,,,,,,
858.0,Assign seriousness,Take in charge ticket,Wait,Take in charge ticket,Resolve ticket,Closed,,,,,,,,,
859.0,Assign seriousness,Take in charge ticket,Resolve ticket,Closed,,,,,,,,,,,
860.0,Assign seriousness,Take in charge ticket,Resolve ticket,Closed,,,,,,,,,,,
861.0,Assign seriousness,Assign seriousness,Take in charge ticket,Resolve ticket,Closed,,,,,,,,,,
862.0,Assign seriousness,Take in charge ticket,Create SW anomaly,Resolve ticket,Closed,,,,,,,,,,
863.0,Assign seriousness,Take in charge ticket,Resolve ticket,Closed,,,,,,,,,,,
864.0,Assign seriousness,Take in charge ticket,Resolve ticket,Closed,,,,,,,,,,,
865.0,Assign seriousness,Take in charge ticket,Resolve ticket,Closed,,,,,,,,,,,
866.0,Assign seriousness,Take in charge ticket,Resolve ticket,Closed,,,,,,,,,,,
867.0,Assign seriousness,Take in charge ticket,Resolve ticket,Closed,,,,,,,,,,,
868.0,Assign seriousness,Assign seriousness,Assign seriousness,Take in charge ticket,Resolve ticket,Closed,,,,,,,,,
869.0,Assign seriousness,Take in charge ticket,Resolve ticket,Closed,,,,,,,,,,,
870.0,Assign seriousness,Take in charge ticket,Wait,Resolve ticket,Closed,,,,,,,,,,
871.0,Assign seriousness,Take in charge ticket,Wait,Resolve ticket,Closed,,,,,,,,,,
872.0,Assign seriousness,Take in charge ticket,Resolve ticket,Closed,,,,,,,,,,,
873.0,Assign seriousness,Take in charge ticket,Resolve ticket,,,,,,,,,,,,
874.0,Assign seriousness,Take in charge ticket,Resolve ticket,Closed,,,,,,,,,,,
875.0,Assign seriousness,Take in charge ticket,Wait,Resolve ticket,Closed,,,,,,,,,,
876.0,Assign seriousness,Take in charge ticket,Resolve ticket,Closed,,,,,,,,,,,
877.0,Assign seriousness,Take in charge ticket,Wait,Take in charge ticket,Wait,Resolve ticket,Resolve ticket,Closed,,,,,,,
878.0,Assign seriousness,Take in charge ticket,Resolve ticket,Closed,,,,,,,,,,,
879.0,Assign seriousness,Resolve ticket,Closed,,,,,,,,,,,,
880.0,Assign seriousness,Take in charge ticket,Resolve ticket,Closed,,,,,,,,,,,
881.0,Assign seriousness,Take in charge ticket,Wait,Wait,Resolve ticket,Closed,,,,,,,,,
882.0,Assign seriousness,Take in charge ticket,,Closed,,,,,,,,,,,
883.0,Assign seriousness,Assign seriousness,Take in charge ticket,Resolve ticket,Closed,,,,,,,,,,
884.0,Assign seriousness,Take in charge ticket,Wait,Wait,Take in charge ticket,,Take in charge ticket,Resolve ticket,Closed,,,,,,
885.0,Assign seriousness,Take in charge ticket,Resolve ticket,Closed,,,,,,,,,,,
886.0,Assign seriousness,Take in charge ticket,Resolve ticket,Closed,,,,,,,,,,,
887.0,Assign seriousness,Resolve ticket,Closed,,,,,,,,,,,,
888.0,Assign seriousness,Take in charge ticket,Wait,Wait,Resolve ticket,Closed,,,,,,,,,
889.0,Assign seriousness,Take in charge ticket,Resolve ticket,Resolve ticket,Take in charge ticket,Resolve ticket,Closed,,,,,,,,
890.0,Assign seriousness,Take in charge ticket,Resolve ticket,Closed,,,,,,,,,,,
891.0,Assign seriousness,Take in charge ticket,Resolve ticket,Closed,,,,,,,,,,,
892.0,Assign seriousness,Take in charge ticket,Wait,Resolve ticket,Closed,,,,,,,,,,
893.0,Assign seriousness,Take in charge ticket,Create SW anomaly,Resolve ticket,Take in charge ticket,Create SW anomaly,Resolve ticket,Closed,,,,,,,
894.0,Assign seriousness,Take in charge ticket,Wait,Take in charge ticket,Resolve ticket,Closed,,,,,,,,,
895.0,Assign seriousness,Resolve ticket,Resolve ticket,Closed,,,,,,,,,,,
896.0,Assign seriousness,Take in charge ticket,Resolve ticket,Closed,,,,,,,,,,,
897.0,Insert ticket,Assign seriousness,Take in charge ticket,Resolve ticket,Closed,,,,,,,,,,
898.0,Assign seriousness,Take in charge ticket,Resolve ticket,Closed,,,,,,,,,,,
899.0,Assign seriousness,Assign seriousness,Take in charge ticket,Resolve ticket,Closed,,,,,,,,,,
900.0,Assign seriousness,Take in charge ticket,Resolve ticket,Closed,,,,,,,,,,,
901.0,Assign seriousness,Take in charge ticket,Wait,Take in charge ticket,Resolve ticket,Closed,,,,,,,,,
902.0,Assign seriousness,Take in charge ticket,Resolve ticket,Closed,,,,,,,,,,,
903.0,Assign seriousness,Take in charge ticket,Resolve ticket,Closed,,,,,,,,,,,
904.0,Assign seriousness,Take in charge ticket,Resolve ticket,Closed,,,,,,,,,,,
905.0,Assign seriousness,Take in charge ticket,Take in charge ticket,Resolve ticket,Closed,,,,,,,,,,
906.0,Assign seriousness,Assign seriousness,Take in charge ticket,Resolve ticket,Closed,,,,,,,,,,
907.0,Assign seriousness,Take in charge ticket,Resolve ticket,Closed,,,,,,,,,,,
908.0,Assign seriousness,Take in charge ticket,Resolve ticket,Closed,,,,,,,,,,,
909.0,Assign seriousness,,Resolve ticket,Closed,,,,,,,,,,,
910.0,Assign seriousness,Take in charge ticket,Resolve ticket,Closed,Closed,,,,,,,,,,
911.0,Assign seriousness,Take in charge ticket,Resolve ticket,Closed,,,,,,,,,,,
912.0,Assign seriousness,Take in charge ticket,Resolve ticket,Closed,,,,,,,,,,,
913.0,Assign seriousness,Take in charge ticket,Wait,Take in charge ticket,Resolve ticket,Closed,,,,,,,,,
914.0,Assign seriousness,Take in charge ticket,Resolve ticket,Closed,,,,,,,,,,,
915.0,Assign seriousness,Take in charge ticket,Resolve ticket,Closed,,,,,,,,,,,
916.0,Assign seriousness,Take in charge ticket,Wait,Wait,Take in charge ticket,Resolve ticket,Closed,,,,,,,,
917.0,Assign seriousness,Resolve ticket,Resolve ticket,Closed,,,,,,,,,,,
918.0,Assign seriousness,Take in charge ticket,Wait,Take in charge ticket,Resolve ticket,Closed,,,,,,,,,
919.0,Assign seriousness,Take in charge ticket,Resolve ticket,Closed,,,,,,,,,,,
920.0,Assign seriousness,Take in charge ticket,Resolve ticket,Closed,,,,,,,,,,,
921.0,Assign seriousness,Take in charge ticket,Resolve ticket,Closed,,,,,,,,,,,
922.0,Assign seriousness,Take in charge ticket,Resolve ticket,Closed,,,,,,,,,,,
923.0,Assign seriousness,Assign seriousness,Take in charge ticket,Wait,Take in charge ticket,Resolve ticket,Closed,,,,,,,,
924.0,Assign seriousness,Take in charge ticket,Resolve ticket,Closed,,,,,,,,,,,
925.0,Assign seriousness,Take in charge ticket,Resolve ticket,Closed,,,,,,,,,,,
926.0,Assign seriousness,Resolve ticket,Closed,,,,,,,,,,,,
927.0,Assign seriousness,Assign seriousness,Take in charge ticket,Resolve ticket,Closed,,,,,,,,,,
928.0,Assign seriousness,Take in charge ticket,Resolve ticket,Resolve ticket,Closed,,,,,,,,,,
929.0,Assign seriousness,Take in charge ticket,Resolve ticket,Closed,,,,,,,,,,,
930.0,Assign seriousness,Take in charge ticket,Wait,,Resolve ticket,Closed,,,,,,,,,
931.0,Assign seriousness,Take in charge ticket,Require upgrade,Resolve ticket,Closed,,,,,,,,,,
932.0,Assign seriousness,Take in charge ticket,Wait,Resolve ticket,,,,,,,,,,,
933.0,Assign seriousness,Take in charge ticket,Wait,Wait,Resolve ticket,Closed,,,,,,,,,
934.0,Assign seriousness,Take in charge ticket,Resolve ticket,Closed,,,,,,,,,,,
935.0,,Take in charge ticket,Wait,Resolve ticket,Closed,,,,,,,,,,
936.0,Assign seriousness,Take in charge ticket,Resolve ticket,Closed,,,,,,,,,,,
937.0,Assign seriousness,Take in charge ticket,Resolve ticket,Closed,,,,,,,,,,,
938.0,Assign seriousness,Take in charge ticket,Take in charge ticket,Take in charge ticket,Wait,Wait,Take in charge ticket,Resolve ticket,Closed,,,,,,
,Assign seriousness,Assign seriousness,Take in charge ticket,Resolve ticket,Closed,,,,,,,,,,
940.0,Assign seriousness,Take in charge ticket,Resolve ticket,Closed,,,,,,,,,,,
941.0,Assign seriousness,Assign seriousness,Assign seriousness,Take in charge ticket,Wait,Resolve ticket,Closed,,,,,,,,
942.0,Assign seriousness,Wait,Take in charge ticket,Wait,Take in charge ticket,Resolve ticket,Closed,,,,,,,,
943.0,Assign seriousness,Take in charge ticket,Resolve ticket,Closed,,,,,,,,,,,
944.0,Assign seriousness,Take in charge ticket,Resolve ticket,Closed,,,,,,,,,,,
945.0,Assign seriousness,Take in charge ticket,Wait,Resolve ticket,,,,,,,,,,,
946.0,Assign seriousness,Take in charge ticket,Wait,Resolve ticket,Closed,,,,,,,,,,
947.0,Assign seriousness,Take in charge ticket,Resolve ticket,Closed,,,,,,,,,,,
948.0,Assign seriousness,Take in charge ticket,Resolve ticket,Closed,,,,,,,,,,,
949.0,Assign seriousness,Take in charge ticket,Resolve ticket,Closed,,,,,,,,,,,
950.0,Assign seriousness,Take in charge ticket,Resolve ticket,Closed,,,,,,,,,,,
951.0,Assign seriousness,Take in charge ticket,Resolve ticket,Closed,,,,,,,,,,,
952.0,Assign seriousness,Take in charge ticket,Wait,Take in charge ticket,Resolve ticket,Closed,,,,,,,,,
953.0,Assign seriousness,Take in charge ticket,Resolve ticket,Closed,,,,,,,,,,,
954.0,Assign seriousness,Take in charge ticket,Resolve ticket,Closed,,,,,,,,,,,
955.0,Assign seriousness,Take in charge ticket,Wait,Resolve ticket,Closed,,,,,,,,,,
956.0,Assign seriousness,Take in charge ticket,Resolve ticket,Closed,,,,,,,,,,,
957.0,Assign seriousness,Take in charge ticket,Resolve ticket,Closed,,,,,,,,,,,
958.0,Assign seriousness,Take in charge ticket,Resolve ticket,,,,,,,,,,,,
959.0,Assign seriousness,Take in charge ticket,Wait,Take in charge ticket,Resolve ticket,Closed,,,,,,,,,
960.0,Assign seriousness,Take in charge ticket,Wait,Take in charge ticket,Resolve ticket,Closed,,,,,,,,,
961.0,Assign seriousness,Take in charge ticket,Resolve ticket,Closed,,,,,,,,,,,
962.0,Assign seriousness,Take in charge ticket,Resolve ticket,Closed,,,,,,,,,,,
963.0,Assign seriousness,Assign seriousness,Take in charge ticket,Resolve ticket,Closed,,,,,,,,,,
964.0,Assign seriousness,Take in charge ticket,Resolve ticket,Closed,,,,,,,,,,,
965.0,Insert ticket,Assign seriousness,Take in charge ticket,Resolve ticket,Closed,,,,,,,,,,
966.0,Assign seriousness,Take in charge ticket,Resolve ticket,Closed,,,,,,,,,,,
967.0,Assign seriousness,Assign seriousness,Take in charge ticket,Resolve ticket,Take in charge ticket,Wait,Take in charge ticket,Resolve ticket,Closed,,,,,,
968.0,Assign seriousness,Assign seriousness,Take in charge ticket,Resolve ticket,Closed,,,,,,,,,,
969.0,Assign seriousness,Take in charge ticket,Resolve ticket,Resolve ticket,Closed,,,,,,,,,,
970.0,Assign seriousness,Take in charge ticket,Resolve ticket,Closed,,,,,,,,,,,
971.0,Assign seriousness,Take in charge ticket,Wait,Take in charge ticket,Resolve ticket,Closed,,,,,,,,,
972.0,Assign seriousness,Assign seriousness,Take in charge ticket,Resolve ticket,Closed,,,,,,,,,,
973.0,Assign seriousness,Take in charge ticket,Resolve ticket,Closed,,,,,,,,,,,
974.0,Assign seriousness,Assign seriousness,Resolve ticket,Closed,,,,,,,,,,,
975.0,Assign seriousness,Take in charge ticket,Resolve ticket,Resolve ticket,Closed,,,,,,,,,,
976.0,Assign seriousness,Take in charge ticket,Resolve ticket,Closed,,,,,,,,,,,
977.0,Assign seriousness,Resolve ticket,Closed,,,,,,,,,,,,
978.0,Take in charge ticket,Resolve ticket,Closed,,,,,,,,,,,,
979.0,Assign seriousness,Take in charge ticket,Resolve ticket,Closed,,,,,,,,,,,
980.0,Assign seriousness,Take in charge ticket,Wait,Resolve ticket,Closed,,,,,,,,,,
981.0,Assign seriousness,Take in charge ticket,Resolve ticket,Take in charge ticket,Resolve ticket,Closed,,,,,,,,,
982.0,Assign seriousness,Take in charge ticket,Wait,Resolve ticket,Closed,,,,,,,,,,
983.0,Assign seriousness,Take in charge ticket,Wait,Resolve ticket,Closed,,,,,,,,,,
984.0,Assign seriousness,Take in charge ticket,Resolve ticket,Closed,,,,,,,,,,,
985.0,Assign seriousness,Take in charge ticket,Wait,Take in charge ticket,Resolve ticket,Closed,,,,,,,,,
986.0,Assign seriousness,Take in charge ticket,Resolve ticket,Closed,,,,,,,,,,,
987.0,Assign seriousness,Take in charge ticket,,Take in charge ticket,Resolve ticket,Closed,,,,,,,,,
988.0,Assign seriousness,Take in charge ticket,Resolve ticket,Closed,,,,,,,,,,,
989.0,Assign seriousness,Take in charge ticket,Wait,Take in charge ticket,Resolve ticket,Closed,,,,,,,,,
990.0,Assign seriousness,Take in charge ticket,Resolve ticket,Closed,,,,,,,,,,,
991.0,Assign seriousness,Take in charge ticket,Resolve ticket,,,,,,,,,,,,
992.0,Assign seriousness,Take in charge ticket,Wait,Resolve ticket,Closed,,,,,,,,,,
993.0,Assign seriousness,Take in charge ticket,Resolve ticket,Closed,,,,,,,,,,,
994.0,Assign seriousness,Assign seriousness,Take in charge ticket,Resolve ticket,Closed,,,,,,,,,,
995.0,Assign seriousness,Take in charge ticket,Resolve ticket,Closed,,,,,,,,,,,
,Assign seriousness,Take in charge ticket,Resolve ticket,Closed,,,,,,,,,,,
997.0,Assign seriousness,Take in charge ticket,Resolve ticket,Closed,,,,,,,,,,,
998.0,Assign seriousness,Take in charge ticket,Resolve ticket,Closed,,,,,,,,,,,
999.0,Assign seriousness,Take in charge ticket,Resolve ticket,Closed,,,,,,,,,,,
1000.0,Assign seriousness,Take in charge ticket,Resolve ticket,Closed,,,,,,,,,,,
1001.0,Assign seriousness,Take in charge ticket,Resolve ticket,Closed,,,,,,,,,,,
1002.0,Assign seriousness,Take in charge ticket,Resolve ticket,Closed,,,,,,,,,,,
1003.0,,Take in charge ticket,Wait,Resolve ticket,Closed,,,,,,,,,,
1004.0,Assign seriousness,Take in charge ticket,Require upgrade,Resolve ticket,Closed,,,,,,,,,,
1005.0,Insert ticket,Assign seriousness,Take in charge ticket,Resolve ticket,Closed,,,,,,,,,,
1006.0,Assign seriousness,Take in charge ticket,Resolve ticket,Closed,,,,,,,,,,,
1007.0,Assign seriousness,Resolve ticket,Closed,,,,,,,,,,,,
1008.0,Assign seriousness,Take in charge ticket,Wait,Take in charge ticket,Resolve ticket,Closed,,,,,,,,,
1009.0,Assign seriousness,Take in charge ticket,Resolve ticket,Closed,,,,,,,,,,,
1010.0,Assign seriousness,Take in charge ticket,Resolve ticket,Closed,,,,,,,,,,,
1011.0,,Take in charge ticket,Wait,Resolve ticket,Resolve ticket,Closed,,,,,,,,,
1012.0,Assign seriousness,Take in charge ticket,Resolve ticket,Closed,,,,,,,,,,,
1013.0,Assign seriousness,Take in charge ticket,Wait,Resolve ticket,Closed,,,,,,,,,,
1014.0,Assign seriousness,Take in charge ticket,Wait,Resolve ticket,Closed,,,,,,,,,,
1015.0,Assign seriousness,Take in charge ticket,Resolve ticket,Closed,,,,,,,,,,,
1016.0,Assign seriousness,Assign seriousness,Take in charge ticket,Resolve ticket,Closed,,,,,,,,,,
1017.0,Assign seriousness,Resolve ticket,Resolve ticket,Closed,,,,,,,,,,,
1018.0,Assign seriousness,Assign seriousness,Take in charge ticket,Resolve ticket,Closed,,,,,,,,,,
1019.0,Assign seriousness,Take in charge ticket,Wait,Take in charge ticket,Resolve ticket,Closed,,,,,,,,,
1020.0,Assign seriousness,Take in charge ticket,Require upgrade,Resolve ticket,Closed,,,,,,,,,,
1021.0,Assign seriousness,Take in charge ticket,Wait,Resolve ticket,Closed,,,,,,,,,,
1022.0,Assign seriousness,Take in charge ticket,Resolve ticket,Closed,,,,,,,,,,,
1023.0,Assign seriousness,Take in charge ticket,Resolve ticket,Closed,,,,,,,,,,,
1024.0,Assign seriousness,Assign seriousness,Take in charge ticket,Create SW anomaly,Resolve ticket,Closed,,,,,,,,,
1025.0,Assign seriousness,Take in charge ticket,Wait,Take in charge ticket,Resolve ticket,Closed,,,,,,,,,
1026.0,Assign seriousness,Take in charge ticket,Wait,Resolve ticket,Closed,,,,,,,,,,
1027.0,Assign seriousness,Take in charge ticket,Wait,Resolve ticket,Closed,,,,,,,,,,
1028.0,Assign seriousness,Take in charge ticket,Resolve ticket,Closed,,,,,,,,,,,
,Assign seriousness,Assign seriousness,Take in charge ticket,Wait,Take in charge ticket,Resolve ticket,Closed,,,,,,,,
1030.0,Assign seriousness,Take in charge ticket,Wait,Take in charge ticket,Resolve ticket,Closed,,,,,,,,,
1031.0,Assign seriousness,Take in charge ticket,Resolve ticket,Closed,,,,,,,,,,,
1032.0,Assign seriousness,Take in charge ticket,Resolve ticket,Closed,,,,,,,,,,,
1033.0,Assign seriousness,Take in charge ticket,Resolve ticket,Closed,,,,,,,,,,,
1034.0,Assign seriousness,Take in charge ticket,Resolve ticket,Closed,,,,,,,,,,,
1035.0,Assign seriousness,Take in charge ticket,Resolve ticket,Closed,,,,,,,,,,,
1036.0,Assign seriousness,Take in charge ticket,Resolve ticket,Closed,,,,,,,,,,,
1037.0,Assign seriousness,Take in charge ticket,Wait,Resolve ticket,Closed,,,,,,,,,,
1038.0,Assign seriousness,Take in charge ticket,Resolve ticket,Take in charge ticket,Wait,Take in charge ticket,Resolve ticket,Closed,,,,,,,
1039.0,Assign seriousness,Take in charge ticket,Resolve ticket,Closed,,,,,,,,,,,
1040.0,Assign seriousness,Take in charge ticket,Resolve ticket,Closed,,,,,,,,,,,
1041.0,Assign seriousness,Assign seriousness,Take in charge ticket,Wait,Resolve ticket,Closed,,,,,,,,,
1042.0,Assign seriousness,Take in charge ticket,Wait,,Resolve ticket,Closed,,,,,,,,,
1043.0,Assign seriousness,Take in charge ticket,Resolve ticket,Resolve ticket,Closed,,,,,,,,,,
1044.0,Assign seriousness,Take in charge ticket,Wait,Take in charge ticket,Resolve ticket,Take in charge ticket,Wait,,Resolve ticket,Closed,,,,,
1045.0,Assign seriousness,Take in charge ticket,Resolve ticket,Closed,,,,,,,,,,,
1046.0,Assign seriousness,Take in charge ticket,Resolve ticket,Closed,,,,,,,,,,,
1047.0,Assign seriousness,Assign seriousness,Take in charge ticket,Wait,Resolve ticket,Closed,,,,,,,,,
1048.0,Assign seriousness,Take in charge ticket,Wait,Resolve ticket,Closed,,,,,,,,,,
1049.0,Assign seriousness,Take in charge ticket,Resolve ticket,Closed,,,,,,,,,,,
1050.0,Assign seriousness,Take in charge ticket,Resolve ticket,Closed,,,,,,,,,,,
1051.0,Assign seriousness,Take in charge ticket,Require upgrade,Wait,Resolve ticket,Closed,,,,,,,,,
1052.0,Assign seriousness,Take in charge ticket,Wait,Resolve ticket,Closed,,,,,,,,,,
1053.0,Assign seriousness,Take in charge ticket,Resolve ticket,Closed,,,,,,,,,,,
1054.0,Assign seriousness,Take in charge ticket,Resolve ticket,Closed,,,,,,,,,,,
1055.0,Assign seriousness,Assign seriousness,Take in charge ticket,Wait,Resolve ticket,Closed,,,,,,,,,
1056.0,Take in charge ticket,Wait,Resolve ticket,Closed,,,,,,,,,,,
1057.0,Assign seriousness,Take in charge ticket,Resolve ticket,Closed,,,,,,,,,,,
1058.0,,Take in charge ticket,Resolve ticket,Closed,,,,,,,,,,,
1059.0,Assign seriousness,Resolve ticket,Closed,,,,,,,,,,,,
1060.0,Assign seriousness,,Resolve ticket,Closed,,,,,,,,,,,
,Assign seriousness,Take in charge ticket,Resolve ticket,Closed,,,,,,,,,,,
1062.0,Assign seriousness,Take in charge ticket,Resolve ticket,Closed,,,,,,,,,,,
1063.0,Assign seriousness,Take in charge ticket,Resolve ticket,Closed,,,,,,,,,,,
1064.0,Assign seriousness,Take in charge ticket,Resolve ticket,,Wait,Resolve ticket,Closed,,,,,,,,
1065.0,,Take in charge ticket,Resolve ticket,Closed,,,,,,,,,,,
1066.0,Assign seriousness,Assign seriousness,Take in charge ticket,Resolve ticket,Closed,,,,,,,,,,
1067.0,Assign seriousness,Take in charge ticket,Resolve ticket,Closed,,,,,,,,,,,
1068.0,Assign seriousness,Take in charge ticket,Wait,Resolve ticket,Closed,,,,,,,,,,
1069.0,Assign seriousness,Take in charge ticket,Resolve ticket,Closed,,,,,,,,,,,
1070.0,Assign seriousness,Take in charge ticket,Wait,Resolve ticket,Closed,,,,,,,,,,
1071.0,Assign seriousness,Assign seriousness,Take in charge ticket,Resolve ticket,Closed,,,,,,,,,,
1072.0,Assign seriousness,Take in charge ticket,Resolve ticket,Resolve ticket,Closed,,,,,,,,,,
1073.0,Assign seriousness,Take in charge ticket,Wait,Wait,Resolve ticket,Closed,,,,,,,,,
1074.0,Insert ticket,Assign seriousness,Take in charge ticket,Wait,Take in charge ticket,Resolve ticket,Closed,,,,,,,,
1075.0,Assign seriousness,Take in charge ticket,Wait,Resolve ticket,Closed,,,,,,,,,,
1076.0,Assign seriousness,Take in charge ticket,Resolve ticket,Closed,,,,,,,,,,,
1077.0,Assign seriousness,Assign seriousness,Take in charge ticket,Resolve ticket,Closed,,,,,,,,,,
1078.0,Assign seriousness,Take in charge ticket,Resolve ticket,Closed,,,,,,,,,,,
1079.0,Assign seriousness,Take in charge ticket,Schedule intervention,Take in charge ticket,Wait,Take in charge ticket,Resolve ticket,Closed,,,,,,,
1080.0,Assign seriousness,Take in charge ticket,Resolve ticket,Closed,,,,,,,,,,,
1081.0,Assign seriousness,Take in charge ticket,Wait,Resolve ticket,Take in charge ticket,Resolve ticket,Closed,,,,,,,,
1082.0,Assign seriousness,Resolve ticket,Resolve ticket,Closed,,,,,,,,,,,
1083.0,Assign seriousness,Take in charge ticket,Wait,Take in charge ticket,Resolve ticket,Closed,,,,,,,,,
1084.0,Assign seriousness,Take in charge ticket,Resolve ticket,Resolve ticket,Closed,,,,,,,,,,
1085.0,Take in charge ticket,Wait,Resolve ticket,Closed,,,,,,,,,,,
1086.0,Assign seriousness,Resolve ticket,Closed,,,,,,,,,,,,
1087.0,Assign seriousness,Resolve ticket,Closed,,,,,,,,,,,,
1088.0,Assign seriousness,Take in charge ticket,Resolve ticket,Closed,,,,,,,,,,,
1089.0,Assign seriousness,Assign seriousness,Resolve ticket,Closed,,,,,,,,,,,
1090.0,Assign seriousness,Take in charge ticket,Resolve ticket,Closed,,,,,,,,,,,
1091.0,Assign seriousness,Take in charge ticket,Create SW anomaly,Resolve ticket,Take in charge ticket,Resolve ticket,Closed,,,,,,,,
1092.0,Assign seriousness,Assign seriousness,Take in charge ticket,Resolve ticket,Closed,,,,,,,,,,
1093.0,Assign seriousness,Take in charge ticket,Resolve ticket,Closed,,,,,,,,,,,
1094.0,Assign seriousness,Take in charge ticket,Wait,Take in charge ticket,Resolve ticket,Closed,,,,,,,,,
1095.0,Assign seriousness,Take in charge ticket,Resolve ticket,Closed,,,,,,,,,,,
1096.0,Assign seriousness,Take in charge ticket,Resolve ticket,Resolve ticket,Closed,,,,,,,,,,
1097.0,Assign seriousness,Take in charge ticket,Resolve ticket,Closed,,,,,,,,,,,
1098.0,Assign seriousness,Take in charge ticket,Resolve ticket,Closed,,,,,,,,,,,
1099.0,Assign seriousness,Assign seriousness,Assign seriousness,Take in charge ticket,Resolve ticket,Resolve ticket,Closed,,,,,,,,
,Assign seriousness,Take in charge ticket,Resolve ticket,Closed,,,,,,,,,,,
1101.0,Assign seriousness,Take in charge ticket,Resolve ticket,Closed,,,,,,,,,,,
1102.0,Assign seriousness,Take in charge ticket,Resolve ticket,Closed,,,,,,,,,,,
1103.0,Assign seriousness,Take in charge ticket,Wait,Resolve ticket,Closed,,,,,,,,,,
1104.0,Assign seriousness,Take in charge ticket,Wait,Resolve ticket,Closed,,,,,,,,,,
1105.0,Assign seriousness,Take in charge ticket,Wait,Take in charge ticket,Resolve ticket,Closed,,,,,,,,,
1106.0,Assign seriousness,Take in charge ticket,Wait,Wait,Resolve ticket,Closed,,,,,,,,,
1107.0,Assign seriousness,Take in charge ticket,Wait,Resolve ticket,Closed,,,,,,,,,,
1108.0,Assign seriousness,Take in charge ticket,Wait,Take in charge ticket,Take in charge ticket,Wait,Take in charge ticket,Wait,Take in charge ticket,Resolve ticket,Closed,,,,
1109.0,Assign seriousness,Take in charge ticket,Resolve ticket,Closed,,,,,,,,,,,
1110.0,Assign seriousness,Take in charge ticket,Resolve ticket,Closed,,,,,,,,,,,
1111.0,Assign seriousness,Take in charge ticket,Resolve ticket,Closed,,,,,,,,,,,
1112.0,Assign seriousness,Assign seriousness,Take in charge ticket,Resolve ticket,Closed,,,,,,,,,,
1113.0,Assign seriousness,Take in charge ticket,Resolve ticket,Closed,,,,,,,,,,,
1114.0,Assign seriousness,Take in charge ticket,Resolve ticket,Closed,,,,,,,,,,,
1115.0,Assign seriousness,Take in charge ticket,Resolve ticket,Closed,,,,,,,,,,,
1116.0,Assign seriousness,Take in charge ticket,Resolve ticket,Closed,,,,,,,,,,,
1117.0,Assign seriousness,Take in charge ticket,Resolve ticket,Closed,,,,,,,,,,,
1118.0,Assign seriousness,Take in charge ticket,Resolve ticket,Closed,,,,,,,,,,,
1119.0,Assign seriousness,Take in charge ticket,Resolve ticket,Closed,,,,,,,,,,,
1120.0,Assign seriousness,Resolve ticket,Resolve ticket,Closed,,,,,,,,,,,
1121.0,Assign seriousness,Take in charge ticket,Resolve ticket,Closed,,,,,,,,,,,
1122.0,Assign seriousness,Take in charge ticket,Resolve ticket,Closed,,,,,,,,,,,
1123.0,Assign seriousness,Take in charge ticket,Wait,Take in charge ticket,Resolve ticket,,,,,,,,,,
1124.0,Assign seriousness,Take in charge ticket,Resolve ticket,Closed,,,,,,,,,,,
1125.0,Assign seriousness,Take in charge ticket,Resolve ticket,Closed,,,,,,,,,,,
1126.0,Assign seriousness,Take in charge ticket,Resolve ticket,Closed,,,,,,,,,,,
1127.0,Assign seriousness,Take in charge ticket,Resolve ticket,Closed,,,,,,,,,,,
1128.0,Assign seriousness,Take in charge ticket,Resolve ticket,Closed,,,,,,,,,,,
1129.0,Assign seriousness,Take in charge ticket,Require upgrade,Resolve ticket,Closed,,,,,,,,,,
1130.0,Assign seriousness,Resolve ticket,Closed,,,,,,,,,,,,
1131.0,,Take in charge ticket,Resolve ticket,Closed,,,,,,,,,,,
1132.0,Assign seriousness,Take in charge ticket,Resolve ticket,Closed,,,,,,,,,,,
1133.0,Assign seriousness,Take in charge ticket,,Closed,,,,,,,,,,,
1134.0,Assign seriousness,Take in charge ticket,Wait,Take in charge ticket,Resolve ticket,Closed,,,,,,,,,
1135.0,Assign seriousness,Take in charge ticket,,Take in charge ticket,Wait,Take in charge ticket,Wait,Take in charge ticket,Wait,Take in charge ticket,Resolve ticket,Closed,,,
1136.0,Assign seriousness,Take in charge ticket,Wait,Require upgrade,Wait,Resolve ticket,Closed,,,,,,,,
1137.0,Assign seriousness,Take in charge ticket,Resolve ticket,Closed,,,,,,,,,,,
1138.0,Assign seriousness,Resolve ticket,Take in charge ticket,Require upgrade,Resolve ticket,Closed,,,,,,,,,
1139.0,Assign seriousness,Take in charge ticket,Wait,Resolve ticket,Closed,,,,,,,,,,
1140.0,Assign seriousness,Take in charge ticket,Resolve ticket,Closed,,,,,,,,,,,
1141.0,Assign seriousness,Take in charge ticket,Resolve ticket,Closed,,,,,,,,,,,
1142.0,Assign seriousness,Take in charge ticket,Resolve ticket,Closed,,,,,,,,,,,
1143.0,Assign seriousness,Take in charge ticket,Resolve ticket,Closed,,,,,,,,,,,
1144.0,Assign seriousness,Take in charge ticket,Resolve ticket,Closed,,,,,,,,,,,
1145.0,Assign seriousness,Take in charge ticket,Resolve ticket,,,,,,,,,,,,
1146.0,Assign seriousness,Take in charge ticket,Resolve ticket,Closed,,,,,,,,,,,
1147.0,Assign seriousness,Take in charge ticket,Wait,Resolve ticket,Closed,,,,,,,,,,
1148.0,Assign seriousness,Wait,Take in charge ticket,Resolve ticket,Resolve ticket,Closed,,,,,,,,,
1149.0,Assign seriousness,Take in charge ticket,Wait,Take in charge ticket,Resolve ticket,Closed,,,,,,,,,
1150.0,Assign seriousness,Take in charge ticket,Wait,Resolve ticket,Closed,,,,,,,,,,
1151.0,Assign seriousness,Take in charge ticket,Resolve ticket,Closed,,,,,,,,,,,
1152.0,Assign seriousness,Assign seriousness,Take in charge ticket,Wait,Take in charge ticket,Resolve ticket,Closed,,,,,,,,
1153.0,Assign seriousness,Take in charge ticket,Wait,Resolve ticket,Closed,,,,,,,,,,
1154.0,Assign seriousness,Take in charge ticket,Resolve ticket,Closed,,,,,,,,,,,
1155.0,Assign seriousness,Take in charge ticket,Resolve ticket,Closed,,,,,,,,,,,
1156.0,Assign seriousness,Take in charge ticket,Resolve ticket,Closed,,,,,,,,,,,
1157.0,Assign seriousness,Resolve ticket,Closed,,,,,,,,,,,,
1158.0,Assign seriousness,Take in charge ticket,Resolve ticket,Closed,,,,,,,,,,,
1159.0,Assign seriousness,Take in charge ticket,Resolve ticket,Closed,,,,,,,,,,,
1160.0,Assign seriousness,Take in charge ticket,Resolve ticket,Closed,,,,,,,,,,,
1161.0,Assign seriousness,Take in charge ticket,Wait,Take in charge ticket,Resolve ticket,Closed,,,,,,,,,
1162.0,Assign seriousness,Wait,Take in charge ticket,Resolve ticket,Resolve ticket,Closed,,,,,,,,,
1163.0,Assign seriousness,Resolve ticket,Closed,,,,,,,,,,,,
1164.0,Assign seriousness,Take in charge ticket,Resolve ticket,Closed,,,,,,,,,,,
1165.0,Assign seriousness,Take in charge ticket,Resolve ticket,Closed,,,,,,,,,,,
1166.0,Assign seriousness,Take in charge ticket,Wait,Resolve ticket,Closed,,,,,,,,,,
1167.0,Assign seriousness,Take in charge ticket,Wait,Take in charge ticket,Create SW anomaly,Resolve ticket,Take in charge ticket,Resolve ticket,Closed,,,,,,
1168.0,Assign seriousness,Take in charge ticket,Resolve ticket,Closed,,,,,,,,,,,
1169.0,Assign seriousness,Take in charge ticket,Resolve ticket,Take in charge ticket,Resolve ticket,Closed,,,,,,,,,
1170.0,Assign seriousness,Take in charge ticket,Wait,Resolve ticket,Closed,,,,,,,,,,
1171.0,Assign seriousness,Take in charge ticket,Resolve ticket,Closed,,,,,,,,,,,
1172.0,Assign seriousness,Take in charge ticket,Resolve ticket,Closed,,,,,,,,,,,
1173.0,Assign seriousness,Take in charge ticket,Wait,Resolve ticket,Closed,,,,,,,,,,
1174.0,Assign seriousness,Take in charge ticket,Wait,Take in charge ticket,Resolve ticket,Closed,,,,,,,,,
1175.0,Assign seriousness,Take in charge ticket,Resolve ticket,Closed,,,,,,,,,,,
1176.0,Assign seriousness,Take in charge ticket,Resolve ticket,Closed,,,,,,,,,,,
1177.0,Assign seriousness,Take in charge ticket,Wait,Take in charge ticket,Resolve ticket,Closed,,,,,,,,,
1178.0,Assign seriousness,Take in charge ticket,Resolve ticket,Closed,,,,,,,,,,,
1179.0,Assign seriousness,Take in charge ticket,Resolve ticket,Closed,,,,,,,,,,,
1180.0,Assign seriousness,Take in charge ticket,Resolve ticket,Closed,,,,,,,,,,,
1181.0,Assign seriousness,Take in charge ticket,Resolve ticket,Closed,,,,,,,,,,,
1182.0,Assign seriousness,Take in charge ticket,Resolve ticket,Closed,,,,,,,,,,,
1183.0,Assign seriousness,Take in charge ticket,Wait,Take in charge ticket,Resolve ticket,Closed,,,,,,,,,
1184.0,Assign seriousness,Take in charge ticket,Resolve ticket,,Closed,,,,,,,,,,
1185.0,Assign seriousness,Take in charge ticket,Wait,Take in charge ticket,Resolve ticket,Closed,,,,,,,,,
1186.0,Take in charge ticket,Resolve ticket,Closed,,,,,,,,,,,,
1187.0,Assign seriousness,Take in charge ticket,Resolve ticket,Closed,,,,,,,,,,,
1188.0,Assign seriousness,Assign seriousness,Take in charge ticket,Resolve ticket,Closed,,,,,,,,,,
1189.0,Assign seriousness,Take in charge ticket,Resolve ticket,Closed,,,,,,,,,,,
1190.0,Assign seriousness,Take in charge ticket,Resolve ticket,Closed,,,,,,,,,,,
1191.0,Assign seriousness,Assign seriousness,Take in charge ticket,Wait,Resolve ticket,,,,,,,,,,
1192.0,Assign seriousness,Resolve ticket,Resolve ticket,Closed,,,,,,,,,,,
1193.0,Assign seriousness,Take in charge ticket,Resolve ticket,Closed,,,,,,,,,,,
1194.0,Assign seriousness,Take in charge ticket,Resolve ticket,Closed,,,,,,,,,,,
1195.0,Assign seriousness,Take in charge ticket,Resolve ticket,Closed,,,,,,,,,,,
1196.0,,Assign seriousness,Take in charge ticket,Resolve ticket,Closed,,,,,,,,,,
1197.0,Assign seriousness,Take in charge ticket,Resolve ticket,Closed,,,,,,,,,,,
1198.0,Assign seriousness,Take in charge ticket,Wait,Take in charge ticket,Resolve ticket,Take in charge ticket,Resolve ticket,Closed,,,,,,,
1199.0,Assign seriousness,Take in charge ticket,Resolve ticket,Closed,,,,,,,,,,,
1200.0,Assign seriousness,Take in charge ticket,Resolve ticket,Closed,,,,,,,,,,,
1201.0,Assign seriousness,Take in charge ticket,Wait,,Closed,,,,,,,,,,
1202.0,Assign seriousness,Take in charge ticket,Resolve ticket,Closed,,,,,,,,,,,
1203.0,Assign seriousness,Take in charge ticket,Resolve ticket,Closed,,,,,,,,,,,
1204.0,Assign seriousness,Wait,Resolve ticket,Closed,,,,,,,,,,,
1205.0,Assign seriousness,Assign seriousness,Take in charge ticket,Resolve ticket,Closed,,,,,,,,,,
1206.0,Assign seriousness,Take in charge ticket,Resolve ticket,Closed,,,,,,,,,,,
1207.0,Assign seriousness,Take in charge ticket,Resolve ticket,Closed,,,,,,,,,,,
1208.0,Assign seriousness,Take in charge ticket,Take in charge ticket,Resolve ticket,Closed,,,,,,,,,,
1209.0,Assign seriousness,Take in charge ticket,Resolve ticket,Closed,,,,,,,,,,,
1210.0,Assign seriousness,Take in charge ticket,Resolve ticket,Closed,,,,,,,,,,,
1211.0,Assign seriousness,Take in charge ticket,Resolve ticket,Closed,,,,,,,,,,,
1212.0,Assign seriousness,Take in charge ticket,Wait,Take in charge ticket,Resolve ticket,Closed,,,,,,,,,
1213.0,Assign seriousness,Take in charge ticket,Resolve ticket,Closed,,,,,,,,,,,
1214.0,Assign seriousness,Take in charge ticket,Resolve ticket,Closed,,,,,,,,,,,
1215.0,Assign seriousness,Take in charge ticket,Wait,Resolve ticket,Closed,,,,,,,,,,
1216.0,Assign seriousness,Take in charge ticket,Resolve ticket,Closed,,,,,,,,,,,
1217.0,Assign seriousness,Take in charge ticket,Resolve ticket,Take in charge ticket,Resolve ticket,Closed,,,,,,,,,
,Assign seriousness,Take in charge ticket,Resolve ticket,Closed,,,,,,,,,,,
1219.0,Assign seriousness,Resolve ticket,Closed,,,,,,,,,,,,
1220.0,Assign seriousness,Resolve ticket,Resolve ticket,Closed,,,,,,,,,,,
1221.0,Assign seriousness,Take in charge ticket,Wait,Take in charge ticket,Wait,Take in charge ticket,Resolve ticket,Closed,,,,,,,
1222.0,Assign seriousness,Take in charge ticket,Resolve ticket,Closed,,,,,,,,,,,
1223.0,Assign seriousness,Take in charge ticket,Resolve ticket,Closed,,,,,,,,,,,
1224.0,Assign seriousness,Take in charge ticket,Resolve ticket,Closed,,,,,,,,,,,
1225.0,Assign seriousness,Take in charge ticket,Resolve ticket,Closed,,,,,,,,,,,
1226.0,Assign seriousness,Take in charge ticket,Resolve ticket,Closed,,,,,,,,,,,
1227.0,Assign seriousness,Take in charge ticket,Resolve ticket,Closed,,,,,,,,,,,
1228.0,Assign seriousness,Take in charge ticket,Wait,Resolve ticket,Closed,,,,,,,,,,
1229.0,Assign seriousness,Take in charge ticket,Wait,Wait,Resolve ticket,Closed,,,,,,,,,
1230.0,Assign seriousness,Take in charge ticket,Wait,Resolve ticket,Closed,,,,,,,,,,
1231.0,Assign seriousness,Take in charge ticket,Resolve ticket,Closed,,,,,,,,,,,
1232.0,Assign seriousness,,Wait,Require upgrade,Resolve ticket,Closed,,,,,,,,,
1233.0,Assign seriousness,Take in charge ticket,Wait,Resolve ticket,Closed,,,,,,,,,,
1234.0,Assign seriousness,Take in charge ticket,Resolve ticket,Closed,,,,,,,,,,,
1235.0,Assign seriousness,Take in charge ticket,Resolve ticket,Closed,,,,,,,,,,,
1236.0,Assign seriousness,Take in charge ticket,Resolve ticket,Closed,,,,,,,,,,,
1237.0,Assign seriousness,Take in charge ticket,Resolve ticket,Closed,,,,,,,,,,,
1238.0,Assign seriousness,Take in charge ticket,Resolve ticket,Closed,,,,,,,,,,,
1239.0,Assign seriousness,Take in charge ticket,Wait,Take in charge ticket,Resolve ticket,Take in charge ticket,Wait,,Create SW anomaly,Resolve ticket,Take in charge ticket,Resolve ticket,Closed,,
1240.0,Assign seriousness,Take in charge ticket,Wait,Resolve ticket,Closed,,,,,,,,,,
1241.0,Assign seriousness,Take in charge ticket,Wait,Take in charge ticket,Resolve ticket,Closed,,,,,,,,,
1242.0,Assign seriousness,Take in charge ticket,Wait,Wait,Resolve ticket,Closed,,,,,,,,,
1243.0,Take in charge ticket,Wait,Resolve ticket,Take in charge ticket,Wait,Resolve ticket,Closed,,,,,,,,
1244.0,Assign seriousness,Take in charge ticket,Wait,Resolve ticket,Closed,,,,,,,,,,
1245.0,Assign seriousness,Take in charge ticket,Resolve ticket,Resolve ticket,Closed,,,,,,,,,,
1246.0,Assign seriousness,Take in charge ticket,Resolve ticket,Closed,,,,,,,,,,,
1247.0,Assign seriousness,Assign seriousness,Wait,Wait,Resolve ticket,Closed,,,,,,,,,
1248.0,Assign seriousness,Take in charge ticket,Wait,Resolve ticket,Closed,,,,,,,,,,
1249.0,Assign seriousness,Take in charge ticket,Wait,Resolve ticket,Closed,,,,,,,,,,
1250.0,Assign seriousness,,Resolve ticket,Closed,,,,,,,,,,,
1251.0,Assign seriousness,Take in charge ticket,Resolve ticket,Closed,,,,,,,,,,,
1252.0,Assign seriousness,Resolve ticket,Resolve ticket,Closed,,,,,,,,,,,
1253.0,Assign seriousness,Take in charge ticket,Resolve ticket,Closed,,,,,,,,,,,
1254.0,Take in charge ticket,Take in charge ticket,,Closed,,,,,,,,,,,
1255.0,Assign seriousness,Take in charge ticket,Resolve ticket,Closed,,,,,,,,,,,
1256.0,Assign seriousness,Take in charge ticket,Resolve ticket,Closed,,,,,,,,,,,
1257.0,Assign seriousness,Take in charge ticket,Wait,Take in charge ticket,Resolve ticket,Closed,,,,,,,,,
1258.0,Assign seriousness,Assign seriousness,Take in charge ticket,Resolve ticket,Closed,,,,,,,,,,
1259.0,Assign seriousness,Take in charge ticket,Resolve ticket,Closed,,,,,,,,,,,
1260.0,Assign seriousness,Take in charge ticket,Resolve ticket,Closed,,,,,,,,,,,
1261.0,Assign seriousness,Resolve ticket,Closed,,,,,,,,,,,,
1262.0,Assign seriousness,Take in charge ticket,Take in charge ticket,Wait,Resolve ticket,Closed,,,,,,,,,
,Assign seriousness,Take in charge ticket,Wait,Take in charge ticket,Resolve ticket,Closed,,,,,,,,,
1264.0,Assign seriousness,Resolve ticket,Closed,,,,,,,,,,,,
1265.0,Assign seriousness,Take in charge ticket,Resolve ticket,Closed,,,,,,,,,,,
1266.0,Assign seriousness,Take in charge ticket,Resolve ticket,Closed,,,,,,,,,,,
1267.0,Assign seriousness,Take in charge ticket,Resolve ticket,Closed,,,,,,,,,,,
1268.0,Assign seriousness,Take in charge ticket,Resolve ticket,Closed,,,,,,,,,,,
1269.0,Assign seriousness,Assign seriousness,Take in charge ticket,Resolve ticket,Closed,,,,,,,,,,
1270.0,Assign seriousness,Take in charge ticket,Resolve ticket,Closed,,,,,,,,,,,
1271.0,Assign seriousness,Take in charge ticket,Resolve ticket,Closed,Closed,,,,,,,,,,
1272.0,Assign seriousness,Assign seriousness,Take in charge ticket,Resolve ticket,Closed,,,,,,,,,,
1273.0,Assign seriousness,Take in charge ticket,Resolve ticket,Closed,,,,,,,,,,,
1274.0,Assign seriousness,Take in charge ticket,Resolve ticket,Resolve ticket,Closed,,,,,,,,,,
1275.0,Insert ticket,Assign seriousness,Assign seriousness,Take in charge ticket,Wait,Take in charge ticket,Resolve ticket,Closed,,,,,,,
1276.0,Assign seriousness,Take in charge ticket,Resolve ticket,Closed,,,,,,,,,,,
,Insert ticket,Assign seriousness,Take in charge ticket,Resolve ticket,Closed,,,,,,,,,,
1278.0,Assign seriousness,Take in charge ticket,Resolve ticket,Closed,,,,,,,,,,,
1279.0,Assign seriousness,Take in charge ticket,Resolve ticket,Closed,,,,,,,,,,,
1280.0,Assign seriousness,Take in charge ticket,Resolve ticket,Closed,,,,,,,,,,,
1281.0,Take in charge ticket,Resolve ticket,Take in charge ticket,Wait,Take in charge ticket,Resolve ticket,Closed,,,,,,,,
1282.0,,Take in charge ticket,Resolve ticket,Closed,,,,,,,,,,,
,Assign seriousness,Take in charge ticket,Resolve ticket,Closed,,,,,,,,,,,
1284.0,Assign seriousness,Take in charge ticket,Resolve ticket,Closed,,,,,,,,,,,
1285.0,Assign seriousness,Take in charge ticket,Resolve ticket,Closed,,,,,,,,,,,
1286.0,Assign seriousness,Take in charge ticket,Resolve ticket,Closed,,,,,,,,,,,
1287.0,Assign seriousness,Take in charge ticket,Resolve ticket,Closed,,,,,,,,,,,
1288.0,Assign seriousness,Take in charge ticket,Resolve ticket,Closed,,,,,,,,,,,
1289.0,Assign seriousness,Take in charge ticket,Resolve ticket,Closed,,,,,,,,,,,
1290.0,Assign seriousness,Take in charge ticket,Take in charge ticket,Resolve ticket,Closed,,,,,,,,,,
1291.0,Assign seriousness,Take in charge ticket,Resolve ticket,Closed,Closed,,,,,,,,,,
1292.0,Assign seriousness,Take in charge ticket,Wait,Resolve ticket,Closed,,,,,,,,,,
1293.0,Assign seriousness,Take in charge ticket,Resolve ticket,Closed,,,,,,,,,,,
1294.0,Assign seriousness,Take in charge ticket,Wait,Resolve ticket,Closed,,,,,,,,,,
1295.0,Assign seriousness,,Wait,Take in charge ticket,Resolve ticket,Take in charge ticket,Resolve ticket,Closed,,,,,,,
1296.0,Assign seriousness,Take in charge ticket,Require upgrade,Resolve ticket,Closed,,,,,,,,,,
1297.0,Assign seriousness,Take in charge ticket,Wait,Resolve ticket,Closed,,,,,,,,,,
1298.0,Assign seriousness,Take in charge ticket,Resolve ticket,Closed,,,,,,,,,,,
1299.0,Assign seriousness,Take in charge ticket,Resolve ticket,Closed,,,,,,,,,,,
1300.0,Assign seriousness,Take in charge ticket,Wait,Take in charge ticket,Resolve ticket,Closed,,,,,,,,,
1301.0,Assign seriousness,Take in charge ticket,Resolve ticket,Closed,,,,,,,,,,,
1302.0,Assign seriousness,Resolve ticket,Closed,,,,,,,,,,,,
1303.0,Assign seriousness,Take in charge ticket,Wait,Take in charge ticket,Resolve ticket,Closed,,,,,,,,,
1304.0,Assign seriousness,Take in charge ticket,Resolve ticket,Closed,,,,,,,,,,,
1305.0,Assign seriousness,Take in charge ticket,Resolve ticket,Closed,,,,,,,,,,,
1306.0,Assign seriousness,Take in charge ticket,Resolve ticket,Closed,,,,,,,,,,,
1307.0,Assign seriousness,Take in charge ticket,Create SW anomaly,Resolve ticket,Closed,,,,,,,,,,
1308.0,Assign seriousness,Take in charge ticket,Wait,Resolve ticket,Closed,,,,,,,,,,
1309.0,Assign seriousness,Take in charge ticket,Resolve ticket,Closed,,,,,,,,,,,
1310.0,Assign seriousness,Resolve ticket,Closed,,,,,,,,,,,,
1311.0,Assign seriousness,Take in charge ticket,Require upgrade,Resolve ticket,Closed,,,,,,,,,,
1312.0,Assign seriousness,Take in charge ticket,Resolve ticket,Closed,,,,,,,,,,,
1313.0,Assign seriousness,Take in charge ticket,Resolve ticket,Closed,,,,,,,,,,,
1314.0,Assign seriousness,Take in charge ticket,Wait,Resolve ticket,Closed,,,,,,,,,,
1315.0,Assign seriousness,Take in charge ticket,Wait,Take in charge ticket,Resolve ticket,Closed,,,,,,,,,
1316.0,Assign seriousness,Take in charge ticket,Resolve ticket,Closed,,,,,,,,,,,
1317.0,Assign seriousness,Take in charge ticket,Resolve ticket,Take in charge ticket,Resolve ticket,Closed,,,,,,,,,
1318.0,Assign seriousness,Resolve ticket,Closed,,,,,,,,,,,,
1319.0,Assign seriousness,Take in charge ticket,Resolve ticket,Closed,,,,,,,,,,,
1320.0,Assign seriousness,Wait,Resolve ticket,Closed,,,,,,,,,,,
1321.0,Assign seriousness,Take in charge ticket,Wait,Take in charge ticket,Resolve ticket,Closed,,,,,,,,,
1322.0,Assign seriousness,Take in charge ticket,Resolve ticket,Closed,,,,,,,,,,,
1323.0,Assign seriousness,Resolve ticket,Resolve ticket,Closed,,,,,,,,,,,
1324.0,Assign seriousness,Take in charge ticket,Resolve ticket,Closed,,,,,,,,,,,
1325.0,Assign seriousness,Take in charge ticket,Resolve ticket,Closed,,,,,,,,,,,
1326.0,Assign seriousness,Take in charge ticket,Wait,Take in charge ticket,Resolve ticket,Closed,,,,,,,,,
1327.0,Assign seriousness,Assign seriousness,Take in charge ticket,Wait,Resolve ticket,Closed,,,,,,,,,
1328.0,Assign seriousness,Take in charge ticket,Resolve ticket,Closed,,,,,,,,,,,
1329.0,Assign seriousness,Take in charge ticket,Resolve ticket,Resolve ticket,Closed,,,,,,,,,,
1330.0,Assign seriousness,Take in charge ticket,Resolve ticket,Closed,,,,,,,,,,,
1331.0,Assign seriousness,Resolve ticket,Closed,,,,,,,,,,,,
1332.0,Assign seriousness,Assign seriousness,Take in charge ticket,Wait,Take in charge ticket,Wait,Resolve ticket,Closed,,,,,,,
1333.0,Assign seriousness,Take in charge ticket,Resolve ticket,Closed,,,,,,,,,,,
1334.0,Assign seriousness,Take in charge ticket,Resolve ticket,Closed,,,,,,,,,,,
1335.0,Assign seriousness,Resolve ticket,Resolve ticket,Closed,,,,,,,,,,,
1336.0,Assign seriousness,Take in charge ticket,Wait,Resolve ticket,Closed,,,,,,,,,,
1337.0,Assign seriousness,Take in charge ticket,Resolve ticket,Closed,,,,,,,,,,,
1338.0,Assign seriousness,Take in charge ticket,Wait,Resolve ticket,Closed,,,,,,,,,,
1339.0,Assign seriousness,Take in charge ticket,Resolve ticket,Closed,,,,,,,,,,,
1340.0,Assign seriousness,Take in charge ticket,Resolve ticket,Closed,,,,,,,,,,,
1341.0,Assign seriousness,Take in charge ticket,Wait,Resolve ticket,Closed,,,,,,,,,,
1342.0,Assign seriousness,Take in charge ticket,Wait,Resolve ticket,Closed,,,,,,,,,,
1343.0,Insert ticket,Assign seriousness,Take in charge ticket,Resolve ticket,Closed,,,,,,,,,,
1344.0,Assign seriousness,Take in charge ticket,Resolve ticket,Closed,,,,,,,,,,,
1345.0,Assign seriousness,Take in charge ticket,Wait,Wait,Take in charge ticket,Resolve ticket,Closed,,,,,,,,
1346.0,,Take in charge ticket,Wait,Resolve ticket,Closed,,,,,,,,,,
1347.0,Assign seriousness,Take in charge ticket,Resolve ticket,Closed,,,,,,,,,,,
1348.0,Assign seriousness,Take in charge ticket,Resolve ticket,Closed,,,,,,,,,,,
1349.0,Assign seriousness,Take in charge ticket,Resolve ticket,Closed,,,,,,,,,,,
1350.0,Assign seriousness,Take in charge ticket,Wait,Resolve ticket,Closed,,,,,,,,,,
1351.0,Assign seriousness,Take in charge ticket,Resolve ticket,Closed,,,,,,,,,,,
1352.0,Assign seriousness,Take in charge ticket,Resolve ticket,Closed,,,,,,,,,,,
1353.0,Assign seriousness,Take in charge ticket,Resolve ticket,Closed,,,,,,,,,,,
1354.0,Assign seriousness,Take in charge ticket,Resolve ticket,Closed,,,,,,,,,,,
1355.0,Assign seriousness,Take in charge ticket,Wait,Require upgrade,Require upgrade,Resolve ticket,Closed,,,,,,,,
1356.0,Insert ticket,Take in charge ticket,Resolve ticket,Closed,,,,,,,,,,,
1357.0,Assign seriousness,,Wait,Resolve ticket,Closed,,,,,,,,,,
1358.0,Assign seriousness,Take in charge ticket,Resolve ticket,Closed,,,,,,,,,,,
1359.0,Assign seriousness,Resolve ticket,Closed,,,,,,,,,,,,
1360.0,Insert ticket,Assign seriousness,Assign seriousness,Take in charge ticket,Wait,Resolve ticket,Closed,,,,,,,,
1361.0,Assign seriousness,Take in charge ticket,Resolve ticket,Closed,,,,,,,,,,,
1362.0,Assign seriousness,Wait,Resolve ticket,Resolve ticket,Closed,,,,,,,,,,
1363.0,Assign seriousness,Take in charge ticket,Resolve ticket,Closed,,,,,,,,,,,
1364.0,,Assign seriousness,Take in charge ticket,Resolve ticket,Closed,,,,,,,,,,
1365.0,Assign seriousness,Take in charge ticket,Wait,Resolve ticket,Closed,,,,,,,,,,
1366.0,Assign seriousness,Take in charge ticket,Resolve ticket,Closed,,,,,,,,,,,
1367.0,Assign seriousness,Take in charge ticket,Resolve ticket,Take in charge ticket,Resolve ticket,Closed,,,,,,,,,
1368.0,Assign seriousness,Take in charge ticket,Wait,Take in charge ticket,Resolve ticket,Closed,,,,,,,,,
1369.0,Assign seriousness,Take in charge ticket,Resolve ticket,Closed,,,,,,,,,,,
1370.0,Assign seriousness,Take in charge ticket,Resolve ticket,Closed,,,,,,,,,,,
1371.0,Assign seriousness,Take in charge ticket,Wait,Resolve ticket,Closed,,,,,,,,,,
1372.0,Assign seriousness,Assign seriousness,Take in charge ticket,Wait,Take in charge ticket,Resolve ticket,Closed,,,,,,,,
1373.0,Assign seriousness,Take in charge ticket,Resolve ticket,Closed,,,,,,,,,,,
1374.0,Assign seriousness,Take in charge ticket,Resolve ticket,Closed,,,,,,,,,,,
1375.0,Assign seriousness,Resolve ticket,Resolve ticket,Closed,,,,,,,,,,,
1376.0,Assign seriousness,Assign seriousness,Take in charge ticket,Resolve ticket,Closed,,,,,,,,,,
1377.0,Assign seriousness,Take in charge ticket,Resolve ticket,Resolve ticket,Closed,,,,,,,,,,
1378.0,Assign seriousness,Take in charge ticket,Wait,Resolve ticket,Closed,,,,,,,,,,
1379.0,Assign seriousness,Take in charge ticket,Require upgrade,Require upgrade,Resolve ticket,Closed,,,,,,,,,
1380.0,Assign seriousness,Take in charge ticket,Resolve ticket,Closed,,,,,,,,,,,
1381.0,Assign seriousness,Take in charge ticket,Wait,Take in charge ticket,Resolve ticket,Closed,,,,,,,,,
1382.0,Assign seriousness,Assign seriousness,Take in charge ticket,Wait,Take in charge ticket,Resolve ticket,Closed,,,,,,,,
1383.0,Assign seriousness,Take in charge ticket,Resolve ticket,Closed,,,,,,,,,,,
1384.0,Assign seriousness,Assign seriousness,Take in charge ticket,Wait,Resolve ticket,Closed,,,,,,,,,
1385.0,Assign seriousness,Take in charge ticket,Resolve ticket,Closed,,,,,,,,,,,
1386.0,Assign seriousness,Assign seriousness,Take in charge ticket,Resolve ticket,Closed,,,,,,,,,,
1387.0,Assign seriousness,Take in charge ticket,Resolve ticket,Closed,,,,,,,,,,,
1388.0,Assign seriousness,Take in charge ticket,Wait,Resolve ticket,Closed,,,,,,,,,,
1389.0,Assign seriousness,Take in charge ticket,Wait,Resolve ticket,Closed,,,,,,,,,,
1390.0,,Take in charge ticket,Resolve ticket,Closed,,,,,,,,,,,
1391.0,Assign seriousness,Take in charge ticket,Resolve ticket,Closed,,,,,,,,,,,
1392.0,Assign seriousness,Take in charge ticket,Wait,Resolve ticket,Closed,,,,,,,,,,
1393.0,Insert ticket,Assign seriousness,Take in charge ticket,Resolve ticket,Closed,,,,,,,,,,
1394.0,Assign seriousness,Assign seriousness,Take in charge ticket,Wait,Take in charge ticket,Resolve ticket,Closed,,,,,,,,
1395.0,Assign seriousness,Take in charge ticket,Resolve ticket,Closed,,,,,,,,,,,
1396.0,Assign seriousness,Take in charge ticket,Resolve ticket,Closed,,,,,,,,,,,
1397.0,Assign seriousness,,Resolve ticket,Closed,,,,,,,,,,,
1398.0,Assign seriousness,Take in charge ticket,Wait,Take in charge ticket,Wait,Resolve ticket,Closed,,,,,,,,
1399.0,Assign seriousness,Take in charge ticket,Resolve ticket,Resolve ticket,Closed,,,,,,,,,,
1400.0,Assign seriousness,Take in charge ticket,Resolve ticket,Closed,,,,,,,,,,,
1401.0,Assign seriousness,Take in charge ticket,Resolve ticket,Closed,,,,,,,,,,,
1402.0,Assign seriousness,Take in charge ticket,Wait,Take in charge ticket,Wait,Take in charge ticket,Resolve ticket,Closed,,,,,,,
1403.0,Assign seriousness,Take in charge ticket,Resolve ticket,Closed,,,,,,,,,,,
1404.0,Assign seriousness,Take in charge ticket,Take in charge ticket,Resolve ticket,Closed,,,,,,,,,,
1405.0,Assign seriousness,Take in charge ticket,Wait,Take in charge ticket,Resolve ticket,Closed,,,,,,,,,
1406.0,Assign seriousness,Take in charge ticket,Resolve ticket,Closed,,,,,,,,,,,
1407.0,Assign seriousness,Take in charge ticket,Resolve ticket,Closed,,,,,,,,,,,
1408.0,Assign seriousness,Take in charge ticket,Resolve ticket,Closed,,,,,,,,,,,
1409.0,Assign seriousness,Take in charge ticket,Resolve ticket,Closed,,,,,,,,,,,
1410.0,Assign seriousness,Take in charge ticket,Wait,Resolve ticket,Closed,,,,,,,,,,
1411.0,Assign seriousness,Take in charge ticket,Schedule intervention,Resolve ticket,Closed,,,,,,,,,,
1412.0,Assign seriousness,Take in charge ticket,Resolve ticket,Closed,,,,,,,,,,,
1413.0,Assign seriousness,Assign seriousness,Take in charge ticket,Resolve ticket,Closed,,,,,,,,,,
1414.0,Assign seriousness,Take in charge ticket,Wait,Resolve ticket,Closed,,,,,,,,,,
1415.0,Assign seriousness,Take in charge ticket,Resolve ticket,Closed,,,,,,,,,,,
1416.0,Assign seriousness,Take in charge ticket,Resolve ticket,Closed,,,,,,,,,,,
1417.0,Assign seriousness,Take in charge ticket,Resolve ticket,Take in charge ticket,Resolve ticket,Closed,,,,,,,,,
1418.0,Assign seriousness,Take in charge ticket,Resolve ticket,Closed,,,,,,,,,,,
1419.0,Assign seriousness,Take in charge ticket,Wait,Wait,Take in charge ticket,Resolve ticket,Resolve ticket,Resolve ticket,Closed,,,,,,
1420.0,Assign seriousness,Take in charge ticket,Wait,Resolve ticket,Closed,,,,,,,,,,
1421.0,Assign seriousness,Take in charge ticket,Resolve ticket,Closed,,,,,,,,,,,
1422.0,Assign seriousness,Take in charge ticket,Take in charge ticket,Resolve ticket,Closed,,,,,,,,,,
1423.0,Assign seriousness,Take in charge ticket,Resolve ticket,Closed,,,,,,,,,,,
1424.0,Assign seriousness,Take in charge ticket,Wait,Resolve ticket,Closed,,,,,,,,,,
,Assign seriousness,Take in charge ticket,Resolve ticket,Closed,,,,,,,,,,,
1426.0,Assign seriousness,Resolve ticket,Closed,,,,,,,,,,,,
1427.0,Assign seriousness,Take in charge ticket,Wait,Take in charge ticket,Wait,Take in charge ticket,Wait,Take in charge ticket,Resolve ticket,Closed,,,,,
1428.0,Assign seriousness,Take in charge ticket,Resolve ticket,Closed,,,,,,,,,,,
1429.0,Assign seriousness,Take in charge ticket,Resolve ticket,Closed,,,,,,,,,,,
1430.0,Assign seriousness,Take in charge ticket,Resolve ticket,Closed,,,,,,,,,,,
1431.0,Assign seriousness,Take in charge ticket,Resolve ticket,Closed,,,,,,,,,,,
,Assign seriousness,Take in charge ticket,Resolve ticket,Closed,,,,,,,,,,,
1433.0,Assign seriousness,Assign seriousness,Assign seriousness,Take in charge ticket,Resolve ticket,Closed,,,,,,,,,
1434.0,Assign seriousness,Resolve ticket,Closed,,,,,,,,,,,,
1435.0,Assign seriousness,Take in charge ticket,Resolve ticket,Closed,,,,,,,,,,,
1436.0,Assign seriousness,Take in charge ticket,Resolve ticket,Closed,,,,,,,,,,,
1437.0,Assign seriousness,Assign seriousness,Assign seriousness,Take in charge ticket,Resolve ticket,Take in charge ticket,Wait,Take in charge ticket,Resolve ticket,Closed,,,,,
,Assign seriousness,Take in charge ticket,Resolve ticket,Closed,,,,,,,,,,,
1439.0,Assign seriousness,Take in charge ticket,Wait,Resolve ticket,Closed,,,,,,,,,,
1440.0,Assign seriousness,Wait,Take in charge ticket,Wait,Resolve ticket,Closed,,,,,,,,,
1441.0,Assign seriousness,Take in charge ticket,Wait,Resolve ticket,Closed,,,,,,,,,,
1442.0,Assign seriousness,Take in charge ticket,Require upgrade,Resolve ticket,Resolve ticket,Closed,,,,,,,,,
1443.0,Assign seriousness,Take in charge ticket,Resolve ticket,Closed,,,,,,,,,,,
1444.0,Assign seriousness,Take in charge ticket,Resolve ticket,Resolve ticket,Closed,,,,,,,,,,
1445.0,Assign seriousness,Take in charge ticket,Resolve ticket,Closed,,,,,,,,,,,
1446.0,Assign seriousness,Take in charge ticket,Resolve ticket,Closed,,,,,,,,,,,
1447.0,Assign seriousness,Take in charge ticket,Take in charge ticket,Take in charge ticket,Resolve ticket,Closed,,,,,,,,,
1448.0,,Take in charge ticket,Wait,Resolve ticket,Closed,,,,,,,,,,
1449.0,Assign seriousness,Resolve ticket,Closed,,,,,,,,,,,,
1450.0,Assign seriousness,Take in charge ticket,Resolve ticket,Closed,,,,,,,,,,,
1451.0,Assign seriousness,Take in charge ticket,Wait,Take in charge ticket,Wait,Resolve ticket,Closed,,,,,,,,
1452.0,Assign seriousness,Take in charge ticket,Resolve ticket,Closed,,,,,,,,,,,
1453.0,Assign seriousness,Take in charge ticket,Wait,Resolve ticket,Closed,,,,,,,,,,
1454.0,Assign seriousness,Assign seriousness,Take in charge ticket,Resolve ticket,Closed,,,,,,,,,,
1455.0,Assign seriousness,Take in charge ticket,Wait,Resolve ticket,Closed,,,,,,,,,,
1456.0,Assign seriousness,Take in charge ticket,Wait,Resolve ticket,Closed,,,,,,,,,,
1457.0,Assign seriousness,Take in charge ticket,Resolve ticket,Closed,,,,,,,,,,,
1458.0,Assign seriousness,Take in charge ticket,Resolve ticket,Closed,,,,,,,,,,,
1459.0,Assign seriousness,Assign seriousness,Take in charge ticket,Resolve ticket,Closed,,,,,,,,,,
1460.0,Assign seriousness,Take in charge ticket,Resolve ticket,Closed,,,,,,,,,,,
1461.0,Assign seriousness,Take in charge ticket,,Closed,,,,,,,,,,,
1462.0,Assign seriousness,Take in charge ticket,Require upgrade,Resolve ticket,Closed,,,,,,,,,,
1463.0,Assign seriousness,Take in charge ticket,Wait,Take in charge ticket,Wait,Take in charge ticket,Resolve ticket,Closed,,,,,,,
1464.0,Assign seriousness,Resolve ticket,Resolve ticket,Closed,,,,,,,,,,,
1465.0,Assign seriousness,Take in charge ticket,Resolve ticket,Closed,,,,,,,,,,,
1466.0,Assign seriousness,Take in charge ticket,Wait,Take in charge ticket,Resolve ticket,Closed,,,,,,,,,
1467.0,Assign seriousness,Take in charge ticket,Wait,Take in charge ticket,Resolve ticket,Closed,,,,,,,,,
1468.0,Assign seriousness,Take in charge ticket,Resolve ticket,Closed,,,,,,,,,,,
1469.0,Assign seriousness,Assign seriousness,Take in charge ticket,Wait,Take in charge ticket,Wait,Resolve ticket,Closed,,,,,,,
1470.0,Assign seriousness,Take in charge ticket,Resolve ticket,Closed,,,,,,,,,,,
1471.0,Assign seriousness,Take in charge ticket,Resolve ticket,Closed,,,,,,,,,,,
1472.0,Assign seriousness,Take in charge ticket,Resolve ticket,Closed,,,,,,,,,,,
1473.0,Assign seriousness,Take in charge ticket,Resolve ticket,Closed,,,,,,,,,,,
1474.0,Assign seriousness,Take in charge ticket,Resolve ticket,Closed,,,,,,,,,,,
1475.0,Assign seriousness,Take in charge ticket,Wait,Resolve ticket,Closed,,,,,,,,,,
1476.0,Assign seriousness,Take in charge ticket,Resolve ticket,Closed,,,,,,,,,,,
1477.0,Assign seriousness,Take in charge ticket,Resolve ticket,Closed,,,,,,,,,,,
1478.0,Assign seriousness,Take in charge ticket,Resolve ticket,Closed,,,,,,,,,,,
1479.0,Assign seriousness,Take in charge ticket,Resolve ticket,Closed,,,,,,,,,,,
1480.0,Assign seriousness,Take in charge ticket,Resolve ticket,Closed,,,,,,,,,,,
1481.0,Take in charge ticket,Resolve ticket,Closed,,,,,,,,,,,,
1482.0,Assign seriousness,Take in charge ticket,Wait,Take in charge ticket,Resolve ticket,Closed,,,,,,,,,
1483.0,Insert ticket,Assign seriousness,Assign seriousness,Take in charge ticket,Wait,Take in charge ticket,Resolve ticket,Closed,,,,,,,
1484.0,Assign seriousness,Take in charge ticket,,Closed,,,,,,,,,,,
1485.0,Assign seriousness,Assign seriousness,Take in charge ticket,Resolve ticket,Closed,,,,,,,,,,
1486.0,Assign seriousness,Take in charge ticket,,Require upgrade,Resolve ticket,Closed,,,,,,,,,
1487.0,Assign seriousness,Assign seriousness,Take in charge ticket,Resolve ticket,Take in charge ticket,Resolve ticket,Closed,,,,,,,,
1488.0,Assign seriousness,Resolve ticket,Resolve ticket,Closed,,,,,,,,,,,
1489.0,Assign seriousness,Take in charge ticket,Resolve ticket,Closed,,,,,,,,,,,
1490.0,Assign seriousness,Take in charge ticket,Wait,Take in charge ticket,Wait,Take in charge ticket,Wait,Take in charge ticket,Resolve ticket,Take in charge ticket,Wait,Take in charge ticket,Resolve ticket,Closed,
1491.0,Assign seriousness,Resolve ticket,Resolve ticket,Closed,,,,,,,,,,,
1492.0,Take in charge ticket,Resolve ticket,Resolve ticket,Closed,,,,,,,,,,,
1493.0,Assign seriousness,Take in charge ticket,Wait,Take in charge ticket,Wait,Take in charge ticket,Resolve ticket,Take in charge ticket,Resolve ticket,Closed,,,,,
1494.0,Assign seriousness,Take in charge ticket,Resolve ticket,Closed,,,,,,,,,,,
1495.0,Assign seriousness,Take in charge ticket,Resolve ticket,Closed,,,,,,,,,,,
1496.0,Assign seriousness,Take in charge ticket,Resolve ticket,Closed,,,,,,,,,,,
1497.0,Assign seriousness,Wait,Wait,Take in charge ticket,Resolve ticket,Resolve ticket,Closed,,,,,,,,
1498.0,Assign seriousness,Take in charge ticket,Wait,Resolve ticket,Closed,,,,,,,,,,
1499.0,Assign seriousness,Take in charge ticket,Resolve ticket,Closed,,,,,,,,,,,
1500.0,Assign seriousness,Take in charge ticket,Wait,Resolve ticket,Closed,,,,,,,,,,
1501.0,Assign seriousness,Take in charge ticket,Wait,Resolve ticket,Closed,,,,,,,,,,
,Assign seriousness,Take in charge ticket,Resolve ticket,Closed,,,,,,,,,,,
1503.0,Assign seriousness,,Resolve ticket,Closed,,,,,,,,,,,
1504.0,Assign seriousness,Assign seriousness,Take in charge ticket,Resolve ticket,Closed,,,,,,,,,,
1505.0,Assign seriousness,Take in charge ticket,Resolve ticket,Closed,,,,,,,,,,,
1506.0,Assign seriousness,Take in charge ticket,Resolve ticket,Closed,,,,,,,,,,,
1507.0,Assign seriousness,Assign seriousness,Assign seriousness,Take in charge ticket,Wait,Resolve ticket,Closed,,,,,,,,
1508.0,Assign seriousness,Take in charge ticket,Resolve ticket,Closed,,,,,,,,,,,
1509.0,Assign seriousness,Wait,Take in charge ticket,Wait,Take in charge ticket,Resolve ticket,Closed,,,,,,,,
1510.0,Assign seriousness,Resolve ticket,Resolve ticket,Closed,,,,,,,,,,,
1511.0,Assign seriousness,Take in charge ticket,Resolve ticket,Closed,,,,,,,,,,,
,Assign seriousness,Take in charge ticket,Resolve ticket,Closed,,,,,,,,,,,
1513.0,Assign seriousness,Take in charge ticket,Resolve ticket,Resolve ticket,Closed,,,,,,,,,,
1514.0,Assign seriousness,Take in charge ticket,Resolve ticket,Closed,,,,,,,,,,,
1515.0,Assign seriousness,,Resolve ticket,Resolve ticket,Closed,,,,,,,,,,
1516.0,Assign seriousness,Resolve ticket,Closed,,,,,,,,,,,,
1517.0,Assign seriousness,Take in charge ticket,,Resolve ticket,Closed,,,,,,,,,,
1518.0,Assign seriousness,Assign seriousness,Take in charge ticket,Resolve ticket,Closed,,,,,,,,,,
1519.0,Assign seriousness,Assign seriousness,Assign seriousness,Take in charge ticket,Resolve ticket,Take in charge ticket,Create SW anomaly,Resolve ticket,Take in charge ticket,Create SW anomaly,Resolve ticket,Closed,,,
1520.0,Assign seriousness,Take in charge ticket,Resolve ticket,Closed,,,,,,,,,,,
1521.0,Assign seriousness,Assign seriousness,Take in charge ticket,Resolve ticket,Closed,,,,,,,,,,
1522.0,Assign seriousness,Take in charge ticket,Resolve ticket,Closed,,,,,,,,,,,
1523.0,Assign seriousness,Take in charge ticket,Resolve ticket,Closed,,,,,,,,,,,
1524.0,Assign seriousness,Take in charge ticket,Take in charge ticket,Resolve ticket,Take in charge ticket,Resolve ticket,Closed,,,,,,,,
1525.0,Assign seriousness,Take in charge ticket,Resolve ticket,Closed,Closed,,,,,,,,,,
1526.0,Assign seriousness,Assign seriousness,Assign seriousness,Resolve ticket,Closed,,,,,,,,,,
1527.0,Assign seriousness,Take in charge ticket,Resolve ticket,Closed,,,,,,,,,,,
1528.0,Assign seriousness,Take in charge ticket,Wait,Resolve ticket,Closed,,,,,,,,,,
1529.0,Assign seriousness,Take in charge ticket,,Closed,,,,,,,,,,,
1530.0,Assign seriousness,Take in charge ticket,Wait,Take in charge ticket,Resolve ticket,Closed,,,,,,,,,
1531.0,Assign seriousness,Assign seriousness,Take in charge ticket,Wait,Take in charge ticket,Resolve ticket,Closed,,,,,,,,
1532.0,,Assign seriousness,Take in charge ticket,Resolve ticket,Closed,,,,,,,,,,
1533.0,Assign seriousness,Take in charge ticket,Resolve ticket,Closed,,,,,,,,,,,
1534.0,Assign seriousness,Take in charge ticket,Wait,Resolve ticket,Closed,,,,,,,,,,
1535.0,Assign seriousness,Resolve ticket,Closed,,,,,,,,,,,,
1536.0,Assign seriousness,Take in charge ticket,Resolve ticket,Closed,,,,,,,,,,,
1537.0,Assign seriousness,Take in charge ticket,Wait,Resolve ticket,Take in charge ticket,Take in charge ticket,Resolve ticket,Resolve ticket,Closed,,,,,,
1538.0,Assign seriousness,Take in charge ticket,Resolve ticket,Closed,,,,,,,,,,,
1539.0,Assign seriousness,Take in charge ticket,Resolve ticket,Closed,,,,,,,,,,,
1540.0,Assign seriousness,Take in charge ticket,Resolve ticket,Closed,,,,,,,,,,,
1541.0,Assign seriousness,Resolve ticket,Closed,,,,,,,,,,,,
1542.0,Assign seriousness,Take in charge ticket,Resolve ticket,Closed,,,,,,,,,,,
1543.0,Assign seriousness,Take in charge ticket,Resolve ticket,Closed,,,,,,,,,,,
1544.0,Assign seriousness,Take in charge ticket,Resolve ticket,Closed,,,,,,,,,,,
1545.0,Assign seriousness,Take in charge ticket,Resolve ticket,Closed,,,,,,,,,,,
1546.0,Assign seriousness,Take in charge ticket,Resolve ticket,Closed,,,,,,,,,,,
1547.0,Assign seriousness,Take in charge ticket,Resolve ticket,Closed,,,,,,,,,,,
1548.0,Assign seriousness,Assign seriousness,Take in charge ticket,Wait,Take in charge ticket,Resolve ticket,Take in charge ticket,Wait,Take in charge ticket,Resolve ticket,,,,,
1549.0,Assign seriousness,Take in charge ticket,Resolve ticket,Closed,,,,,,,,,,,
1550.0,Assign seriousness,Take in charge ticket,Resolve ticket,Resolve ticket,Closed,,,,,,,,,,
1551.0,Assign seriousness,Take in charge ticket,,Closed,,,,,,,,,,,
1552.0,Assign seriousness,Take in charge ticket,Resolve ticket,Closed,,,,,,,,,,,
1553.0,Assign seriousness,Take in charge ticket,Wait,Resolve ticket,Closed,,,,,,,,,,
1554.0,Assign seriousness,Take in charge ticket,Resolve ticket,Closed,,,,,,,,,,,
1555.0,Assign seriousness,Take in charge ticket,Resolve ticket,Closed,,,,,,,,,,,
1556.0,Assign seriousness,Take in charge ticket,Resolve ticket,Closed,,,,,,,,,,,
1557.0,Assign seriousness,Take in charge ticket,Resolve ticket,Closed,,,,,,,,,,,
1558.0,Assign seriousness,Take in charge ticket,Wait,Take in charge ticket,Resolve ticket,Closed,,,,,,,,,
1559.0,Assign seriousness,Take in charge ticket,Resolve ticket,Closed,,,,,,,,,,,
1560.0,Assign seriousness,Take in charge ticket,Resolve ticket,Closed,,,,,,,,,,,
1561.0,Assign seriousness,Take in charge ticket,Resolve ticket,Closed,,,,,,,,,,,
1562.0,Assign seriousness,Assign seriousness,Take in charge ticket,Resolve ticket,Closed,,,,,,,,,,
1563.0,Assign seriousness,Resolve ticket,Closed,,,,,,,,,,,,
1564.0,Assign seriousness,Take in charge ticket,Resolve ticket,Closed,,,,,,,,,,,
1565.0,Assign seriousness,Take in charge ticket,Wait,Take in charge ticket,Resolve ticket,Take in charge ticket,,Closed,,,,,,,
1566.0,Assign seriousness,Take in charge ticket,Resolve ticket,Closed,,,,,,,,,,,
1567.0,Insert ticket,Assign seriousness,,Take in charge ticket,Resolve ticket,Closed,,,,,,,,,
1568.0,Assign seriousness,Take in charge ticket,Resolve ticket,Closed,,,,,,,,,,,
1569.0,Assign seriousness,Take in charge ticket,Resolve ticket,Closed,,,,,,,,,,,
1570.0,Assign seriousness,Take in charge ticket,Wait,Resolve ticket,Closed,,,,,,,,,,
1571.0,Assign seriousness,Take in charge ticket,Resolve ticket,Closed,,,,,,,,,,,
1572.0,Assign seriousness,Take in charge ticket,Resolve ticket,Resolve ticket,Closed,,,,,,,,,,
1573.0,Assign seriousness,Take in charge ticket,Resolve ticket,Closed,,,,,,,,,,,
1574.0,Assign seriousness,Take in charge ticket,Resolve ticket,Closed,,,,,,,,,,,
1575.0,Assign seriousness,Take in charge ticket,Resolve ticket,Closed,,,,,,,,,,,
,Assign seriousness,Take in charge ticket,Resolve ticket,Closed,,,,,,,,,,,
1577.0,Assign seriousness,Take in charge ticket,Wait,Resolve ticket,Closed,,,,,,,,,,
1578.0,Assign seriousness,Take in charge ticket,,Closed,,,,,,,,,,,
1579.0,Assign seriousness,Take in charge ticket,Resolve ticket,Closed,,,,,,,,,,,
1580.0,Assign seriousness,Take in charge ticket,Resolve ticket,Closed,,,,,,,,,,,
1581.0,Assign seriousness,Take in charge ticket,Resolve ticket,Closed,,,,,,,,,,,
1582.0,Assign seriousness,Take in charge ticket,Wait,Resolve ticket,Closed,,,,,,,,,,
1583.0,Assign seriousness,Take in charge ticket,Resolve ticket,Closed,,,,,,,,,,,
,Assign seriousness,Take in charge ticket,Resolve ticket,Take in charge ticket,Create SW anomaly,Resolve ticket,Take in charge ticket,Create SW anomaly,Resolve ticket,Closed,,,,,
1585.0,Assign seriousness,Take in charge ticket,Wait,Take in charge ticket,Wait,Take in charge ticket,Resolve ticket,Closed,,,,,,,
1586.0,Assign seriousness,Take in charge ticket,Resolve ticket,Closed,,,,,,,,,,,
1587.0,Assign seriousness,Take in charge ticket,Resolve ticket,Closed,,,,,,,,,,,
1588.0,Assign seriousness,Take in charge ticket,Resolve ticket,Resolve ticket,Closed,,,,,,,,,,
1589.0,Assign seriousness,Take in charge ticket,Resolve ticket,Closed,,,,,,,,,,,
1590.0,Assign seriousness,Take in charge ticket,Resolve ticket,Closed,,,,,,,,,,,
1591.0,Assign seriousness,Take in charge ticket,Resolve ticket,Closed,,,,,,,,,,,
1592.0,Assign seriousness,Take in charge ticket,Resolve ticket,Closed,,,,,,,,,,,
1593.0,Assign seriousness,Resolve ticket,Resolve ticket,Closed,,,,,,,,,,,
1594.0,Assign seriousness,Take in charge ticket,Wait,Resolve ticket,Closed,,,,,,,,,,
1595.0,Assign seriousness,Take in charge ticket,Take in charge ticket,Wait,Resolve ticket,Closed,,,,,,,,,
1596.0,Assign seriousness,Take in charge ticket,Wait,,Take in charge ticket,Wait,Resolve ticket,Closed,,,,,,,
1597.0,Assign seriousness,Take in charge ticket,Resolve ticket,Closed,,,,,,,,,,,
1598.0,Assign seriousness,Take in charge ticket,Resolve ticket,Closed,,,,,,,,,,,
1599.0,Assign seriousness,Take in charge ticket,Wait,Resolve ticket,Closed,,,,,,,,,,
1600.0,Assign seriousness,Take in charge ticket,Resolve ticket,Closed,,,,,,,,,,,
1601.0,Assign seriousness,Assign seriousness,Take in charge ticket,Resolve ticket,Closed,,,,,,,,,,
1602.0,Assign seriousness,Take in charge ticket,Resolve ticket,Closed,,,,,,,,,,,
1603.0,Assign seriousness,Take in charge ticket,Resolve ticket,Closed,,,,,,,,,,,
1604.0,Assign seriousness,Take in charge ticket,Resolve ticket,Closed,,,,,,,,,,,
1605.0,Assign seriousness,Take in charge ticket,Wait,Resolve ticket,Closed,,,,,,,,,,
1606.0,Assign seriousness,Take in charge ticket,Resolve ticket,Closed,,,,,,,,,,,
1607.0,Assign seriousness,Wait,Take in charge ticket,Resolve ticket,Closed,,,,,,,,,,
1608.0,Assign seriousness,Take in charge ticket,Resolve ticket,Closed,,,,,,,,,,,
1609.0,Assign seriousness,Resolve ticket,Resolve ticket,Closed,,,,,,,,,,,
1610.0,Assign seriousness,Take in charge ticket,Wait,Take in charge ticket,Wait,Resolve ticket,Closed,,,,,,,,
1611.0,Assign seriousness,Take in charge ticket,Resolve ticket,Closed,,,,,,,,,,,
1612.0,Assign seriousness,Assign seriousness,Take in charge ticket,Wait,Wait,Take in charge ticket,Resolve ticket,Closed,,,,,,,
1613.0,Assign seriousness,Take in charge ticket,Resolve ticket,Closed,,,,,,,,,,,
1614.0,Assign seriousness,Take in charge ticket,Resolve ticket,Closed,,,,,,,,,,,
1615.0,Assign seriousness,Take in charge ticket,Resolve ticket,Closed,,,,,,,,,,,
1616.0,Assign seriousness,Take in charge ticket,Resolve ticket,Closed,,,,,,,,,,,
1617.0,Assign seriousness,Take in charge ticket,Resolve ticket,Closed,,,,,,,,,,,
1618.0,,Take in charge ticket,Resolve ticket,Closed,,,,,,,,,,,
1619.0,Assign seriousness,Assign seriousness,Assign seriousness,Take in charge ticket,Resolve ticket,Closed,,,,,,,,,
1620.0,Assign seriousness,Take in charge ticket,Resolve ticket,Closed,,,,,,,,,,,
1621.0,Assign seriousness,Take in charge ticket,Resolve ticket,Closed,,,,,,,,,,,
1622.0,Assign seriousness,Take in charge ticket,Resolve ticket,Closed,,,,,,,,,,,
1623.0,Assign seriousness,Assign seriousness,Take in charge ticket,Resolve ticket,Closed,,,,,,,,,,
1624.0,Assign seriousness,Take in charge ticket,Resolve ticket,Closed,,,,,,,,,,,
1625.0,Assign seriousness,Take in charge ticket,Resolve ticket,Closed,,,,,,,,,,,
1626.0,Assign seriousness,Take in charge ticket,Resolve ticket,Closed,,,,,,,,,,,
1627.0,Assign seriousness,Resolve ticket,Resolve ticket,Closed,,,,,,,,,,,
1628.0,Assign seriousness,Take in charge ticket,Resolve ticket,Closed,,,,,,,,,,,
1629.0,Assign seriousness,Take in charge ticket,Resolve ticket,Closed,,,,,,,,,,,
1630.0,Assign seriousness,Take in charge ticket,Resolve ticket,Closed,,,,,,,,,,,
1631.0,Assign seriousness,Assign seriousness,Assign seriousness,Take in charge ticket,Wait,Take in charge ticket,Resolve ticket,Closed,,,,,,,
1632.0,Assign seriousness,Take in charge ticket,Wait,Resolve ticket,Closed,,,,,,,,,,
1633.0,Assign seriousness,Wait,Resolve ticket,Closed,,,,,,,,,,,
1634.0,Assign seriousness,Take in charge ticket,Resolve ticket,Closed,,,,,,,,,,,
1635.0,Assign seriousness,Resolve ticket,Closed,,,,,,,,,,,,
1636.0,Assign seriousness,Take in charge ticket,Resolve ticket,Closed,,,,,,,,,,,
1637.0,Assign seriousness,Take in charge ticket,Resolve ticket,Closed,,,,,,,,,,,
1638.0,Assign seriousness,Take in charge ticket,Resolve ticket,Closed,,,,,,,,,,,
1639.0,Assign seriousness,Take in charge ticket,Resolve ticket,Closed,,,,,,,,,,,
1640.0,Assign seriousness,Create SW anomaly,Create SW anomaly,Resolve SW anomaly,Resolve SW anomaly,Require upgrade,,Closed,,,,,,,
1641.0,Assign seriousness,Take in charge ticket,Wait,Resolve ticket,Closed,,,,,,,,,,
1642.0,Assign seriousness,Assign seriousness,Take in charge ticket,Resolve ticket,Closed,,,,,,,,,,
1643.0,Assign seriousness,Take in charge ticket,Resolve ticket,Closed,,,,,,,,,,,
1644.0,Assign seriousness,Take in charge ticket,Resolve ticket,Closed,,,,,,,,,,,
1645.0,Assign seriousness,Take in charge ticket,Resolve ticket,Closed,,,,,,,,,,,
1646.0,Assign seriousness,Resolve ticket,Closed,,,,,,,,,,,,
1647.0,Assign seriousness,Take in charge ticket,Resolve ticket,Closed,,,,,,,,,,,
1648.0,Assign seriousness,Take in charge ticket,Require upgrade,Resolve ticket,Closed,,,,,,,,,,
1649.0,Assign seriousness,Assign seriousness,Take in charge ticket,Resolve ticket,Closed,,,,,,,,,,
1650.0,Assign seriousness,Take in charge ticket,Resolve ticket,Closed,,,,,,,,,,,
1651.0,Assign seriousness,Take in charge ticket,Resolve ticket,Closed,,,,,,,,,,,
1652.0,Assign seriousness,Assign seriousness,Take in charge ticket,Resolve ticket,Closed,,,,,,,,,,
1653.0,Assign seriousness,Resolve ticket,Closed,,,,,,,,,,,,
1654.0,,Resolve ticket,Closed,,,,,,,,,,,,
1655.0,Assign seriousness,Take in charge ticket,Resolve ticket,Closed,,,,,,,,,,,
1656.0,Assign seriousness,Take in charge ticket,Wait,Resolve ticket,Closed,,,,,,,,,,
1657.0,Assign seriousness,Take in charge ticket,Resolve ticket,Closed,,,,,,,,,,,
1658.0,Assign seriousness,Take in charge ticket,Resolve ticket,Closed,,,,,,,,,,,
1659.0,Assign seriousness,Take in charge ticket,Resolve ticket,Closed,,,,,,,,,,,
1660.0,Assign seriousness,Take in charge ticket,Wait,Take in charge ticket,Resolve ticket,Closed,,,,,,,,,
1661.0,Assign seriousness,Take in charge ticket,Resolve ticket,Closed,,,,,,,,,,,
1662.0,Assign seriousness,Take in charge ticket,Wait,Take in charge ticket,Resolve ticket,Closed,,,,,,,,,
1663.0,Assign seriousness,Take in charge ticket,Resolve ticket,Closed,,,,,,,,,,,
1664.0,Assign seriousness,Take in charge ticket,Wait,Resolve ticket,Closed,,,,,,,,,,
1665.0,Assign seriousness,Take in charge ticket,Resolve ticket,Closed,,,,,,,,,,,
1666.0,Insert ticket,Assign seriousness,Take in charge ticket,Resolve ticket,Closed,,,,,,,,,,
1667.0,Assign seriousness,Take in charge ticket,Resolve ticket,Closed,,,,,,,,,,,
1668.0,Take in charge ticket,Resolve ticket,Closed,,,,,,,,,,,,
1669.0,Assign seriousness,Take in charge ticket,Wait,Resolve ticket,Closed,,,,,,,,,,
1670.0,Assign seriousness,Take in charge ticket,Wait,Resolve ticket,Closed,,,,,,,,,,
,Assign seriousness,Take in charge ticket,Wait,Resolve ticket,Closed,,,,,,,,,,
1672.0,Assign seriousness,Take in charge ticket,Resolve ticket,Closed,,,,,,,,,,,
1673.0,Assign seriousness,Take in charge ticket,Resolve ticket,Closed,,,,,,,,,,,
1674.0,Assign seriousness,Assign seriousness,Take in charge ticket,Wait,Take in charge ticket,Wait,Take in charge ticket,Resolve ticket,Closed,,,,,,
1675.0,Assign seriousness,Take in charge ticket,Wait,Wait,Resolve ticket,Closed,,,,,,,,,
1676.0,Assign seriousness,Resolve ticket,Resolve ticket,Closed,,,,,,,,,,,
1677.0,Assign seriousness,Take in charge ticket,Resolve ticket,Closed,,,,,,,,,,,
1678.0,Assign seriousness,Take in charge ticket,Wait,Take in charge ticket,Wait,Take in charge ticket,Resolve ticket,Closed,,,,,,,
1679.0,Assign seriousness,Take in charge ticket,Wait,Resolve ticket,Closed,,,,,,,,,,
1680.0,Assign seriousness,Take in charge ticket,Wait,Resolve ticket,Closed,,,,,,,,,,
1681.0,Insert ticket,Assign seriousness,Take in charge ticket,Wait,Resolve ticket,Closed,,,,,,,,,
1682.0,Assign seriousness,Take in charge ticket,Wait,Take in charge ticket,Resolve ticket,Closed,,,,,,,,,
1683.0,Assign seriousness,Take in charge ticket,Take in charge ticket,Wait,Take in charge ticket,Resolve ticket,Closed,,,,,,,,
1684.0,Assign seriousness,Take in charge ticket,Resolve ticket,Closed,,,,,,,,,,,
1685.0,Assign seriousness,Take in charge ticket,Resolve ticket,,,,,,,,,,,,
1686.0,Assign seriousness,Take in charge ticket,Resolve ticket,Closed,,,,,,,,,,,
1687.0,Assign seriousness,Take in charge ticket,Wait,Resolve ticket,Closed,,,,,,,,,,
1688.0,Assign seriousness,Take in charge ticket,Resolve ticket,Closed,,,,,,,,,,,
1689.0,Assign seriousness,Take in charge ticket,Resolve ticket,Closed,,,,,,,,,,,
1690.0,Assign seriousness,Take in charge ticket,Resolve ticket,Closed,,,,,,,,,,,
1691.0,Assign seriousness,Assign seriousness,Take in charge ticket,Resolve ticket,Closed,,,,,,,,,,
1692.0,Assign seriousness,Take in charge ticket,Wait,Resolve ticket,Closed,,,,,,,,,,
1693.0,Assign seriousness,Take in charge ticket,Resolve ticket,Closed,,,,,,,,,,,
1694.0,Assign seriousness,Take in charge ticket,Resolve ticket,Closed,,,,,,,,,,,
1695.0,Assign seriousness,Take in charge ticket,Resolve ticket,Closed,,,,,,,,,,,
1696.0,Assign seriousness,Assign seriousness,Take in charge ticket,Resolve ticket,Closed,,,,,,,,,,
1697.0,Assign seriousness,Assign seriousness,Take in charge ticket,Resolve ticket,Closed,,,,,,,,,,
1698.0,Assign seriousness,Take in charge ticket,Resolve ticket,Closed,,,,,,,,,,,
1699.0,Assign seriousness,Take in charge ticket,Wait,Resolve ticket,Closed,,,,,,,,,,
1700.0,Assign seriousness,Take in charge ticket,Resolve ticket,Closed,,,,,,,,,,,
1701.0,Assign seriousness,Take in charge ticket,Wait,Resolve ticket,Closed,,,,,,,,,,
1702.0,Assign seriousness,Take in charge ticket,Resolve ticket,Closed,,,,,,,,,,,
1703.0,Assign seriousness,Take in charge ticket,Resolve ticket,,,,,,,,,,,,
1704.0,Insert ticket,Assign seriousness,Take in charge ticket,Resolve ticket,Take in charge ticket,Wait,Take in charge ticket,Resolve ticket,Closed,,,,,,
1705.0,Assign seriousness,Resolve ticket,Closed,,,,,,,,,,,,
1706.0,Assign seriousness,Take in charge ticket,Wait,Wait,Wait,Resolve ticket,Closed,,,,,,,,
1707.0,Assign seriousness,Resolve ticket,Closed,,,,,,,,,,,,
1708.0,Assign seriousness,Take in charge ticket,Wait,Resolve ticket,Closed,,,,,,,,,,
1709.0,Assign seriousness,Take in charge ticket,Resolve ticket,Resolve ticket,Closed,,,,,,,,,,
1710.0,Assign seriousness,Take in charge ticket,Wait,Take in charge ticket,Resolve ticket,Closed,,,,,,,,,
1711.0,Assign seriousness,Take in charge ticket,Resolve ticket,Closed,,,,,,,,,,,
1712.0,Assign seriousness,Take in charge ticket,Resolve ticket,Closed,,,,,,,,,,,
1713.0,Assign seriousness,Take in charge ticket,Wait,Resolve ticket,Closed,,,,,,,,,,
1714.0,Assign seriousness,Wait,Take in charge ticket,Wait,Take in charge ticket,Resolve ticket,Closed,,,,,,,,
1715.0,Assign seriousness,Resolve ticket,Closed,,,,,,,,,,,,
1716.0,Assign seriousness,Take in charge ticket,Wait,Resolve ticket,Closed,,,,,,,,,,
1717.0,Assign seriousness,Take in charge ticket,Resolve ticket,Closed,,,,,,,,,,,
1718.0,Insert ticket,Assign seriousness,Take in charge ticket,Resolve ticket,Take in charge ticket,Resolve ticket,Closed,,,,,,,,
1719.0,Assign seriousness,Take in charge ticket,Resolve ticket,Take in charge ticket,Resolve ticket,Closed,,,,,,,,,
1720.0,Assign seriousness,Take in charge ticket,Wait,Resolve ticket,Closed,,,,,,,,,,
1721.0,Assign seriousness,Take in charge ticket,Resolve ticket,Closed,,,,,,,,,,,
1722.0,Assign seriousness,Take in charge ticket,Resolve ticket,Closed,,,,,,,,,,,
1723.0,Assign seriousness,Take in charge ticket,Resolve ticket,Closed,,,,,,,,,,,
1724.0,Assign seriousness,Take in charge ticket,Wait,Take in charge ticket,Resolve ticket,Closed,,,,,,,,,
1725.0,Assign seriousness,Require upgrade,Resolve ticket,Resolve ticket,Closed,,,,,,,,,,
1726.0,Assign seriousness,Take in charge ticket,Resolve ticket,Closed,,,,,,,,,,,
1727.0,Assign seriousness,Take in charge ticket,Wait,Resolve ticket,Closed,,,,,,,,,,
1728.0,Assign seriousness,Resolve ticket,Closed,,,,,,,,,,,,
1729.0,Assign seriousness,Take in charge ticket,Resolve ticket,Closed,,,,,,,,,,,
1730.0,Assign seriousness,Assign seriousness,Take in charge ticket,Resolve ticket,Closed,,,,,,,,,,
1731.0,Assign seriousness,Take in charge ticket,Resolve ticket,Closed,,,,,,,,,,,
1732.0,Assign seriousness,Take in charge ticket,Resolve ticket,Closed,,,,,,,,,,,
1733.0,Assign seriousness,Resolve ticket,Resolve ticket,Closed,,,,,,,,,,,
1734.0,Assign seriousness,Take in charge ticket,Resolve ticket,Take in charge ticket,Resolve ticket,Closed,,,,,,,,,
1735.0,Take in charge ticket,Resolve ticket,Closed,,,,,,,,,,,,
1736.0,Assign seriousness,Take in charge ticket,Wait,Resolve ticket,Closed,,,,,,,,,,
1737.0,Assign seriousness,Take in charge ticket,Resolve ticket,Closed,,,,,,,,,,,
1738.0,Assign seriousness,Take in charge ticket,Resolve ticket,Closed,,,,,,,,,,,
1739.0,Assign seriousness,Take in charge ticket,Resolve ticket,Closed,,,,,,,,,,,
1740.0,Assign seriousness,Take in charge ticket,Wait,Resolve ticket,Closed,,,,,,,,,,
1741.0,Assign seriousness,,Resolve ticket,Closed,,,,,,,,,,,
1742.0,Assign seriousness,Take in charge ticket,Wait,Take in charge ticket,Take in charge ticket,Resolve ticket,Closed,,,,,,,,
1743.0,Assign seriousness,Take in charge ticket,Resolve ticket,Closed,,,,,,,,,,,
1744.0,Assign seriousness,Take in charge ticket,Wait,Resolve ticket,Closed,,,,,,,,,,
1745.0,Assign seriousness,Assign seriousness,Take in charge ticket,Wait,Resolve ticket,Take in charge ticket,Resolve ticket,Closed,,,,,,,
1746.0,Assign seriousness,Take in charge ticket,Resolve ticket,Closed,,,,,,,,,,,
,Assign seriousness,Take in charge ticket,Resolve ticket,Take in charge ticket,Create SW anomaly,Resolve ticket,Closed,,,,,,,,
1748.0,Assign seriousness,Take in charge ticket,Resolve ticket,Take in charge ticket,Take in charge ticket,Resolve ticket,Closed,,,,,,,,
1749.0,Insert ticket,Assign seriousness,Take in charge ticket,Resolve ticket,Closed,,,,,,,,,,
1750.0,Assign seriousness,Take in charge ticket,Resolve ticket,Take in charge ticket,Wait,Take in charge ticket,Resolve ticket,Closed,,,,,,,
1751.0,Assign seriousness,Take in charge ticket,Resolve ticket,Closed,,,,,,,,,,,
1752.0,Assign seriousness,Take in charge ticket,Resolve ticket,Closed,,,,,,,,,,,
1753.0,Assign seriousness,Take in charge ticket,Resolve ticket,Closed,,,,,,,,,,,
1754.0,Assign seriousness,Require upgrade,Resolve ticket,Resolve ticket,Closed,,,,,,,,,,
1755.0,,Take in charge ticket,Resolve ticket,Closed,,,,,,,,,,,
1756.0,Assign seriousness,Take in charge ticket,Resolve ticket,Closed,,,,,,,,,,,
1757.0,Assign seriousness,Take in charge ticket,Resolve ticket,Closed,,,,,,,,,,,
1758.0,Assign seriousness,Take in charge ticket,Resolve ticket,Closed,,,,,,,,,,,
1759.0,Assign seriousness,Take in charge ticket,Resolve ticket,,,,,,,,,,,,
1760.0,Insert ticket,Assign seriousness,Take in charge ticket,Create SW anomaly,Resolve ticket,Closed,,,,,,,,,
1761.0,Assign seriousness,Take in charge ticket,Resolve ticket,Closed,,,,,,,,,,,
1762.0,Assign seriousness,Take in charge ticket,Wait,Resolve ticket,Closed,,,,,,,,,,
1763.0,Assign seriousness,Take in charge ticket,Resolve ticket,Closed,,,,,,,,,,,
1764.0,Insert ticket,Assign seriousness,Assign seriousness,Take in charge ticket,Resolve ticket,Closed,,,,,,,,,
1765.0,Assign seriousness,Assign seriousness,Take in charge ticket,Resolve ticket,Closed,,,,,,,,,,
1766.0,Assign seriousness,Take in charge ticket,Resolve ticket,Closed,,,,,,,,,,,
1767.0,Assign seriousness,Take in charge ticket,Resolve ticket,Closed,,,,,,,,,,,
1768.0,Assign seriousness,Resolve ticket,Closed,,,,,,,,,,,,
1769.0,Assign seriousness,Assign seriousness,Take in charge ticket,,Closed,,,,,,,,,,
1770.0,Assign seriousness,Take in charge ticket,Wait,Resolve ticket,Closed,,,,,,,,,,
1771.0,Assign seriousness,Take in charge ticket,Wait,Resolve ticket,Closed,,,,,,,,,,
1772.0,Assign seriousness,Take in charge ticket,Resolve ticket,Closed,,,,,,,,,,,
1773.0,Assign seriousness,Take in charge ticket,Resolve ticket,Closed,,,,,,,,,,,
1774.0,Assign seriousness,Take in charge ticket,Resolve ticket,Resolve ticket,Closed,,,,,,,,,,
1775.0,Take in charge ticket,Resolve ticket,Closed,,,,,,,,,,,,
,Assign seriousness,Take in charge ticket,Resolve ticket,Closed,,,,,,,,,,,
1777.0,Assign seriousness,Take in charge ticket,Wait,Wait,Resolve ticket,Resolve ticket,Closed,,,,,,,,
1778.0,Assign seriousness,Take in charge ticket,Wait,Resolve ticket,,,,,,,,,,,
1779.0,Assign seriousness,Assign seriousness,Take in charge ticket,Resolve ticket,Closed,Closed,,,,,,,,,
1780.0,Assign seriousness,Take in charge ticket,Resolve ticket,Closed,,,,,,,,,,,
1781.0,Assign seriousness,Take in charge ticket,Resolve ticket,Closed,,,,,,,,,,,
1782.0,Assign seriousness,Take in charge ticket,Resolve ticket,Closed,,,,,,,,,,,
1783.0,Assign seriousness,Resolve ticket,Closed,,,,,,,,,,,,
1784.0,Assign seriousness,Take in charge ticket,Resolve ticket,Closed,,,,,,,,,,,
1785.0,Assign seriousness,Take in charge ticket,Wait,Resolve ticket,Closed,,,,,,,,,,
1786.0,Assign seriousness,Take in charge ticket,Wait,Take in charge ticket,Resolve ticket,Closed,,,,,,,,,
1787.0,Assign seriousness,Take in charge ticket,Resolve ticket,Closed,,,,,,,,,,,
1788.0,Assign seriousness,Take in charge ticket,Create SW anomaly,Resolve ticket,Closed,,,,,,,,,,
1789.0,Assign seriousness,,Require upgrade,Resolve ticket,Closed,,,,,,,,,,
1790.0,Assign seriousness,Take in charge ticket,Resolve ticket,Closed,,,,,,,,,,,
1791.0,Assign seriousness,Take in charge ticket,Resolve ticket,Closed,,,,,,,,,,,
1792.0,Assign seriousness,Take in charge ticket,Resolve ticket,Closed,,,,,,,,,,,
1793.0,Assign seriousness,Assign seriousness,Take in charge ticket,Wait,Resolve ticket,Closed,,,,,,,,,
1794.0,Assign seriousness,Take in charge ticket,Resolve ticket,Closed,,,,,,,,,,,
1795.0,Assign seriousness,Take in charge ticket,Resolve ticket,Closed,,,,,,,,,,,
1796.0,Assign seriousness,Take in charge ticket,Wait,Take in charge ticket,Resolve ticket,Closed,,,,,,,,,
1797.0,Assign seriousness,Take in charge ticket,Resolve ticket,Closed,,,,,,,,,,,
1798.0,Assign seriousness,Take in charge ticket,Resolve ticket,Closed,,,,,,,,,,,
1799.0,Assign seriousness,Take in charge ticket,Resolve ticket,Closed,,,,,,,,,,,
1800.0,Assign seriousness,Take in charge ticket,Wait,Resolve ticket,Closed,,,,,,,,,,
1801.0,Assign seriousness,Take in charge ticket,Resolve ticket,Closed,,,,,,,,,,,
1802.0,Assign seriousness,Take in charge ticket,Resolve ticket,Closed,,,,,,,,,,,
1803.0,Assign seriousness,Take in charge ticket,Wait,Resolve ticket,Closed,,,,,,,,,,
1804.0,Assign seriousness,Take in charge ticket,Wait,Resolve ticket,Closed,,,,,,,,,,
1805.0,Assign seriousness,Take in charge ticket,Resolve ticket,Closed,,,,,,,,,,,
1806.0,Assign seriousness,Assign seriousness,Take in charge ticket,Wait,Take in charge ticket,Resolve ticket,Take in charge ticket,Take in charge ticket,Take in charge ticket,Resolve ticket,Closed,,,,
1807.0,Assign seriousness,Take in charge ticket,Resolve ticket,Closed,,,,,,,,,,,
1808.0,Assign seriousness,Take in charge ticket,Resolve ticket,Closed,,,,,,,,,,,
1809.0,Assign seriousness,Take in charge ticket,Resolve ticket,Closed,,,,,,,,,,,
1810.0,Assign seriousness,Wait,Take in charge ticket,Wait,Take in charge ticket,Resolve ticket,Take in charge ticket,Wait,Take in charge ticket,Resolve ticket,Take in charge ticket,Wait,Take in charge ticket,Resolve ticket,Closed
1811.0,Assign seriousness,Take in charge ticket,Wait,Take in charge ticket,Resolve ticket,Closed,,,,,,,,,
1812.0,Assign seriousness,Take in charge ticket,Resolve ticket,Closed,,,,,,,,,,,
1813.0,Assign seriousness,Take in charge ticket,Wait,Resolve ticket,Closed,,,,,,,,,,
1814.0,Assign seriousness,Resolve ticket,Resolve ticket,Closed,,,,,,,,,,,
1815.0,Assign seriousness,Take in charge ticket,Wait,Resolve ticket,Closed,,,,,,,,,,
1816.0,Assign seriousness,Take in charge ticket,Wait,Resolve ticket,Closed,,,,,,,,,,
1817.0,Assign seriousness,Take in charge ticket,Resolve ticket,Closed,,,,,,,,,,,
1818.0,Assign seriousness,Take in charge ticket,Resolve ticket,Closed,,,,,,,,,,,
1819.0,Assign seriousness,Take in charge ticket,Resolve ticket,Closed,,,,,,,,,,,
1820.0,Assign seriousness,Take in charge ticket,Resolve ticket,Take in charge ticket,Resolve ticket,Closed,,,,,,,,,
1821.0,Assign seriousness,Take in charge ticket,Wait,Resolve ticket,Closed,,,,,,,,,,
1822.0,Assign seriousness,Take in charge ticket,Wait,Take in charge ticket,Resolve ticket,,,,,,,,,,
1823.0,Assign seriousness,Take in charge ticket,Resolve ticket,Closed,,,,,,,,,,,
1824.0,Assign seriousness,Take in charge ticket,Resolve ticket,Closed,,,,,,,,,,,
1825.0,Assign seriousness,Take in charge ticket,Resolve ticket,Closed,,,,,,,,,,,
1826.0,Assign seriousness,Take in charge ticket,Resolve ticket,Closed,,,,,,,,,,,
1827.0,Assign seriousness,Take in charge ticket,Resolve ticket,Closed,,,,,,,,,,,
1828.0,Assign seriousness,,Resolve ticket,Closed,,,,,,,,,,,
1829.0,Assign seriousness,Assign seriousness,Take in charge ticket,Wait,Resolve ticket,Closed,,,,,,,,,
1830.0,Assign seriousness,Assign seriousness,Take in charge ticket,Resolve ticket,Closed,,,,,,,,,,
1831.0,Assign seriousness,Take in charge ticket,Resolve ticket,Closed,,,,,,,,,,,
1832.0,Assign seriousness,Take in charge ticket,Resolve ticket,Closed,,,,,,,,,,,
1833.0,Assign seriousness,Assign seriousness,Resolve ticket,Closed,,,,,,,,,,,
1834.0,Assign seriousness,Take in charge ticket,Wait,Resolve ticket,Closed,,,,,,,,,,
1835.0,Assign seriousness,Take in charge ticket,Take in charge ticket,Take in charge ticket,Resolve ticket,Closed,,,,,,,,,
1836.0,Assign seriousness,Take in charge ticket,Wait,Take in charge ticket,Resolve ticket,Closed,,,,,,,,,
1837.0,Assign seriousness,Take in charge ticket,Resolve ticket,Closed,,,,,,,,,,,
1838.0,Assign seriousness,Take in charge ticket,Wait,Resolve ticket,Closed,,,,,,,,,,
1839.0,Assign seriousness,Take in charge ticket,Wait,Take in charge ticket,Resolve ticket,Closed,,,,,,,,,
1840.0,Assign seriousness,Wait,Take in charge ticket,Resolve ticket,Closed,,,,,,,,,,
1841.0,Assign seriousness,Take in charge ticket,Resolve ticket,Resolve ticket,Closed,,,,,,,,,,
1842.0,,Take in charge ticket,Resolve ticket,Closed,,,,,,,,,,,
1843.0,Assign seriousness,Take in charge ticket,Resolve ticket,Closed,,,,,,,,,,,
1844.0,Assign seriousness,Take in charge ticket,Wait,Resolve ticket,Closed,,,,,,,,,,
1845.0,Insert ticket,Assign seriousness,Take in charge ticket,Resolve ticket,Closed,,,,,,,,,,
1846.0,Assign seriousness,Take in charge ticket,Wait,Resolve ticket,Closed,,,,,,,,,,
1847.0,Assign seriousness,Take in charge ticket,Resolve ticket,Closed,,,,,,,,,,,
1848.0,Assign seriousness,Resolve ticket,Closed,,,,,,,,,,,,
1849.0,Assign seriousness,Take in charge ticket,Resolve ticket,Closed,,,,,,,,,,,
1850.0,Assign seriousness,Take in charge ticket,Wait,Resolve ticket,,,,,,,,,,,
1851.0,Assign seriousness,Assign seriousness,Take in charge ticket,Resolve ticket,Closed,,,,,,,,,,
1852.0,Assign seriousness,Take in charge ticket,Resolve ticket,Closed,,,,,,,,,,,
1853.0,,Take in charge ticket,Resolve ticket,Closed,,,,,,,,,,,
1854.0,Assign seriousness,Take in charge ticket,Resolve ticket,Closed,,,,,,,,,,,
1855.0,Assign seriousness,Take in charge ticket,Wait,Take in charge ticket,Resolve ticket,Closed,,,,,,,,,
1856.0,Assign seriousness,Take in charge ticket,Resolve ticket,Take in charge ticket,Resolve ticket,Closed,,,,,,,,,
1857.0,,Take in charge ticket,Take in charge ticket,Take in charge ticket,Resolve ticket,Take in charge ticket,Resolve ticket,Take in charge ticket,Take in charge ticket,Resolve ticket,Closed,,,,
1858.0,Assign seriousness,Take in charge ticket,Wait,Resolve ticket,Closed,,,,,,,,,,
1859.0,Assign seriousness,Take in charge ticket,Resolve ticket,Closed,,,,,,,,,,,
1860.0,Assign seriousness,Take in charge ticket,Resolve ticket,Closed,,,,,,,,,,,
1861.0,Assign seriousness,Take in charge ticket,Resolve ticket,Closed,,,,,,,,,,,
1862.0,Assign seriousness,Take in charge ticket,Resolve ticket,Closed,,,,,,,,,,,
1863.0,Assign seriousness,Take in charge ticket,Resolve ticket,Resolve ticket,Closed,,,,,,,,,,
1864.0,Insert ticket,Assign seriousness,Take in charge ticket,Wait,Resolve ticket,Closed,,,,,,,,,
1865.0,Assign seriousness,Take in charge ticket,Wait,Resolve ticket,Closed,,,,,,,,,,
1866.0,Assign seriousness,Take in charge ticket,Resolve ticket,Resolve ticket,Closed,,,,,,,,,,
1867.0,Assign seriousness,Take in charge ticket,Take in charge ticket,Resolve ticket,,,,,,,,,,,
1868.0,Assign seriousness,Take in charge ticket,Resolve ticket,Closed,,,,,,,,,,,
1869.0,Assign seriousness,Take in charge ticket,Resolve ticket,Closed,,,,,,,,,,,
1870.0,Assign seriousness,Take in charge ticket,Resolve ticket,Closed,,,,,,,,,,,
1871.0,Assign seriousness,Take in charge ticket,Resolve ticket,Closed,,,,,,,,,,,
1872.0,Assign seriousness,Take in charge ticket,Resolve ticket,Closed,,,,,,,,,,,
1873.0,Assign seriousness,Take in charge ticket,Resolve ticket,Closed,,,,,,,,,,,
1874.0,Assign seriousness,Take in charge ticket,Wait,Resolve ticket,Closed,,,,,,,,,,
1875.0,Assign seriousness,Take in charge ticket,Wait,Resolve ticket,Closed,,,,,,,,,,
1876.0,Assign seriousness,Take in charge ticket,Resolve ticket,Closed,,,,,,,,,,,
,Assign seriousness,Take in charge ticket,Resolve ticket,Closed,,,,,,,,,,,
1878.0,Take in charge ticket,Resolve ticket,Closed,,,,,,,,,,,,
1879.0,Assign seriousness,Take in charge ticket,Resolve ticket,Closed,,,,,,,,,,,
1880.0,Assign seriousness,Take in charge ticket,Resolve ticket,Closed,,,,,,,,,,,
1881.0,Assign seriousness,Take in charge ticket,Resolve ticket,Closed,,,,,,,,,,,
1882.0,Assign seriousness,Take in charge ticket,Wait,Resolve ticket,Closed,,,,,,,,,,
1883.0,Assign seriousness,Resolve ticket,Closed,,,,,,,,,,,,
1884.0,,Take in charge ticket,Resolve ticket,Closed,,,,,,,,,,,
1885.0,Assign seriousness,Take in charge ticket,Resolve ticket,Closed,,,,,,,,,,,
1886.0,Assign seriousness,Take in charge ticket,Resolve ticket,Closed,,,,,,,,,,,
1887.0,Assign seriousness,Take in charge ticket,Resolve ticket,Take in charge ticket,Resolve ticket,Closed,,,,,,,,,
1888.0,Assign seriousness,Take in charge ticket,Wait,Resolve ticket,Closed,,,,,,,,,,
1889.0,Assign seriousness,Take in charge ticket,Wait,Wait,Take in charge ticket,Resolve ticket,Closed,,,,,,,,
1890.0,Assign seriousness,Take in charge ticket,Wait,Resolve ticket,Closed,,,,,,,,,,
1891.0,Assign seriousness,Take in charge ticket,Wait,Resolve ticket,Closed,,,,,,,,,,
1892.0,Assign seriousness,Take in charge ticket,Resolve ticket,Closed,,,,,,,,,,,
1893.0,Assign seriousness,Take in charge ticket,Wait,Resolve ticket,Closed,,,,,,,,,,
,Assign seriousness,Take in charge ticket,Resolve ticket,Closed,,,,,,,,,,,
1895.0,Assign seriousness,Take in charge ticket,Resolve ticket,Closed,,,,,,,,,,,
1896.0,Assign seriousness,Take in charge ticket,Resolve ticket,Closed,,,,,,,,,,,
1897.0,Assign seriousness,Take in charge ticket,Resolve ticket,Take in charge ticket,Wait,Take in charge ticket,Resolve ticket,Closed,,,,,,,
1898.0,Assign seriousness,Take in charge ticket,Wait,Resolve ticket,Closed,,,,,,,,,,
1899.0,Assign seriousness,Take in charge ticket,Resolve ticket,Closed,,,,,,,,,,,
1900.0,Assign seriousness,Take in charge ticket,Resolve ticket,Closed,,,,,,,,,,,
1901.0,Assign seriousness,Take in charge ticket,Resolve ticket,Closed,,,,,,,,,,,
1902.0,Assign seriousness,Take in charge ticket,Wait,Resolve ticket,Closed,,,,,,,,,,
1903.0,Assign seriousness,Take in charge ticket,Resolve ticket,Closed,,,,,,,,,,,
1904.0,Assign seriousness,Take in charge ticket,Resolve ticket,Closed,,,,,,,,,,,
1905.0,Assign seriousness,Take in charge ticket,Resolve ticket,Closed,,,,,,,,,,,
1906.0,Assign seriousness,Take in charge ticket,Wait,Resolve ticket,Closed,,,,,,,,,,
1907.0,Assign seriousness,Resolve ticket,Closed,,,,,,,,,,,,
1908.0,Assign seriousness,Resolve ticket,Closed,,,,,,,,,,,,
1909.0,Assign seriousness,Take in charge ticket,Wait,Take in charge ticket,Resolve ticket,Closed,,,,,,,,,
1910.0,Assign seriousness,Take in charge ticket,Resolve ticket,Closed,,,,,,,,,,,
1911.0,Assign seriousness,Take in charge ticket,Resolve ticket,Closed,,,,,,,,,,,
1912.0,Assign seriousness,Take in charge ticket,Resolve ticket,Closed,,,,,,,,,,,
1913.0,Assign seriousness,Take in charge ticket,Resolve ticket,Closed,,,,,,,,,,,
1914.0,Assign seriousness,Take in charge ticket,Resolve ticket,Closed,,,,,,,,,,,
1915.0,Assign seriousness,Take in charge ticket,Resolve ticket,Closed,,,,,,,,,,,
1916.0,Assign seriousness,Take in charge ticket,Resolve ticket,Closed,,,,,,,,,,,
1917.0,Assign seriousness,Take in charge ticket,Resolve ticket,Closed,,,,,,,,,,,
1918.0,Assign seriousness,Take in charge ticket,Resolve ticket,Closed,,,,,,,,,,,
1919.0,Assign seriousness,Assign seriousness,Take in charge ticket,Resolve ticket,Closed,,,,,,,,,,
1920.0,Assign seriousness,Take in charge ticket,Resolve ticket,Closed,,,,,,,,,,,
1921.0,Assign seriousness,Take in charge ticket,Resolve ticket,Resolve ticket,Closed,,,,,,,,,,
1922.0,Assign seriousness,Assign seriousness,Take in charge ticket,Resolve ticket,Closed,,,,,,,,,,
1923.0,Assign seriousness,Take in charge ticket,Take in charge ticket,Resolve ticket,Closed,,,,,,,,,,
1924.0,Assign seriousness,Take in charge ticket,Resolve ticket,Closed,,,,,,,,,,,
1925.0,Assign seriousness,Take in charge ticket,Resolve ticket,Take in charge ticket,Wait,Take in charge ticket,,Closed,,,,,,,
1926.0,Assign seriousness,Assign seriousness,Take in charge ticket,Wait,Take in charge ticket,Resolve ticket,Closed,,,,,,,,
,Assign seriousness,Take in charge ticket,Resolve ticket,Closed,,,,,,,,,,,
1928.0,Assign seriousness,Take in charge ticket,Resolve ticket,Closed,,,,,,,,,,,
1929.0,Assign seriousness,Assign seriousness,Take in charge ticket,Resolve ticket,Closed,,,,,,,,,,
1930.0,Assign seriousness,Take in charge ticket,Resolve ticket,Closed,,,,,,,,,,,
1931.0,Assign seriousness,Take in charge ticket,Resolve ticket,Closed,,,,,,,,,,,
1932.0,Assign seriousness,Take in charge ticket,Resolve ticket,Closed,,,,,,,,,,,
1933.0,Assign seriousness,Take in charge ticket,Take in charge ticket,Wait,Take in charge ticket,Resolve ticket,Take in charge ticket,Wait,Take in charge ticket,Resolve ticket,Closed,,,,
1934.0,Assign seriousness,Take in charge ticket,Wait,Resolve ticket,Closed,,,,,,,,,,
1935.0,Assign seriousness,Assign seriousness,Take in charge ticket,Resolve ticket,Closed,,,,,,,,,,
1936.0,Assign seriousness,Take in charge ticket,Resolve ticket,Closed,,,,,,,,,,,
1937.0,Assign seriousness,Assign seriousness,Take in charge ticket,Resolve ticket,Closed,,,,,,,,,,
1938.0,Assign seriousness,Assign seriousness,Take in charge ticket,Wait,Take in charge ticket,Resolve ticket,Closed,,,,,,,,
1939.0,Assign seriousness,Resolve ticket,Resolve ticket,Closed,,,,,,,,,,,
1940.0,Assign seriousness,Take in charge ticket,Resolve ticket,Closed,,,,,,,,,,,
1941.0,Assign seriousness,Take in charge ticket,Resolve ticket,Closed,,,,,,,,,,,
1942.0,Assign seriousness,Take in charge ticket,Resolve ticket,Closed,,,,,,,,,,,
1943.0,Assign seriousness,Take in charge ticket,Take in charge ticket,Resolve ticket,Closed,,,,,,,,,,
1944.0,Assign seriousness,Take in charge ticket,Resolve ticket,Closed,,,,,,,,,,,
1945.0,Assign seriousness,Take in charge ticket,Resolve ticket,Closed,,,,,,,,,,,
1946.0,Assign seriousness,Take in charge ticket,Take in charge ticket,Resolve ticket,Closed,,,,,,,,,,
1947.0,Take in charge ticket,Wait,Resolve ticket,Closed,,,,,,,,,,,
1948.0,Assign seriousness,Assign seriousness,Take in charge ticket,Resolve ticket,Closed,,,,,,,,,,
1949.0,Assign seriousness,Take in charge ticket,Resolve ticket,Closed,,,,,,,,,,,
1950.0,Assign seriousness,Take in charge ticket,Wait,Resolve ticket,Closed,,,,,,,,,,
1951.0,Assign seriousness,Take in charge ticket,Resolve ticket,Closed,,,,,,,,,,,
1952.0,Assign seriousness,Take in charge ticket,Resolve ticket,Closed,,,,,,,,,,,
1953.0,Assign seriousness,Take in charge ticket,Resolve ticket,Closed,,,,,,,,,,,
1954.0,Assign seriousness,Take in charge ticket,Resolve ticket,Take in charge ticket,Resolve ticket,Closed,,,,,,,,,
1955.0,Insert ticket,Assign seriousness,Take in charge ticket,Resolve ticket,Closed,,,,,,,,,,
1956.0,Assign seriousness,Take in charge ticket,Resolve ticket,Closed,,,,,,,,,,,
1957.0,Assign seriousness,Take in charge ticket,Resolve ticket,Resolve ticket,Closed,,,,,,,,,,
1958.0,Assign seriousness,Take in charge ticket,Resolve ticket,Closed,,,,,,,,,,,
1959.0,Assign seriousness,Take in charge ticket,Resolve ticket,Closed,,,,,,,,,,,
1960.0,Assign seriousness,Take in charge ticket,Resolve ticket,Closed,,,,,,,,,,,
1961.0,Assign seriousness,Take in charge ticket,Resolve ticket,Closed,,,,,,,,,,,
1962.0,Assign seriousness,Take in charge ticket,Resolve ticket,Closed,,,,,,,,,,,
1963.0,Insert ticket,Assign seriousness,Take in charge ticket,Resolve ticket,Closed,,,,,,,,,,
1964.0,Assign seriousness,Take in charge ticket,Resolve ticket,Closed,,,,,,,,,,,
1965.0,Assign seriousness,Take in charge ticket,Resolve ticket,Closed,,,,,,,,,,,
1966.0,Assign seriousness,Take in charge ticket,Resolve ticket,Closed,,,,,,,,,,,
1967.0,Assign seriousness,Take in charge ticket,Resolve ticket,Closed,,,,,,,,,,,
1968.0,Assign seriousness,Wait,Take in charge ticket,Wait,Resolve ticket,Closed,,,,,,,,,
1969.0,Assign seriousness,,Wait,Resolve ticket,Closed,,,,,,,,,,
1970.0,Assign seriousness,Take in charge ticket,Wait,Resolve ticket,Closed,,,,,,,,,,
1971.0,Assign seriousness,Assign seriousness,Take in charge ticket,Resolve ticket,Closed,,,,,,,,,,
1972.0,Assign seriousness,Take in charge ticket,Resolve ticket,Closed,,,,,,,,,,,
1973.0,Assign seriousness,Take in charge ticket,Resolve ticket,,,,,,,,,,,,
1974.0,Assign seriousness,Resolve ticket,Closed,,,,,,,,,,,,
1975.0,Assign seriousness,Take in charge ticket,Resolve ticket,Closed,,,,,,,,,,,
1976.0,Assign seriousness,Take in charge ticket,Resolve ticket,Closed,,,,,,,,,,,
1977.0,Assign seriousness,Wait,Resolve ticket,Closed,,,,,,,,,,,
1978.0,Assign seriousness,Take in charge ticket,Resolve ticket,Closed,,,,,,,,,,,
1979.0,Assign seriousness,Assign seriousness,Assign seriousness,Take in charge ticket,Resolve ticket,Closed,,,,,,,,,
1980.0,Assign seriousness,Take in charge ticket,Resolve ticket,Closed,,,,,,,,,,,
1981.0,Assign seriousness,Take in charge ticket,Resolve ticket,Closed,,,,,,,,,,,
1982.0,Assign seriousness,Take in charge ticket,Resolve ticket,Closed,,,,,,,,,,,
1983.0,Assign seriousness,Take in charge ticket,Resolve ticket,Closed,,,,,,,,,,,
1984.0,Assign seriousness,Resolve ticket,Closed,,,,,,,,,,,,
1985.0,Assign seriousness,Take in charge ticket,Wait,Resolve ticket,Closed,,,,,,,,,,
1986.0,Assign seriousness,Take in charge ticket,Resolve ticket,Closed,,,,,,,,,,,
1987.0,Assign seriousness,Take in charge ticket,Resolve ticket,Closed,,,,,,,,,,,
1988.0,Assign seriousness,Take in charge ticket,Wait,Resolve ticket,Closed,,,,,,,,,,
1989.0,Assign seriousness,Take in charge ticket,Resolve ticket,Resolve ticket,Closed,,,,,,,,,,
1990.0,Assign seriousness,Resolve ticket,Closed,,,,,,,,,,,,
1991.0,Assign seriousness,Take in charge ticket,Wait,Take in charge ticket,Resolve ticket,Closed,,,,,,,,,
1992.0,Assign seriousness,Take in charge ticket,Resolve ticket,Closed,,,,,,,,,,,
1993.0,Assign seriousness,Take in charge ticket,Resolve ticket,Take in charge ticket,Wait,Take in charge ticket,Resolve ticket,Closed,,,,,,,
1994.0,Assign seriousness,Take in charge ticket,Resolve ticket,Resolve ticket,Closed,,,,,,,,,,
1995.0,Assign seriousness,Take in charge ticket,Resolve ticket,Closed,,,,,,,,,,,
1996.0,Assign seriousness,Take in charge ticket,Resolve ticket,Closed,,,,,,,,,,,
1997.0,Assign seriousness,Take in charge ticket,Require upgrade,Resolve ticket,Resolve ticket,Closed,,,,,,,,,
1998.0,Assign seriousness,Take in charge ticket,Resolve ticket,Closed,,,,,,,,,,,
1999.0,Assign seriousness,Take in charge ticket,Resolve ticket,Closed,,,,,,,,,,,
2000.0,Assign seriousness,Take in charge ticket,Resolve ticket,Take in charge ticket,Wait,Take in charge ticket,,Take in charge ticket,Wait,Resolve ticket,Closed,,,,
2001.0,Assign seriousness,Assign seriousness,Take in charge ticket,Resolve ticket,Closed,,,,,,,,,,
2002.0,Assign seriousness,Take in charge ticket,Resolve ticket,Closed,,,,,,,,,,,
2003.0,Assign seriousness,Take in charge ticket,Resolve ticket,Closed,,,,,,,,,,,
2004.0,Assign seriousness,Take in charge ticket,Wait,Resolve ticket,Closed,,,,,,,,,,
2005.0,Assign seriousness,Take in charge ticket,Resolve ticket,Closed,,,,,,,,,,,
2006.0,Assign seriousness,Take in charge ticket,Resolve ticket,Closed,,,,,,,,,,,
2007.0,Assign seriousness,Take in charge ticket,Resolve ticket,Closed,,,,,,,,,,,
2008.0,Assign seriousness,Take in charge ticket,Wait,Take in charge ticket,Resolve ticket,Closed,,,,,,,,,
2009.0,Assign seriousness,Take in charge ticket,Wait,Take in charge ticket,Resolve ticket,Closed,,,,,,,,,
2010.0,Assign seriousness,Take in charge ticket,Resolve ticket,Closed,,,,,,,,,,,
2011.0,Assign seriousness,Take in charge ticket,Wait,Resolve ticket,Closed,,,,,,,,,,
2012.0,Assign seriousness,Assign seriousness,Assign seriousness,Wait,Resolve ticket,Closed,,,,,,,,,
2013.0,Assign seriousness,Resolve ticket,Resolve ticket,Closed,,,,,,,,,,,
2014.0,Assign seriousness,Take in charge ticket,Wait,Resolve ticket,Closed,,,,,,,,,,
2015.0,Assign seriousness,Take in charge ticket,Resolve ticket,,Closed,,,,,,,,,,
2016.0,Assign seriousness,Take in charge ticket,Resolve ticket,Closed,,,,,,,,,,,
2017.0,Assign seriousness,Take in charge ticket,Wait,Resolve ticket,Closed,,,,,,,,,,
2018.0,Assign seriousness,Take in charge ticket,Resolve ticket,Closed,,,,,,,,,,,
2019.0,Assign seriousness,Take in charge ticket,Resolve ticket,Closed,,,,,,,,,,,
2020.0,Assign seriousness,Take in charge ticket,Resolve ticket,Closed,,,,,,,,,,,
2021.0,Assign seriousness,Take in charge ticket,Resolve ticket,Closed,,,,,,,,,,,
2022.0,Assign seriousness,Take in charge ticket,Resolve ticket,Closed,,,,,,,,,,,
2023.0,Assign seriousness,Wait,Take in charge ticket,Resolve ticket,Closed,,,,,,,,,,
2024.0,Assign seriousness,Take in charge ticket,Resolve ticket,Closed,,,,,,,,,,,
2025.0,Assign seriousness,Take in charge ticket,Create SW anomaly,Require upgrade,Resolve ticket,Closed,,,,,,,,,
2026.0,Assign seriousness,Take in charge ticket,Wait,Resolve ticket,Closed,,,,,,,,,,
2027.0,Assign seriousness,Resolve ticket,Closed,,,,,,,,,,,,
2028.0,Assign seriousness,Take in charge ticket,,Closed,,,,,,,,,,,
2029.0,Assign seriousness,Take in charge ticket,Resolve ticket,Closed,,,,,,,,,,,
2030.0,Assign seriousness,Take in charge ticket,Wait,Resolve ticket,Closed,,,,,,,,,,
2031.0,Assign seriousness,Take in charge ticket,Wait,Resolve ticket,Closed,,,,,,,,,,
2032.0,Assign seriousness,Take in charge ticket,Resolve ticket,,,,,,,,,,,,
2033.0,Assign seriousness,Take in charge ticket,Resolve ticket,Closed,,,,,,,,,,,
2034.0,Assign seriousness,Resolve ticket,Closed,,,,,,,,,,,,
2035.0,Assign seriousness,Take in charge ticket,Resolve ticket,Closed,,,,,,,,,,,
2036.0,Assign seriousness,Take in charge ticket,Resolve ticket,Closed,,,,,,,,,,,
2037.0,Assign seriousness,Take in charge ticket,Resolve ticket,Closed,,,,,,,,,,,
2038.0,Assign seriousness,Take in charge ticket,Wait,Take in charge ticket,Resolve ticket,Closed,,,,,,,,,
2039.0,Assign seriousness,Resolve ticket,Closed,,,,,,,,,,,,
2040.0,Assign seriousness,Take in charge ticket,Wait,Resolve ticket,Closed,,,,,,,,,,
2041.0,Assign seriousness,Wait,Take in charge ticket,Wait,Take in charge ticket,Resolve ticket,Closed,,,,,,,,
2042.0,Assign seriousness,,Resolve ticket,Closed,,,,,,,,,,,
2043.0,Insert ticket,Assign seriousness,Take in charge ticket,Wait,Take in charge ticket,Wait,Take in charge ticket,Resolve ticket,Closed,,,,,,
2044.0,Assign seriousness,Take in charge ticket,Resolve ticket,Take in charge ticket,Resolve ticket,Closed,,,,,,,,,
2045.0,Insert ticket,Assign seriousness,Take in charge ticket,Resolve ticket,Closed,,,,,,,,,,
2046.0,Assign seriousness,Take in charge ticket,Resolve ticket,Closed,,,,,,,,,,,
2047.0,Assign seriousness,Take in charge ticket,Resolve ticket,Closed,,,,,,,,,,,
2048.0,Assign seriousness,Take in charge ticket,Resolve ticket,Closed,,,,,,,,,,,
2049.0,Assign seriousness,Take in charge ticket,Wait,Resolve ticket,Closed,,,,,,,,,,
2050.0,Assign seriousness,Take in charge ticket,Resolve ticket,Closed,,,,,,,,,,,
2051.0,Assign seriousness,Take in charge ticket,Resolve ticket,Closed,,,,,,,,,,,
2052.0,Assign seriousness,Take in charge ticket,Wait,Resolve ticket,Closed,,,,,,,,,,
2053.0,Assign seriousness,Take in charge ticket,Resolve ticket,Closed,,,,,,,,,,,
2054.0,Assign seriousness,Take in charge ticket,Resolve ticket,Closed,,,,,,,,,,,
2055.0,Assign seriousness,Take in charge ticket,Resolve ticket,Closed,,,,,,,,,,,
2056.0,Assign seriousness,Resolve ticket,Closed,,,,,,,,,,,,
2057.0,Assign seriousness,Take in charge ticket,Wait,Take in charge ticket,Resolve ticket,Closed,,,,,,,,,
2058.0,Assign seriousness,Take in charge ticket,Resolve ticket,Closed,,,,,,,,,,,
2059.0,Assign seriousness,Take in charge ticket,Resolve ticket,Closed,,,,,,,,,,,
2060.0,Assign seriousness,Take in charge ticket,Wait,Resolve ticket,Closed,,,,,,,,,,
2061.0,Assign seriousness,Take in charge ticket,Wait,Take in charge ticket,Wait,Resolve ticket,Closed,,,,,,,,
2062.0,Insert ticket,Assign seriousness,Take in charge ticket,Resolve ticket,Closed,,,,,,,,,,
2063.0,Assign seriousness,Take in charge ticket,Wait,Resolve ticket,Closed,,,,,,,,,,
2064.0,Assign seriousness,Take in charge ticket,Resolve ticket,Closed,,,,,,,,,,,
2065.0,Assign seriousness,Take in charge ticket,Resolve ticket,Closed,,,,,,,,,,,
2066.0,Assign seriousness,Take in charge ticket,Resolve ticket,Closed,,,,,,,,,,,
2067.0,Assign seriousness,Take in charge ticket,Resolve ticket,Closed,,,,,,,,,,,
2068.0,Assign seriousness,Wait,Take in charge ticket,Resolve ticket,Closed,,,,,,,,,,
2069.0,Assign seriousness,Wait,Wait,Resolve ticket,Closed,,,,,,,,,,
2070.0,Assign seriousness,Take in charge ticket,Take in charge ticket,Resolve ticket,Closed,,,,,,,,,,
2071.0,Assign seriousness,Take in charge ticket,Require upgrade,Resolve ticket,Closed,,,,,,,,,,
2072.0,Assign seriousness,Take in charge ticket,Wait,Take in charge ticket,Resolve ticket,Take in charge ticket,Wait,Take in charge ticket,Resolve ticket,Closed,,,,,
2073.0,Assign seriousness,Take in charge ticket,Resolve ticket,Closed,,,,,,,,,,,
2074.0,Assign seriousness,Take in charge ticket,Resolve ticket,Closed,,,,,,,,,,,
2075.0,Assign seriousness,Take in charge ticket,Resolve ticket,Resolve ticket,Closed,,,,,,,,,,
2076.0,Assign seriousness,Assign seriousness,Take in charge ticket,Resolve ticket,Closed,,,,,,,,,,
2077.0,Assign seriousness,Take in charge ticket,Wait,,Wait,Resolve ticket,Closed,,,,,,,,
2078.0,Assign seriousness,Take in charge ticket,Create SW anomaly,Resolve ticket,Closed,,,,,,,,,,
2079.0,Assign seriousness,Assign seriousness,Take in charge ticket,Resolve ticket,Closed,,,,,,,,,,
2080.0,Take in charge ticket,Wait,Resolve ticket,,,,,,,,,,,,
2081.0,Assign seriousness,Take in charge ticket,Wait,Resolve ticket,Closed,,,,,,,,,,
2082.0,Assign seriousness,Take in charge ticket,Wait,Resolve ticket,Closed,,,,,,,,,,
2083.0,Assign seriousness,Take in charge ticket,Resolve ticket,Closed,,,,,,,,,,,
2084.0,Assign seriousness,Take in charge ticket,Resolve ticket,Closed,,,,,,,,,,,
2085.0,Assign seriousness,Take in charge ticket,Resolve ticket,Closed,,,,,,,,,,,
2086.0,Assign seriousness,Take in charge ticket,Resolve ticket,Closed,,,,,,,,,,,
2087.0,Assign seriousness,Take in charge ticket,Resolve ticket,Closed,,,,,,,,,,,
,Assign seriousness,Take in charge ticket,Wait,Wait,Wait,Wait,Resolve ticket,Closed,,,,,,,
2089.0,Assign seriousness,Take in charge ticket,Resolve ticket,Closed,,,,,,,,,,,
2090.0,Assign seriousness,Take in charge ticket,Resolve ticket,Closed,,,,,,,,,,,
2091.0,Assign seriousness,Take in charge ticket,Resolve ticket,Closed,,,,,,,,,,,
2092.0,Assign seriousness,Assign seriousness,Take in charge ticket,Wait,Take in charge ticket,Resolve ticket,Closed,,,,,,,,
2093.0,Assign seriousness,Take in charge ticket,Wait,Resolve ticket,Closed,,,,,,,,,,
2094.0,Assign seriousness,Take in charge ticket,Require upgrade,Resolve ticket,Closed,,,,,,,,,,
2095.0,Assign seriousness,Take in charge ticket,Wait,Resolve ticket,Closed,,,,,,,,,,
2096.0,Insert ticket,Assign seriousness,Take in charge ticket,Resolve ticket,Closed,,,,,,,,,,
2097.0,Assign seriousness,Assign seriousness,Take in charge ticket,Resolve ticket,Closed,,,,,,,,,,
2098.0,Assign seriousness,Take in charge ticket,Resolve ticket,Closed,,,,,,,,,,,
2099.0,Assign seriousness,Resolve ticket,Resolve ticket,Closed,,,,,,,,,,,
2100.0,Assign seriousness,Assign seriousness,Take in charge ticket,Resolve ticket,Closed,,,,,,,,,,
2101.0,Assign seriousness,Take in charge ticket,Take in charge ticket,Resolve ticket,Closed,,,,,,,,,,
2102.0,Assign seriousness,Take in charge ticket,Wait,Resolve ticket,Closed,,,,,,,,,,
2103.0,Assign seriousness,Take in charge ticket,Resolve ticket,Resolve ticket,Closed,,,,,,,,,,
2104.0,Assign seriousness,Take in charge ticket,Create SW anomaly,Resolve ticket,Closed,,,,,,,,,,
2105.0,Assign seriousness,Take in charge ticket,Resolve ticket,Closed,,,,,,,,,,,
2106.0,Assign seriousness,Take in charge ticket,Resolve ticket,Closed,,,,,,,,,,,
2107.0,Assign seriousness,Wait,Wait,Resolve ticket,Take in charge ticket,Resolve ticket,Resolve ticket,Closed,,,,,,,
2108.0,Assign seriousness,Take in charge ticket,Resolve ticket,Closed,,,,,,,,,,,
2109.0,Assign seriousness,Take in charge ticket,Wait,Take in charge ticket,Resolve ticket,Closed,,,,,,,,,
2110.0,Assign seriousness,Take in charge ticket,Take in charge ticket,Resolve ticket,Closed,,,,,,,,,,
2111.0,Assign seriousness,Take in charge ticket,Resolve ticket,Closed,,,,,,,,,,,
2112.0,Assign seriousness,Take in charge ticket,Resolve ticket,Closed,,,,,,,,,,,
2113.0,Assign seriousness,Assign seriousness,Take in charge ticket,Resolve ticket,Resolve ticket,Closed,,,,,,,,,
2114.0,Assign seriousness,Resolve ticket,Closed,,,,,,,,,,,,
,Assign seriousness,Take in charge ticket,Wait,Resolve ticket,Closed,,,,,,,,,,
2116.0,Assign seriousness,Take in charge ticket,Resolve ticket,Closed,,,,,,,,,,,
2117.0,Assign seriousness,Take in charge ticket,Resolve ticket,Resolve ticket,Closed,,,,,,,,,,
2118.0,Assign seriousness,Take in charge ticket,,Resolve ticket,Closed,,,,,,,,,,
2119.0,Assign seriousness,Take in charge ticket,Resolve ticket,Closed,,,,,,,,,,,
2120.0,Assign seriousness,Take in charge ticket,Resolve ticket,Closed,,,,,,,,,,,
2121.0,Assign seriousness,Take in charge ticket,Wait,Take in charge ticket,Resolve ticket,Closed,,,,,,,,,
2122.0,Assign seriousness,Take in charge ticket,Resolve ticket,Closed,,,,,,,,,,,
2123.0,Assign seriousness,Wait,Take in charge ticket,Resolve ticket,Closed,,,,,,,,,,
2124.0,Assign seriousness,Take in charge ticket,Wait,Resolve ticket,Closed,,,,,,,,,,
2125.0,Assign seriousness,Assign seriousness,Take in charge ticket,Resolve ticket,Closed,,,,,,,,,,
2126.0,Insert ticket,Assign seriousness,Take in charge ticket,Resolve ticket,Closed,,,,,,,,,,
2127.0,Assign seriousness,Take in charge ticket,,Closed,,,,,,,,,,,
2128.0,Assign seriousness,Take in charge ticket,Require upgrade,Take in charge ticket,Wait,Resolve ticket,Closed,,,,,,,,
2129.0,Assign seriousness,Take in charge ticket,Resolve ticket,Closed,,,,,,,,,,,
2130.0,Assign seriousness,Take in charge ticket,Resolve ticket,Closed,,,,,,,,,,,
2131.0,Assign seriousness,Take in charge ticket,Resolve ticket,Closed,,,,,,,,,,,
2132.0,Assign seriousness,Take in charge ticket,Require upgrade,Resolve ticket,Closed,,,,,,,,,,
2133.0,Assign seriousness,Take in charge ticket,Resolve ticket,Closed,,,,,,,,,,,
2134.0,Assign seriousness,Take in charge ticket,Wait,Take in charge ticket,Wait,,Resolve ticket,Closed,,,,,,,
2135.0,Assign seriousness,Take in charge ticket,Resolve ticket,Closed,,,,,,,,,,,
2136.0,Assign seriousness,Take in charge ticket,Wait,Take in charge ticket,Resolve ticket,Closed,,,,,,,,,
2137.0,Assign seriousness,Take in charge ticket,Resolve ticket,Resolve ticket,Closed,,,,,,,,,,
2138.0,Assign seriousness,Take in charge ticket,Resolve ticket,Take in charge ticket,Resolve ticket,Closed,,,,,,,,,
2139.0,Assign seriousness,Take in charge ticket,Resolve ticket,Closed,,,,,,,,,,,
2140.0,Assign seriousness,Take in charge ticket,Resolve ticket,Closed,,,,,,,,,,,
2141.0,Assign seriousness,Take in charge ticket,Wait,Resolve ticket,Closed,,,,,,,,,,
2142.0,Insert ticket,Assign seriousness,Take in charge ticket,Resolve ticket,Closed,,,,,,,,,,
2143.0,Assign seriousness,Resolve ticket,Resolve ticket,Closed,,,,,,,,,,,
2144.0,Assign seriousness,Take in charge ticket,Resolve ticket,Closed,,,,,,,,,,,
2145.0,Assign seriousness,Take in charge ticket,Resolve ticket,Closed,,,,,,,,,,,
2146.0,Assign seriousness,Resolve ticket,Resolve ticket,Closed,,,,,,,,,,,
2147.0,Assign seriousness,Take in charge ticket,Resolve ticket,,,,,,,,,,,,
2148.0,Insert ticket,Assign seriousness,Assign seriousness,Assign seriousness,Take in charge ticket,Resolve ticket,Closed,,,,,,,,
2149.0,Assign seriousness,Take in charge ticket,Resolve ticket,Closed,,,,,,,,,,,
2150.0,Assign seriousness,Assign seriousness,Take in charge ticket,Resolve ticket,Closed,,,,,,,,,,
2151.0,Assign seriousness,Wait,Wait,Take in charge ticket,Resolve ticket,Closed,,,,,,,,,
2152.0,Assign seriousness,Take in charge ticket,Wait,Resolve ticket,Closed,,,,,,,,,,
2153.0,Assign seriousness,Take in charge ticket,Resolve ticket,Closed,,,,,,,,,,,
2154.0,Assign seriousness,Take in charge ticket,Resolve ticket,Closed,,,,,,,,,,,
2155.0,Assign seriousness,Take in charge ticket,Resolve ticket,Closed,,,,,,,,,,,
2156.0,Assign seriousness,Take in charge ticket,Resolve ticket,Closed,,,,,,,,,,,
2157.0,Assign seriousness,Take in charge ticket,Wait,Wait,Resolve ticket,Closed,,,,,,,,,
2158.0,Assign seriousness,Take in charge ticket,Resolve ticket,,,,,,,,,,,,
2159.0,Assign seriousness,Take in charge ticket,Wait,Resolve ticket,Closed,,,,,,,,,,
2160.0,Assign seriousness,Take in charge ticket,Resolve ticket,Closed,,,,,,,,,,,
2161.0,Assign seriousness,Take in charge ticket,Resolve ticket,Closed,,,,,,,,,,,
2162.0,Assign seriousness,Take in charge ticket,Wait,Take in charge ticket,Resolve ticket,Closed,,,,,,,,,
2163.0,Assign seriousness,Take in charge ticket,Resolve ticket,Closed,,,,,,,,,,,
2164.0,Assign seriousness,Take in charge ticket,Resolve ticket,Closed,,,,,,,,,,,
2165.0,Assign seriousness,Take in charge ticket,Resolve ticket,Closed,,,,,,,,,,,
2166.0,Assign seriousness,Wait,Wait,Resolve ticket,Closed,,,,,,,,,,
2167.0,Assign seriousness,Resolve ticket,Closed,,,,,,,,,,,,
2168.0,Assign seriousness,Take in charge ticket,Resolve ticket,Closed,,,,,,,,,,,
2169.0,Assign seriousness,Take in charge ticket,Resolve ticket,Closed,,,,,,,,,,,
2170.0,Assign seriousness,Take in charge ticket,Resolve ticket,Closed,,,,,,,,,,,
2171.0,Assign seriousness,Take in charge ticket,Resolve ticket,Closed,,,,,,,,,,,
2172.0,Assign seriousness,Take in charge ticket,Wait,Resolve ticket,Closed,,,,,,,,,,
2173.0,Assign seriousness,Take in charge ticket,Resolve ticket,Take in charge ticket,Wait,Take in charge ticket,Resolve ticket,Closed,,,,,,,
2174.0,Assign seriousness,Take in charge ticket,Resolve ticket,Closed,,,,,,,,,,,
2175.0,Assign seriousness,Take in charge ticket,Resolve ticket,Closed,,,,,,,,,,,
2176.0,Assign seriousness,Take in charge ticket,Resolve ticket,Closed,,,,,,,,,,,
2177.0,Assign seriousness,Take in charge ticket,Resolve ticket,Closed,,,,,,,,,,,
2178.0,Assign seriousness,Take in charge ticket,Resolve ticket,Closed,,,,,,,,,,,
2179.0,Assign seriousness,Take in charge ticket,Resolve ticket,Closed,,,,,,,,,,,
2180.0,Assign seriousness,Take in charge ticket,Wait,Resolve ticket,Closed,,,,,,,,,,
2181.0,Assign seriousness,Take in charge ticket,Resolve ticket,Closed,,,,,,,,,,,
2182.0,Assign seriousness,Take in charge ticket,Resolve ticket,Closed,,,,,,,,,,,
2183.0,Assign seriousness,Resolve ticket,Closed,,,,,,,,,,,,
2184.0,Assign seriousness,Take in charge ticket,Resolve ticket,Closed,,,,,,,,,,,
2185.0,Assign seriousness,Take in charge ticket,Resolve ticket,Closed,,,,,,,,,,,
2186.0,Assign seriousness,Take in charge ticket,Wait,Resolve ticket,Closed,,,,,,,,,,
2187.0,Assign seriousness,Take in charge ticket,Resolve ticket,Closed,,,,,,,,,,,
2188.0,Assign seriousness,Take in charge ticket,Wait,Take in charge ticket,Resolve ticket,Closed,,,,,,,,,
2189.0,Assign seriousness,Take in charge ticket,Resolve ticket,Closed,,,,,,,,,,,
2190.0,Assign seriousness,Take in charge ticket,Resolve ticket,,,,,,,,,,,,
2191.0,Assign seriousness,Take in charge ticket,Resolve ticket,Closed,,,,,,,,,,,
2192.0,Assign seriousness,Take in charge ticket,Resolve ticket,Closed,,,,,,,,,,,
2193.0,Assign seriousness,Take in charge ticket,Resolve ticket,Closed,,,,,,,,,,,
2194.0,Assign seriousness,Take in charge ticket,Resolve ticket,Closed,,,,,,,,,,,
2195.0,Assign seriousness,Assign seriousness,,Take in charge ticket,Resolve ticket,Closed,,,,,,,,,
2196.0,Assign seriousness,Take in charge ticket,Wait,Take in charge ticket,Resolve ticket,Closed,,,,,,,,,
2197.0,Assign seriousness,Take in charge ticket,Resolve ticket,Closed,,,,,,,,,,,
2198.0,Assign seriousness,Take in charge ticket,,Take in charge ticket,Resolve ticket,Closed,,,,,,,,,
2199.0,Assign seriousness,Take in charge ticket,Resolve ticket,Closed,,,,,,,,,,,
2200.0,Assign seriousness,Take in charge ticket,Wait,Resolve ticket,Closed,,,,,,,,,,
2201.0,Assign seriousness,Resolve ticket,Closed,,,,,,,,,,,,
2202.0,Assign seriousness,Take in charge ticket,Wait,Take in charge ticket,Resolve ticket,Closed,,,,,,,,,
2203.0,Assign seriousness,Take in charge ticket,Resolve ticket,Closed,,,,,,,,,,,
2204.0,Assign seriousness,Take in charge ticket,Resolve ticket,Closed,,,,,,,,,,,
2205.0,Assign seriousness,Take in charge ticket,Wait,Resolve ticket,Closed,,,,,,,,,,
2206.0,Assign seriousness,Take in charge ticket,Wait,Resolve ticket,Closed,,,,,,,,,,
2207.0,Assign seriousness,Take in charge ticket,Resolve ticket,Closed,,,,,,,,,,,
2208.0,Assign seriousness,Take in charge ticket,Wait,Take in charge ticket,Resolve ticket,,,,,,,,,,
2209.0,Assign seriousness,Take in charge ticket,Resolve ticket,Closed,,,,,,,,,,,
2210.0,Assign seriousness,Take in charge ticket,Resolve ticket,Take in charge ticket,Resolve ticket,Closed,,,,,,,,,
,Assign seriousness,Take in charge ticket,Resolve ticket,Closed,,,,,,,,,,,
2212.0,Assign seriousness,Take in charge ticket,Resolve ticket,Closed,,,,,,,,,,,
2213.0,Assign seriousness,Take in charge ticket,Resolve ticket,Closed,,,,,,,,,,,
2214.0,Assign seriousness,Assign seriousness,Take in charge ticket,Resolve ticket,Closed,,,,,,,,,,
2215.0,Assign seriousness,Take in charge ticket,Resolve ticket,Closed,,,,,,,,,,,
2216.0,Assign seriousness,Resolve ticket,Resolve ticket,Closed,,,,,,,,,,,
2217.0,Assign seriousness,Take in charge ticket,Resolve ticket,Closed,,,,,,,,,,,
2218.0,Assign seriousness,Wait,Resolve ticket,Closed,,,,,,,,,,,
2219.0,Assign seriousness,Take in charge ticket,Resolve ticket,Closed,,,,,,,,,,,
2220.0,Assign seriousness,Take in charge ticket,Resolve ticket,Take in charge ticket,Resolve ticket,Closed,,,,,,,,,
2221.0,Assign seriousness,Resolve ticket,Closed,,,,,,,,,,,,
2222.0,Assign seriousness,Take in charge ticket,Resolve ticket,Closed,,,,,,,,,,,
2223.0,Assign seriousness,Take in charge ticket,Resolve ticket,Closed,,,,,,,,,,,
2224.0,Assign seriousness,Take in charge ticket,Resolve ticket,Closed,,,,,,,,,,,
2225.0,Assign seriousness,Take in charge ticket,Wait,Resolve ticket,Closed,,,,,,,,,,
2226.0,Assign seriousness,Resolve ticket,Resolve ticket,Closed,,,,,,,,,,,
2227.0,Assign seriousness,Resolve ticket,Resolve ticket,Closed,,,,,,,,,,,
2228.0,Assign seriousness,Take in charge ticket,Resolve ticket,Resolve ticket,Take in charge ticket,Wait,Resolve ticket,Closed,,,,,,,
2229.0,Assign seriousness,Take in charge ticket,Resolve ticket,Closed,,,,,,,,,,,
2230.0,Assign seriousness,Take in charge ticket,Wait,Resolve ticket,Closed,,,,,,,,,,
2231.0,Assign seriousness,Take in charge ticket,Resolve ticket,Closed,,,,,,,,,,,
2232.0,Assign seriousness,,Resolve ticket,Closed,,,,,,,,,,,
2233.0,Assign seriousness,Take in charge ticket,Wait,Resolve ticket,Closed,,,,,,,,,,
2234.0,Assign seriousness,Take in charge ticket,Wait,Resolve ticket,Closed,,,,,,,,,,
2235.0,Assign seriousness,Take in charge ticket,Resolve ticket,Closed,,,,,,,,,,,
2236.0,Assign seriousness,Take in charge ticket,Resolve ticket,Closed,,,,,,,,,,,
2237.0,Assign seriousness,Take in charge ticket,Resolve ticket,Resolve ticket,Closed,,,,,,,,,,
2238.0,Insert ticket,Assign seriousness,Take in charge ticket,Resolve ticket,Take in charge ticket,Wait,Take in charge ticket,Resolve ticket,Closed,,,,,,
2239.0,Assign seriousness,Wait,Resolve ticket,Closed,,,,,,,,,,,
2240.0,Assign seriousness,Take in charge ticket,Resolve ticket,Closed,,,,,,,,,,,
2241.0,Assign seriousness,Take in charge ticket,Resolve ticket,Closed,,,,,,,,,,,
2242.0,Take in charge ticket,Wait,Resolve ticket,Closed,,,,,,,,,,,
2243.0,Assign seriousness,Take in charge ticket,Resolve ticket,Closed,,,,,,,,,,,
2244.0,Assign seriousness,Take in charge ticket,Resolve ticket,Closed,,,,,,,,,,,
2245.0,Assign seriousness,Resolve ticket,Closed,,,,,,,,,,,,
2246.0,Assign seriousness,Take in charge ticket,Resolve ticket,Closed,,,,,,,,,,,
2247.0,Assign seriousness,Take in charge ticket,Resolve ticket,Closed,,,,,,,,,,,
2248.0,Insert ticket,Assign seriousness,Take in charge ticket,Resolve ticket,Closed,,,,,,,,,,
2249.0,Assign seriousness,Take in charge ticket,Resolve ticket,Closed,,,,,,,,,,,
2250.0,Assign seriousness,Take in charge ticket,Resolve ticket,Closed,,,,,,,,,,,
2251.0,Assign seriousness,Take in charge ticket,Resolve ticket,Closed,,,,,,,,,,,
2252.0,Assign seriousness,Assign seriousness,Take in charge ticket,Resolve ticket,Closed,,,,,,,,,,
2253.0,Assign seriousness,Take in charge ticket,Resolve ticket,Closed,,,,,,,,,,,
2254.0,Assign seriousness,Assign seriousness,Assign seriousness,Take in charge ticket,Resolve ticket,Closed,,,,,,,,,
2255.0,Assign seriousness,Take in charge ticket,Resolve ticket,Closed,,,,,,,,,,,
2256.0,Assign seriousness,,Wait,Resolve ticket,Closed,,,,,,,,,,
2257.0,Assign seriousness,Take in charge ticket,Resolve ticket,Closed,,,,,,,,,,,
2258.0,Assign seriousness,Take in charge ticket,Wait,Take in charge ticket,Resolve ticket,Closed,,,,,,,,,
2259.0,Assign seriousness,Resolve ticket,Closed,,,,,,,,,,,,
2260.0,Assign seriousness,Take in charge ticket,Wait,Take in charge ticket,Resolve ticket,Closed,,,,,,,,,
2261.0,Assign seriousness,Assign seriousness,Take in charge ticket,Resolve ticket,Closed,,,,,,,,,,
2262.0,Assign seriousness,Take in charge ticket,Resolve ticket,Closed,,,,,,,,,,,
2263.0,Assign seriousness,Take in charge ticket,Resolve ticket,Closed,,,,,,,,,,,
2264.0,Assign seriousness,Take in charge ticket,Resolve ticket,Closed,,,,,,,,,,,
2265.0,Assign seriousness,Resolve ticket,Closed,,,,,,,,,,,,
2266.0,Assign seriousness,Take in charge ticket,Resolve ticket,Closed,,,,,,,,,,,
2267.0,Assign seriousness,Assign seriousness,Resolve ticket,Closed,,,,,,,,,,,
2268.0,Assign seriousness,Take in charge ticket,Wait,Resolve ticket,Closed,,,,,,,,,,
2269.0,Assign seriousness,Take in charge ticket,Resolve ticket,Closed,,,,,,,,,,,
2270.0,Assign seriousness,Assign seriousness,Assign seriousness,Assign seriousness,Take in charge ticket,Wait,Take in charge ticket,Resolve ticket,Closed,,,,,,
2271.0,Assign seriousness,Take in charge ticket,Resolve ticket,Closed,,,,,,,,,,,
,Assign seriousness,Take in charge ticket,Resolve ticket,Closed,,,,,,,,,,,
2273.0,Assign seriousness,Assign seriousness,Take in charge ticket,Resolve ticket,Closed,,,,,,,,,,
2274.0,Assign seriousness,Wait,Take in charge ticket,Wait,Resolve ticket,Closed,,,,,,,,,
2275.0,Assign seriousness,Take in charge ticket,Resolve ticket,Closed,,,,,,,,,,,
2276.0,Assign seriousness,Take in charge ticket,Wait,Take in charge ticket,Wait,Resolve ticket,Closed,,,,,,,,
2277.0,Assign seriousness,Take in charge ticket,Take in charge ticket,Resolve ticket,Closed,,,,,,,,,,
2278.0,Assign seriousness,Take in charge ticket,Resolve ticket,Closed,,,,,,,,,,,
2279.0,Assign seriousness,Take in charge ticket,Wait,Resolve ticket,Closed,,,,,,,,,,
2280.0,Assign seriousness,Take in charge ticket,Resolve ticket,Closed,,,,,,,,,,,
2281.0,Assign seriousness,Take in charge ticket,Wait,Take in charge ticket,Resolve ticket,Closed,,,,,,,,,
2282.0,Assign seriousness,Take in charge ticket,Resolve ticket,Resolve ticket,Closed,,,,,,,,,,
,Assign seriousness,Take in charge ticket,Wait,Resolve ticket,Closed,,,,,,,,,,
2284.0,Assign seriousness,Take in charge ticket,Wait,Take in charge ticket,Wait,Take in charge ticket,Resolve ticket,Closed,,,,,,,
2285.0,Assign seriousness,Take in charge ticket,Resolve ticket,Closed,,,,,,,,,,,
2286.0,Insert ticket,Assign seriousness,Take in charge ticket,Resolve ticket,Closed,,,,,,,,,,
2287.0,Assign seriousness,Take in charge ticket,Resolve ticket,Closed,,,,,,,,,,,
2288.0,Assign seriousness,Take in charge ticket,Resolve ticket,Closed,,,,,,,,,,,
2289.0,Assign seriousness,Take in charge ticket,Resolve ticket,Take in charge ticket,Resolve ticket,Closed,,,,,,,,,
2290.0,Assign seriousness,Take in charge ticket,Wait,Resolve ticket,Closed,,,,,,,,,,
2291.0,Assign seriousness,Take in charge ticket,Resolve ticket,Closed,,,,,,,,,,,
2292.0,Assign seriousness,Take in charge ticket,Wait,Take in charge ticket,Wait,Resolve ticket,Closed,,,,,,,,
2293.0,Assign seriousness,Take in charge ticket,Resolve ticket,Closed,,,,,,,,,,,
2294.0,Assign seriousness,Take in charge ticket,Wait,Resolve ticket,Closed,,,,,,,,,,
2295.0,Assign seriousness,Take in charge ticket,,Closed,,,,,,,,,,,
2296.0,Assign seriousness,Take in charge ticket,Wait,Resolve ticket,Closed,,,,,,,,,,
2297.0,Assign seriousness,Assign seriousness,Take in charge ticket,Resolve ticket,Closed,,,,,,,,,,
2298.0,Assign seriousness,Take in charge ticket,Wait,Take in charge ticket,Resolve ticket,Closed,,,,,,,,,
2299.0,Assign seriousness,Take in charge ticket,Wait,Take in charge ticket,Resolve ticket,Closed,,,,,,,,,
2300.0,Assign seriousness,Take in charge ticket,Resolve ticket,Closed,,,,,,,,,,,
2301.0,Assign seriousness,Take in charge ticket,Resolve ticket,Closed,,,,,,,,,,,
2302.0,Assign seriousness,Take in charge ticket,Resolve ticket,Closed,,,,,,,,,,,
2303.0,Assign seriousness,Take in charge ticket,Resolve ticket,Closed,,,,,,,,,,,
2304.0,Assign seriousness,Assign seriousness,Take in charge ticket,Resolve ticket,Closed,,,,,,,,,,
2305.0,Assign seriousness,Take in charge ticket,Resolve ticket,Closed,,,,,,,,,,,
2306.0,Assign seriousness,Take in charge ticket,Wait,Wait,Wait,Resolve ticket,Closed,,,,,,,,
2307.0,Assign seriousness,Take in charge ticket,Wait,Take in charge ticket,Resolve ticket,Closed,,,,,,,,,
2308.0,Assign seriousness,Take in charge ticket,Resolve ticket,Closed,,,,,,,,,,,
2309.0,Assign seriousness,Take in charge ticket,Resolve ticket,Closed,,,,,,,,,,,
2310.0,Assign seriousness,Take in charge ticket,Resolve ticket,Closed,,,,,,,,,,,
2311.0,Assign seriousness,Take in charge ticket,Resolve ticket,Closed,,,,,,,,,,,
2312.0,Assign seriousness,Take in charge ticket,Resolve ticket,Closed,,,,,,,,,,,
2313.0,Assign seriousness,Take in charge ticket,Resolve ticket,Closed,,,,,,,,,,,
2314.0,Assign seriousness,Take in charge ticket,Wait,Resolve ticket,Closed,,,,,,,,,,
2315.0,Assign seriousness,Take in charge ticket,Take in charge ticket,Resolve ticket,Closed,,,,,,,,,,
2316.0,Assign seriousness,Take in charge ticket,Resolve ticket,Closed,,,,,,,,,,,
,Assign seriousness,Take in charge ticket,Resolve ticket,Closed,,,,,,,,,,,
2318.0,Assign seriousness,Take in charge ticket,Resolve ticket,Closed,,,,,,,,,,,
2319.0,Assign seriousness,Assign seriousness,Take in charge ticket,Wait,Take in charge ticket,Resolve ticket,Closed,,,,,,,,
2320.0,Assign seriousness,Take in charge ticket,Resolve ticket,Closed,,,,,,,,,,,
2321.0,Assign seriousness,Take in charge ticket,Take in charge ticket,Take in charge ticket,Resolve ticket,Closed,,,,,,,,,
2322.0,Assign seriousness,Take in charge ticket,Resolve ticket,Closed,,,,,,,,,,,
2323.0,Assign seriousness,Take in charge ticket,Wait,Resolve ticket,Closed,,,,,,,,,,
2324.0,Assign seriousness,Take in charge ticket,Create SW anomaly,Resolve ticket,Closed,,,,,,,,,,
2325.0,Assign seriousness,Assign seriousness,Take in charge ticket,Wait,Take in charge ticket,Resolve ticket,Closed,,,,,,,,
2326.0,Assign seriousness,Take in charge ticket,Resolve ticket,Take in charge ticket,Wait,Take in charge ticket,Resolve ticket,Closed,,,,,,,
2327.0,Assign seriousness,Take in charge ticket,Resolve ticket,Closed,,,,,,,,,,,
2328.0,Assign seriousness,Take in charge ticket,Resolve ticket,Closed,,,,,,,,,,,
2329.0,Assign seriousness,Take in charge ticket,Wait,Wait,Wait,Take in charge ticket,Resolve ticket,Closed,,,,,,,
2330.0,Assign seriousness,Take in charge ticket,Wait,Wait,Resolve ticket,Closed,,,,,,,,,
2331.0,Assign seriousness,Take in charge ticket,Resolve ticket,Closed,,,,,,,,,,,
2332.0,Assign seriousness,Take in charge ticket,Resolve ticket,Closed,,,,,,,,,,,
2333.0,Assign seriousness,Assign seriousness,Assign seriousness,Take in charge ticket,Wait,Resolve ticket,Closed,,,,,,,,
2334.0,Insert ticket,Assign seriousness,Take in charge ticket,Wait,Resolve ticket,Closed,,,,,,,,,
2335.0,Assign seriousness,Resolve ticket,Closed,,,,,,,,,,,,
2336.0,Assign seriousness,Take in charge ticket,Wait,Resolve ticket,Closed,,,,,,,,,,
2337.0,Assign seriousness,Take in charge ticket,Resolve ticket,Take in charge ticket,Resolve ticket,Closed,,,,,,,,,
2338.0,Assign seriousness,Take in charge ticket,Resolve ticket,Take in charge ticket,Resolve ticket,Closed,,,,,,,,,
2339.0,Assign seriousness,Resolve ticket,Closed,,,,,,,,,,,,
2340.0,Assign seriousness,Take in charge ticket,Resolve ticket,Closed,,,,,,,,,,,
2341.0,Assign seriousness,Take in charge ticket,Resolve ticket,Closed,,,,,,,,,,,
2342.0,Assign seriousness,Assign seriousness,Take in charge ticket,Resolve ticket,Closed,,,,,,,,,,
2343.0,Assign seriousness,Take in charge ticket,,Closed,,,,,,,,,,,
2344.0,Assign seriousness,Take in charge ticket,Wait,Wait,Resolve ticket,Closed,,,,,,,,,
2345.0,Assign seriousness,Resolve ticket,Closed,,,,,,,,,,,,
2346.0,,Take in charge ticket,Resolve ticket,Closed,,,,,,,,,,,
2347.0,Assign seriousness,Take in charge ticket,Resolve ticket,Closed,,,,,,,,,,,
2348.0,Assign seriousness,Assign seriousness,Take in charge ticket,Resolve ticket,Closed,,,,,,,,,,
2349.0,Assign seriousness,Take in charge ticket,Wait,Take in charge ticket,Resolve ticket,Closed,,,,,,,,,
2350.0,Take in charge ticket,Wait,Resolve ticket,Closed,,,,,,,,,,,
2351.0,Assign seriousness,Take in charge ticket,Resolve ticket,Closed,,,,,,,,,,,
2352.0,Assign seriousness,Take in charge ticket,Resolve ticket,Closed,,,,,,,,,,,
2353.0,Assign seriousness,Take in charge ticket,Resolve ticket,Closed,,,,,,,,,,,
2354.0,Assign seriousness,Take in charge ticket,Wait,Resolve ticket,Closed,,,,,,,,,,
2355.0,Assign seriousness,Take in charge ticket,Resolve ticket,Closed,,,,,,,,,,,
2356.0,Assign seriousness,Assign seriousness,Take in charge ticket,Resolve ticket,Take in charge ticket,Resolve ticket,Resolve ticket,Resolve ticket,Require upgrade,Take in charge ticket,Wait,Wait,Resolve ticket,Closed,
2357.0,Assign seriousness,Take in charge ticket,Resolve ticket,Closed,,,,,,,,,,,
2358.0,Assign seriousness,Take in charge ticket,Resolve ticket,Closed,,,,,,,,,,,
2359.0,Assign seriousness,Take in charge ticket,Resolve ticket,Closed,,,,,,,,,,,
2360.0,Assign seriousness,Take in charge ticket,Resolve ticket,Closed,,,,,,,,,,,
2361.0,Assign seriousness,Assign seriousness,Take in charge ticket,Wait,Take in charge ticket,Resolve ticket,Closed,,,,,,,,
2362.0,Assign seriousness,Take in charge ticket,Resolve ticket,Closed,,,,,,,,,,,
2363.0,Assign seriousness,Assign seriousness,Assign seriousness,Take in charge ticket,Resolve ticket,Closed,,,,,,,,,
2364.0,Assign seriousness,Take in charge ticket,Resolve ticket,Closed,,,,,,,,,,,
2365.0,Assign seriousness,Take in charge ticket,Resolve ticket,Closed,,,,,,,,,,,
2366.0,Assign seriousness,Take in charge ticket,Resolve ticket,Closed,,,,,,,,,,,
2367.0,Assign seriousness,Take in charge ticket,Wait,Take in charge ticket,Resolve ticket,Closed,,,,,,,,,
2368.0,Assign seriousness,Take in charge ticket,Wait,Take in charge ticket,Resolve ticket,Closed,,,,,,,,,
2369.0,Assign seriousness,Assign seriousness,Assign seriousness,Resolve ticket,Resolve ticket,Closed,,,,,,,,,
2370.0,Assign seriousness,Take in charge ticket,Create SW anomaly,Resolve ticket,Closed,,,,,,,,,,
2371.0,Assign seriousness,Take in charge ticket,Resolve ticket,Closed,,,,,,,,,,,
2372.0,Assign seriousness,Take in charge ticket,Resolve ticket,Take in charge ticket,Resolve ticket,Take in charge ticket,Wait,Take in charge ticket,Resolve ticket,Closed,,,,,
2373.0,Assign seriousness,Take in charge ticket,Resolve ticket,Closed,,,,,,,,,,,
2374.0,Assign seriousness,Take in charge ticket,Resolve ticket,Closed,,,,,,,,,,,
2375.0,Take in charge ticket,Resolve ticket,Resolve ticket,Resolve ticket,Closed,,,,,,,,,,
2376.0,Assign seriousness,Take in charge ticket,Resolve ticket,Closed,,,,,,,,,,,
2377.0,Insert ticket,Assign seriousness,Take in charge ticket,Resolve ticket,Closed,,,,,,,,,,
2378.0,Assign seriousness,Take in charge ticket,Resolve ticket,Closed,,,,,,,,,,,
2379.0,Assign seriousness,Take in charge ticket,Resolve ticket,Closed,,,,,,,,,,,
2380.0,Assign seriousness,Take in charge ticket,Resolve ticket,Closed,,,,,,,,,,,
2381.0,Assign seriousness,Take in charge ticket,Resolve ticket,Closed,,,,,,,,,,,
2382.0,Assign seriousness,Take in charge ticket,Resolve ticket,Closed,,,,,,,,,,,
2383.0,Assign seriousness,Take in charge ticket,Resolve ticket,Closed,,,,,,,,,,,
2384.0,Assign seriousness,Take in charge ticket,Resolve ticket,Closed,,,,,,,,,,,
2385.0,Assign seriousness,Take in charge ticket,Resolve ticket,Closed,,,,,,,,,,,
2386.0,Assign seriousness,Take in charge ticket,Wait,Resolve ticket,Closed,,,,,,,,,,
2387.0,Assign seriousness,Take in charge ticket,Take in charge ticket,Resolve ticket,Closed,,,,,,,,,,
2388.0,Take in charge ticket,Wait,Resolve ticket,Closed,,,,,,,,,,,
2389.0,Assign seriousness,Take in charge ticket,Resolve ticket,,,,,,,,,,,,
2390.0,Assign seriousness,Assign seriousness,,Resolve ticket,Closed,,,,,,,,,,
2391.0,Assign seriousness,Take in charge ticket,Resolve ticket,Closed,,,,,,,,,,,
2392.0,Take in charge ticket,Resolve ticket,Closed,,,,,,,,,,,,
2393.0,Assign seriousness,Take in charge ticket,Resolve ticket,Closed,,,,,,,,,,,
2394.0,Assign seriousness,Resolve ticket,Closed,,,,,,,,,,,,
2395.0,Assign seriousness,Take in charge ticket,Wait,Resolve ticket,Take in charge ticket,Wait,Resolve ticket,Closed,,,,,,,
2396.0,Assign seriousness,Take in charge ticket,Resolve ticket,Closed,,,,,,,,,,,
2397.0,Assign seriousness,Resolve ticket,Resolve ticket,Closed,,,,,,,,,,,
2398.0,Assign seriousness,,Resolve ticket,Closed,,,,,,,,,,,
2399.0,Assign seriousness,Take in charge ticket,Resolve ticket,Take in charge ticket,Resolve ticket,Closed,,,,,,,,,
2400.0,Assign seriousness,Take in charge ticket,Resolve ticket,Closed,,,,,,,,,,,
2401.0,Assign seriousness,Take in charge ticket,Resolve ticket,Closed,,,,,,,,,,,
2402.0,Assign seriousness,Take in charge ticket,Wait,Take in charge ticket,Resolve ticket,Closed,,,,,,,,,
2403.0,Assign seriousness,Take in charge ticket,Resolve ticket,Closed,,,,,,,,,,,
2404.0,Assign seriousness,Take in charge ticket,Resolve ticket,Closed,,,,,,,,,,,
2405.0,Assign seriousness,Take in charge ticket,Wait,Require upgrade,Resolve ticket,Closed,,,,,,,,,
2406.0,,Assign seriousness,Take in charge ticket,Wait,Take in charge ticket,Resolve ticket,Closed,,,,,,,,
2407.0,Assign seriousness,Take in charge ticket,Wait,Resolve ticket,Closed,,,,,,,,,,
2408.0,Assign seriousness,Take in charge ticket,Resolve ticket,Closed,,,,,,,,,,,
2409.0,Assign seriousness,Take in charge ticket,Resolve ticket,Closed,,,,,,,,,,,
2410.0,Assign seriousness,Take in charge ticket,Resolve ticket,Closed,,,,,,,,,,,
2411.0,Assign seriousness,Take in charge ticket,Resolve ticket,Closed,,,,,,,,,,,
2412.0,,Take in charge ticket,Schedule intervention,Resolve ticket,Closed,,,,,,,,,,
2413.0,Assign seriousness,Take in charge ticket,Resolve ticket,Take in charge ticket,Resolve ticket,Closed,,,,,,,,,
2414.0,Assign seriousness,Take in charge ticket,Wait,Resolve ticket,Closed,,,,,,,,,,
2415.0,Assign seriousness,Take in charge ticket,Resolve ticket,Closed,,,,,,,,,,,
2416.0,Assign seriousness,Take in charge ticket,Resolve ticket,Closed,,,,,,,,,,,
2417.0,Assign seriousness,,Wait,Resolve ticket,Resolve ticket,Closed,,,,,,,,,
2418.0,Assign seriousness,Take in charge ticket,Resolve ticket,Closed,,,,,,,,,,,
2419.0,Assign seriousness,Take in charge ticket,Resolve ticket,Closed,,,,,,,,,,,
2420.0,Assign seriousness,Take in charge ticket,Wait,Resolve ticket,Closed,,,,,,,,,,
2421.0,Assign seriousness,Resolve ticket,Closed,,,,,,,,,,,,
2422.0,Assign seriousness,Take in charge ticket,Resolve ticket,Closed,,,,,,,,,,,
2423.0,Assign seriousness,Take in charge ticket,Wait,Take in charge ticket,Resolve ticket,Closed,,,,,,,,,
2424.0,Assign seriousness,Take in charge ticket,Resolve ticket,Closed,,,,,,,,,,,
2425.0,Assign seriousness,,Resolve ticket,Closed,,,,,,,,,,,
2426.0,Assign seriousness,Take in charge ticket,Wait,Take in charge ticket,Resolve ticket,Closed,,,,,,,,,
2427.0,Assign seriousness,Take in charge ticket,Resolve ticket,Closed,,,,,,,,,,,
2428.0,Assign seriousness,Assign seriousness,Take in charge ticket,Resolve ticket,Closed,,,,,,,,,,
2429.0,Assign seriousness,Take in charge ticket,Wait,Take in charge ticket,Resolve ticket,Closed,,,,,,,,,
2430.0,Assign seriousness,Take in charge ticket,Wait,Take in charge ticket,Resolve ticket,Closed,,,,,,,,,
2431.0,Assign seriousness,Take in charge ticket,Resolve ticket,Closed,,,,,,,,,,,
2432.0,Insert ticket,Assign seriousness,Take in charge ticket,Resolve ticket,Closed,,,,,,,,,,
2433.0,Assign seriousness,Take in charge ticket,Resolve ticket,Closed,,,,,,,,,,,
2434.0,Assign seriousness,Take in charge ticket,Take in charge ticket,Resolve ticket,Closed,,,,,,,,,,
2435.0,Assign seriousness,Take in charge ticket,Resolve ticket,Closed,,,,,,,,,,,
2436.0,Assign seriousness,Take in charge ticket,Resolve ticket,Closed,,,,,,,,,,,
2437.0,Assign seriousness,Take in charge ticket,Resolve ticket,Closed,,,,,,,,,,,
2438.0,Assign seriousness,,Wait,Resolve ticket,Closed,,,,,,,,,,
2439.0,Assign seriousness,Take in charge ticket,Resolve ticket,Closed,,,,,,,,,,,
2440.0,Assign seriousness,Take in charge ticket,Wait,Resolve ticket,Closed,,,,,,,,,,
2441.0,Assign seriousness,Take in charge ticket,Wait,Resolve ticket,Closed,,,,,,,,,,
2442.0,Assign seriousness,Take in charge ticket,Resolve ticket,Closed,,,,,,,,,,,
2443.0,Assign seriousness,Take in charge ticket,Resolve ticket,Closed,,,,,,,,,,,
2444.0,Assign seriousness,Take in charge ticket,Wait,Resolve ticket,,,,,,,,,,,
2445.0,Assign seriousness,Take in charge ticket,Resolve ticket,Closed,,,,,,,,,,,
2446.0,Assign seriousness,Take in charge ticket,Resolve ticket,Closed,,,,,,,,,,,
2447.0,Assign seriousness,Take in charge ticket,Resolve ticket,Closed,,,,,,,,,,,
2448.0,,Take in charge ticket,Resolve ticket,Resolve ticket,Closed,,,,,,,,,,
2449.0,Assign seriousness,Take in charge ticket,Resolve ticket,Wait,Resolve ticket,Closed,,,,,,,,,
2450.0,Insert ticket,Assign seriousness,Take in charge ticket,Resolve ticket,Closed,,,,,,,,,,
2451.0,Assign seriousness,Take in charge ticket,Resolve ticket,Closed,,,,,,,,,,,
2452.0,Assign seriousness,Take in charge ticket,Require upgrade,Require upgrade,Resolve ticket,Closed,,,,,,,,,
2453.0,Assign seriousness,Take in charge ticket,Wait,Take in charge ticket,Resolve ticket,Closed,,,,,,,,,
2454.0,Assign seriousness,Take in charge ticket,Wait,Take in charge ticket,Resolve ticket,Closed,,,,,,,,,
2455.0,Assign seriousness,Take in charge ticket,Resolve ticket,Closed,,,,,,,,,,,
2456.0,Assign seriousness,Take in charge ticket,Wait,Take in charge ticket,Resolve ticket,Closed,,,,,,,,,
2457.0,Assign seriousness,Take in charge ticket,Wait,Take in charge ticket,Resolve ticket,Closed,Closed,,,,,,,,
2458.0,Assign seriousness,Take in charge ticket,Resolve ticket,Closed,,,,,,,,,,,
2459.0,Assign seriousness,Take in charge ticket,Wait,Take in charge ticket,Wait,Resolve ticket,Closed,,,,,,,,
2460.0,Assign seriousness,Take in charge ticket,Resolve ticket,Closed,,,,,,,,,,,
2461.0,Assign seriousness,Take in charge ticket,Create SW anomaly,Resolve ticket,Closed,,,,,,,,,,
2462.0,Assign seriousness,Take in charge ticket,Require upgrade,Resolve ticket,Closed,,,,,,,,,,
2463.0,Assign seriousness,Take in charge ticket,Resolve ticket,Closed,,,,,,,,,,,
2464.0,Assign seriousness,Take in charge ticket,Resolve ticket,Closed,,,,,,,,,,,
2465.0,Assign seriousness,Resolve ticket,Closed,,,,,,,,,,,,
2466.0,Assign seriousness,Take in charge ticket,Resolve ticket,Closed,,,,,,,,,,,
2467.0,Assign seriousness,Take in charge ticket,Require upgrade,Resolve ticket,Closed,,,,,,,,,,
2468.0,Assign seriousness,Take in charge ticket,Resolve ticket,Closed,,,,,,,,,,,
2469.0,Assign seriousness,Take in charge ticket,Resolve ticket,Take in charge ticket,Resolve ticket,Closed,,,,,,,,,
2470.0,Assign seriousness,Take in charge ticket,Resolve ticket,Closed,,,,,,,,,,,
2471.0,Assign seriousness,Take in charge ticket,Resolve ticket,Closed,,,,,,,,,,,
2472.0,Assign seriousness,Take in charge ticket,Resolve ticket,Take in charge ticket,Wait,Take in charge ticket,Resolve ticket,Closed,,,,,,,
2473.0,Assign seriousness,Take in charge ticket,Resolve ticket,Closed,,,,,,,,,,,
2474.0,Assign seriousness,Take in charge ticket,Take in charge ticket,Resolve ticket,Closed,,,,,,,,,,
2475.0,Assign seriousness,Take in charge ticket,Resolve ticket,Closed,,,,,,,,,,,
2476.0,Assign seriousness,Assign seriousness,Take in charge ticket,Wait,Resolve ticket,Closed,,,,,,,,,
2477.0,Assign seriousness,Take in charge ticket,Resolve ticket,Closed,,,,,,,,,,,
2478.0,Assign seriousness,Take in charge ticket,Resolve ticket,Closed,,,,,,,,,,,
2479.0,Assign seriousness,Take in charge ticket,Resolve ticket,Closed,,,,,,,,,,,
2480.0,Assign seriousness,Take in charge ticket,Resolve ticket,Closed,,,,,,,,,,,
,Assign seriousness,Take in charge ticket,Resolve ticket,Closed,,,,,,,,,,,
2482.0,Assign seriousness,Take in charge ticket,Resolve ticket,Closed,,,,,,,,,,,
2483.0,Assign seriousness,Take in charge ticket,Resolve ticket,Closed,,,,,,,,,,,
2484.0,Assign seriousness,Take in charge ticket,Wait,Resolve ticket,Closed,,,,,,,,,,
2485.0,Assign seriousness,Take in charge ticket,Wait,Resolve ticket,Closed,,,,,,,,,,
2486.0,Assign seriousness,Take in charge ticket,Wait,Take in charge ticket,Resolve ticket,Closed,,,,,,,,,
2487.0,Assign seriousness,Assign seriousness,Take in charge ticket,Resolve ticket,Closed,,,,,,,,,,
2488.0,Assign seriousness,Take in charge ticket,Resolve ticket,Closed,,,,,,,,,,,
2489.0,Assign seriousness,Take in charge ticket,Resolve ticket,,,,,,,,,,,,
2490.0,Assign seriousness,Take in charge ticket,Wait,Resolve ticket,Closed,,,,,,,,,,
2491.0,Assign seriousness,Assign seriousness,Take in charge ticket,Wait,Take in charge ticket,Wait,Take in charge ticket,,Closed,,,,,,
2492.0,Assign seriousness,Assign seriousness,Take in charge ticket,Wait,Resolve ticket,Closed,,,,,,,,,
2493.0,Assign seriousness,Take in charge ticket,Resolve ticket,Closed,,,,,,,,,,,
2494.0,Assign seriousness,Take in charge ticket,Resolve ticket,Closed,,,,,,,,,,,
2495.0,Assign seriousness,Resolve ticket,,,,,,,,,,,,,
2496.0,Assign seriousness,Take in charge ticket,Resolve ticket,Closed,,,,,,,,,,,
2497.0,Assign seriousness,Take in charge ticket,Resolve ticket,Closed,,,,,,,,,,,
2498.0,Assign seriousness,Take in charge ticket,Wait,Resolve ticket,Resolve ticket,Closed,,,,,,,,,
2499.0,Assign seriousness,Take in charge ticket,Resolve ticket,Closed,,,,,,,,,,,
2500.0,Assign seriousness,Take in charge ticket,Wait,Wait,Resolve ticket,Closed,,,,,,,,,
2501.0,Assign seriousness,Take in charge ticket,Resolve ticket,Closed,,,,,,,,,,,
2502.0,Assign seriousness,Take in charge ticket,Resolve ticket,Closed,,,,,,,,,,,
2503.0,Assign seriousness,Take in charge ticket,Resolve ticket,Resolve ticket,Closed,,,,,,,,,,
2504.0,Assign seriousness,Take in charge ticket,Wait,Resolve ticket,Closed,,,,,,,,,,
2505.0,Assign seriousness,Take in charge ticket,Wait,Take in charge ticket,Resolve ticket,Closed,,,,,,,,,
2506.0,Assign seriousness,Take in charge ticket,Wait,Take in charge ticket,Resolve ticket,Closed,,,,,,,,,
2507.0,Assign seriousness,Take in charge ticket,Resolve ticket,Closed,,,,,,,,,,,
2508.0,Assign seriousness,Take in charge ticket,Wait,Resolve ticket,Resolve ticket,Closed,,,,,,,,,
2509.0,Assign seriousness,Assign seriousness,Resolve ticket,Closed,,,,,,,,,,,
2510.0,Assign seriousness,Assign seriousness,Take in charge ticket,Resolve ticket,Closed,,,,,,,,,,
2511.0,Assign seriousness,Assign seriousness,Assign seriousness,Resolve ticket,Closed,,,,,,,,,,
2512.0,Assign seriousness,Take in charge ticket,Wait,Wait,Resolve ticket,Closed,,,,,,,,,
2513.0,Assign seriousness,Assign seriousness,Take in charge ticket,Resolve ticket,Closed,,,,,,,,,,
2514.0,Assign seriousness,Take in charge ticket,Resolve ticket,Closed,,,,,,,,,,,
2515.0,Assign seriousness,Take in charge ticket,Resolve ticket,Closed,,,,,,,,,,,
2516.0,Assign seriousness,Take in charge ticket,Resolve ticket,Closed,,,,,,,,,,,
2517.0,Assign seriousness,Take in charge ticket,Resolve ticket,Closed,,,,,,,,,,,
2518.0,Assign seriousness,Take in charge ticket,Resolve ticket,Closed,,,,,,,,,,,
2519.0,Assign seriousness,Take in charge ticket,Resolve ticket,Closed,,,,,,,,,,,
2520.0,Assign seriousness,Take in charge ticket,Resolve ticket,Closed,,,,,,,,,,,
2521.0,Assign seriousness,Take in charge ticket,Resolve ticket,Closed,,,,,,,,,,,
2522.0,,Take in charge ticket,Resolve ticket,Closed,,,,,,,,,,,
2523.0,Assign seriousness,Take in charge ticket,Resolve ticket,Closed,,,,,,,,,,,
2524.0,Assign seriousness,Take in charge ticket,Take in charge ticket,Wait,Resolve ticket,Closed,,,,,,,,,
2525.0,Assign seriousness,Take in charge ticket,Resolve ticket,Closed,,,,,,,,,,,
2526.0,Assign seriousness,Take in charge ticket,Resolve ticket,Closed,,,,,,,,,,,
2527.0,Take in charge ticket,Resolve ticket,Closed,,,,,,,,,,,,
2528.0,Assign seriousness,Take in charge ticket,Resolve ticket,Closed,,,,,,,,,,,
2529.0,Assign seriousness,Take in charge ticket,Resolve ticket,Closed,,,,,,,,,,,
2530.0,Insert ticket,Assign seriousness,Assign seriousness,Take in charge ticket,Resolve ticket,Closed,,,,,,,,,
2531.0,Assign seriousness,Take in charge ticket,Resolve ticket,Closed,,,,,,,,,,,
2532.0,Assign seriousness,Take in charge ticket,Resolve ticket,Closed,,,,,,,,,,,
2533.0,Assign seriousness,Take in charge ticket,Resolve ticket,Closed,,,,,,,,,,,
2534.0,,Take in charge ticket,Resolve ticket,Closed,,,,,,,,,,,
2535.0,Assign seriousness,Take in charge ticket,Resolve ticket,Closed,,,,,,,,,,,
2536.0,Assign seriousness,Take in charge ticket,,Wait,Resolve ticket,Resolve ticket,Closed,,,,,,,,
2537.0,Assign seriousness,Take in charge ticket,Resolve ticket,Closed,,,,,,,,,,,
2538.0,Assign seriousness,Take in charge ticket,Resolve ticket,Closed,,,,,,,,,,,
2539.0,Assign seriousness,Assign seriousness,Take in charge ticket,Wait,Take in charge ticket,Resolve ticket,Closed,,,,,,,,
2540.0,Assign seriousness,Take in charge ticket,Resolve ticket,Closed,,,,,,,,,,,
2541.0,Assign seriousness,Take in charge ticket,Wait,Resolve ticket,Closed,,,,,,,,,,
2542.0,Assign seriousness,Take in charge ticket,Resolve ticket,Closed,,,,,,,,,,,
2543.0,Assign seriousness,Take in charge ticket,Resolve ticket,Closed,,,,,,,,,,,
2544.0,Assign seriousness,Take in charge ticket,Wait,Resolve ticket,Closed,,,,,,,,,,
2545.0,,Assign seriousness,Take in charge ticket,Resolve ticket,Closed,,,,,,,,,,
2546.0,Assign seriousness,Take in charge ticket,Wait,Take in charge ticket,Resolve ticket,Resolve ticket,Closed,,,,,,,,
2547.0,Assign seriousness,Take in charge ticket,Resolve ticket,Closed,,,,,,,,,,,
2548.0,Insert ticket,Assign seriousness,Assign seriousness,Take in charge ticket,Resolve ticket,Closed,,,,,,,,,
2549.0,Assign seriousness,Take in charge ticket,Resolve ticket,Closed,,,,,,,,,,,
2550.0,Assign seriousness,Take in charge ticket,Resolve ticket,Closed,,,,,,,,,,,
2551.0,Assign seriousness,Take in charge ticket,Resolve ticket,Closed,,,,,,,,,,,
2552.0,Assign seriousness,Take in charge ticket,Resolve ticket,Closed,,,,,,,,,,,
2553.0,Assign seriousness,Take in charge ticket,Wait,Take in charge ticket,Resolve ticket,Take in charge ticket,Resolve ticket,Closed,,,,,,,
2554.0,Assign seriousness,Take in charge ticket,Resolve ticket,Closed,,,,,,,,,,,
2555.0,Assign seriousness,,Wait,Resolve ticket,Closed,,,,,,,,,,
2556.0,Assign seriousness,Take in charge ticket,Resolve ticket,Closed,,,,,,,,,,,
2557.0,Assign seriousness,Take in charge ticket,Wait,Resolve ticket,Closed,,,,,,,,,,
2558.0,Assign seriousness,Take in charge ticket,Create SW anomaly,Take in charge ticket,Wait,Resolve ticket,Closed,,,,,,,,
2559.0,Assign seriousness,,Resolve ticket,Closed,,,,,,,,,,,
2560.0,Assign seriousness,Assign seriousness,Take in charge ticket,Resolve ticket,Closed,,,,,,,,,,
2561.0,Assign seriousness,Take in charge ticket,Wait,Resolve ticket,Closed,,,,,,,,,,
2562.0,Assign seriousness,Take in charge ticket,Wait,Resolve ticket,Closed,,,,,,,,,,
,Assign seriousness,Take in charge ticket,Resolve ticket,Closed,,,,,,,,,,,
2564.0,Assign seriousness,Assign seriousness,Take in charge ticket,Resolve ticket,Closed,,,,,,,,,,
2565.0,Assign seriousness,Resolve ticket,Closed,,,,,,,,,,,,
2566.0,Assign seriousness,Take in charge ticket,Resolve ticket,Closed,,,,,,,,,,,
2567.0,Assign seriousness,Assign seriousness,Take in charge ticket,Wait,Resolve ticket,Closed,,,,,,,,,
2568.0,Assign seriousness,Take in charge ticket,Resolve ticket,Closed,,,,,,,,,,,
2569.0,Assign seriousness,Assign seriousness,Take in charge ticket,Wait,Take in charge ticket,Resolve ticket,Closed,,,,,,,,
2570.0,Assign seriousness,Take in charge ticket,Wait,Take in charge ticket,Resolve ticket,Closed,,,,,,,,,
2571.0,Assign seriousness,Take in charge ticket,Wait,Resolve ticket,Closed,,,,,,,,,,
2572.0,Assign seriousness,Take in charge ticket,Resolve ticket,Closed,,,,,,,,,,,
2573.0,Assign seriousness,Take in charge ticket,Resolve ticket,Closed,,,,,,,,,,,
2574.0,Assign seriousness,Take in charge ticket,Resolve ticket,Closed,,,,,,,,,,,
2575.0,Assign seriousness,,Wait,Take in charge ticket,Resolve ticket,Closed,,,,,,,,,
2576.0,Insert ticket,Assign seriousness,Take in charge ticket,Resolve ticket,Closed,,,,,,,,,,
2577.0,Assign seriousness,Take in charge ticket,Wait,Resolve ticket,Closed,,,,,,,,,,
2578.0,Assign seriousness,Take in charge ticket,Resolve ticket,Closed,,,,,,,,,,,
2579.0,Assign seriousness,Require upgrade,Resolve ticket,Closed,,,,,,,,,,,
2580.0,Assign seriousness,Assign seriousness,Take in charge ticket,Resolve ticket,Closed,,,,,,,,,,
,Assign seriousness,Take in charge ticket,Resolve ticket,Closed,,,,,,,,,,,
2582.0,Assign seriousness,Take in charge ticket,Wait,Resolve ticket,Closed,,,,,,,,,,
2583.0,Assign seriousness,Wait,Take in charge ticket,Resolve ticket,Resolve ticket,Closed,,,,,,,,,
2584.0,Assign seriousness,Take in charge ticket,Resolve ticket,Closed,,,,,,,,,,,
2585.0,Assign seriousness,Take in charge ticket,Wait,Resolve ticket,Closed,,,,,,,,,,
2586.0,Assign seriousness,Take in charge ticket,Resolve ticket,Closed,,,,,,,,,,,
2587.0,Assign seriousness,Take in charge ticket,Resolve ticket,Closed,,,,,,,,,,,
2588.0,Assign seriousness,Take in charge ticket,Resolve ticket,Closed,,,,,,,,,,,
2589.0,Assign seriousness,Take in charge ticket,Resolve ticket,Closed,,,,,,,,,,,
2590.0,Assign seriousness,Take in charge ticket,Resolve ticket,Closed,,,,,,,,,,,
2591.0,Assign seriousness,Wait,,Resolve ticket,Closed,,,,,,,,,,
2592.0,Assign seriousness,Take in charge ticket,Wait,Resolve ticket,Closed,,,,,,,,,,
2593.0,Assign seriousness,Take in charge ticket,Resolve ticket,Closed,,,,,,,,,,,
2594.0,Assign seriousness,Take in charge ticket,Resolve ticket,Closed,,,,,,,,,,,
2595.0,Assign seriousness,Take in charge ticket,Wait,Resolve ticket,Closed,,,,,,,,,,
2596.0,Assign seriousness,Take in charge ticket,Take in charge ticket,Wait,Take in charge ticket,Resolve ticket,Closed,,,,,,,,
2597.0,Assign seriousness,Take in charge ticket,Wait,Resolve ticket,Closed,,,,,,,,,,
2598.0,Assign seriousness,Take in charge ticket,Wait,Resolve ticket,Closed,,,,,,,,,,
2599.0,Assign seriousness,Take in charge ticket,Wait,Wait,Wait,Resolve ticket,Resolve ticket,Closed,,,,,,,
2600.0,Assign seriousness,Take in charge ticket,Wait,Resolve ticket,Closed,,,,,,,,,,
2601.0,Assign seriousness,Take in charge ticket,Resolve ticket,,,,,,,,,,,,
2602.0,Assign seriousness,Wait,Resolve ticket,Closed,,,,,,,,,,,
2603.0,Assign seriousness,Take in charge ticket,Resolve ticket,Closed,,,,,,,,,,,
2604.0,Assign seriousness,Take in charge ticket,Resolve ticket,Closed,,,,,,,,,,,
2605.0,Assign seriousness,Take in charge ticket,Wait,Take in charge ticket,Resolve ticket,Closed,,,,,,,,,
2606.0,Assign seriousness,Take in charge ticket,Require upgrade,Resolve ticket,Closed,,,,,,,,,,
2607.0,Assign seriousness,Take in charge ticket,Wait,Resolve ticket,Closed,,,,,,,,,,
2608.0,Take in charge ticket,Wait,Resolve ticket,Closed,,,,,,,,,,,
2609.0,Assign seriousness,Take in charge ticket,Wait,Take in charge ticket,Wait,Resolve ticket,Closed,,,,,,,,
2610.0,Assign seriousness,Assign seriousness,Take in charge ticket,Resolve ticket,Closed,,,,,,,,,,
2611.0,Assign seriousness,,Resolve ticket,Closed,,,,,,,,,,,
2612.0,Assign seriousness,Take in charge ticket,Resolve ticket,Closed,,,,,,,,,,,
2613.0,Assign seriousness,Take in charge ticket,Resolve ticket,Closed,,,,,,,,,,,
2614.0,Assign seriousness,Take in charge ticket,Wait,Resolve ticket,Closed,,,,,,,,,,
2615.0,Assign seriousness,Take in charge ticket,Resolve ticket,Closed,,,,,,,,,,,
2616.0,Assign seriousness,Take in charge ticket,Resolve ticket,Closed,,,,,,,,,,,
2617.0,Assign seriousness,,Wait,Resolve ticket,Closed,,,,,,,,,,
2618.0,Assign seriousness,Take in charge ticket,Resolve ticket,Closed,,,,,,,,,,,
2619.0,Assign seriousness,Take in charge ticket,Wait,Take in charge ticket,Resolve ticket,Resolve ticket,Closed,,,,,,,,
2620.0,Assign seriousness,Take in charge ticket,Resolve ticket,Closed,,,,,,,,,,,
2621.0,Assign seriousness,Take in charge ticket,Resolve ticket,Closed,,,,,,,,,,,
2622.0,Assign seriousness,Assign seriousness,Take in charge ticket,Resolve ticket,Closed,,,,,,,,,,
2623.0,Assign seriousness,Take in charge ticket,Resolve ticket,Closed,,,,,,,,,,,
2624.0,Assign seriousness,Take in charge ticket,Create SW anomaly,,Closed,,,,,,,,,,
2625.0,Assign seriousness,Take in charge ticket,Resolve ticket,Closed,,,,,,,,,,,
2626.0,Assign seriousness,Take in charge ticket,Resolve ticket,Closed,,,,,,,,,,,
2627.0,Assign seriousness,Take in charge ticket,Wait,Resolve ticket,Closed,,,,,,,,,,
2628.0,Assign seriousness,Resolve ticket,Closed,,,,,,,,,,,,
2629.0,Assign seriousness,Resolve ticket,Closed,,,,,,,,,,,,
2630.0,Take in charge ticket,Resolve ticket,Closed,,,,,,,,,,,,
2631.0,Assign seriousness,Assign seriousness,Take in charge ticket,Resolve ticket,Closed,,,,,,,,,,
2632.0,Assign seriousness,Take in charge ticket,Resolve ticket,Closed,,,,,,,,,,,
2633.0,Assign seriousness,Take in charge ticket,Resolve ticket,Closed,,,,,,,,,,,
2634.0,Assign seriousness,Take in charge ticket,Resolve ticket,Closed,,,,,,,,,,,
2635.0,Assign seriousness,Assign seriousness,Assign seriousness,Take in charge ticket,Resolve ticket,Closed,,,,,,,,,
2636.0,Insert ticket,Assign seriousness,Take in charge ticket,Resolve ticket,Closed,,,,,,,,,,
2637.0,Assign seriousness,Take in charge ticket,Resolve ticket,Closed,,,,,,,,,,,
2638.0,Assign seriousness,Take in charge ticket,Resolve ticket,Closed,,,,,,,,,,,
2639.0,Assign seriousness,Take in charge ticket,Resolve ticket,Closed,,,,,,,,,,,
2640.0,Assign seriousness,Take in charge ticket,Resolve ticket,Closed,,,,,,,,,,,
2641.0,Assign seriousness,Take in charge ticket,Wait,Take in charge ticket,Resolve ticket,Closed,,,,,,,,,
2642.0,Assign seriousness,Take in charge ticket,Resolve ticket,Closed,,,,,,,,,,,
2643.0,Assign seriousness,Take in charge ticket,Resolve ticket,Closed,,,,,,,,,,,
2644.0,Assign seriousness,,Resolve ticket,Take in charge ticket,Resolve ticket,Closed,,,,,,,,,
2645.0,Assign seriousness,Take in charge ticket,Wait,Wait,Take in charge ticket,Resolve ticket,Closed,,,,,,,,
2646.0,Assign seriousness,Take in charge ticket,Resolve ticket,Closed,,,,,,,,,,,
2647.0,Assign seriousness,Resolve ticket,Resolve ticket,Resolve ticket,Closed,,,,,,,,,,
2648.0,Assign seriousness,Take in charge ticket,Resolve ticket,Closed,,,,,,,,,,,
2649.0,Assign seriousness,Take in charge ticket,Resolve ticket,Closed,,,,,,,,,,,
2650.0,Assign seriousness,Take in charge ticket,Resolve ticket,Closed,,,,,,,,,,,
2651.0,Assign seriousness,Take in charge ticket,Wait,,Closed,,,,,,,,,,
2652.0,Assign seriousness,Assign seriousness,Take in charge ticket,Wait,Wait,Resolve ticket,Closed,,,,,,,,
2653.0,Assign seriousness,Take in charge ticket,Wait,Wait,Resolve ticket,Take in charge ticket,Wait,Resolve ticket,Closed,,,,,,
2654.0,Assign seriousness,Assign seriousness,Take in charge ticket,Require upgrade,Resolve ticket,Closed,,,,,,,,,
2655.0,Assign seriousness,Take in charge ticket,Resolve ticket,Take in charge ticket,Resolve ticket,Resolve ticket,Closed,,,,,,,,
2656.0,Assign seriousness,Take in charge ticket,Resolve ticket,Closed,,,,,,,,,,,
2657.0,Assign seriousness,Take in charge ticket,Resolve ticket,Closed,,,,,,,,,,,
2658.0,Assign seriousness,Take in charge ticket,Resolve ticket,Closed,,,,,,,,,,,
2659.0,Assign seriousness,Take in charge ticket,Resolve ticket,Closed,,,,,,,,,,,
2660.0,Assign seriousness,Take in charge ticket,Wait,Take in charge ticket,Resolve ticket,Closed,,,,,,,,,
2661.0,Assign seriousness,Take in charge ticket,Resolve ticket,Closed,,,,,,,,,,,
2662.0,Assign seriousness,Take in charge ticket,Resolve ticket,Closed,,,,,,,,,,,
2663.0,Assign seriousness,Resolve ticket,Closed,,,,,,,,,,,,
2664.0,Assign seriousness,Take in charge ticket,Wait,Take in charge ticket,Resolve ticket,Closed,,,,,,,,,
2665.0,Assign seriousness,,Resolve ticket,Closed,,,,,,,,,,,
2666.0,Assign seriousness,Take in charge ticket,,Closed,,,,,,,,,,,
2667.0,Assign seriousness,Take in charge ticket,Wait,Resolve ticket,Closed,,,,,,,,,,
2668.0,Assign seriousness,Take in charge ticket,Resolve ticket,Closed,,,,,,,,,,,
2669.0,Assign seriousness,Take in charge ticket,Resolve ticket,Closed,,,,,,,,,,,
2670.0,Assign seriousness,Assign seriousness,Assign seriousness,Take in charge ticket,Resolve ticket,Closed,,,,,,,,,
2671.0,Assign seriousness,Take in charge ticket,Resolve ticket,Closed,,,,,,,,,,,
2672.0,Take in charge ticket,Resolve ticket,Closed,,,,,,,,,,,,
2673.0,Assign seriousness,Take in charge ticket,Resolve ticket,Closed,,,,,,,,,,,
2674.0,Assign seriousness,Take in charge ticket,Wait,Resolve ticket,Closed,,,,,,,,,,
2675.0,Assign seriousness,Take in charge ticket,Resolve ticket,Closed,,,,,,,,,,,
2676.0,Assign seriousness,Take in charge ticket,Resolve ticket,Closed,,,,,,,,,,,
2677.0,Assign seriousness,Take in charge ticket,Wait,Resolve ticket,Closed,,,,,,,,,,
2678.0,Assign seriousness,Take in charge ticket,Resolve ticket,Closed,,,,,,,,,,,
2679.0,Assign seriousness,Take in charge ticket,Resolve ticket,Closed,,,,,,,,,,,
2680.0,Assign seriousness,Take in charge ticket,Resolve ticket,Closed,,,,,,,,,,,
2681.0,Take in charge ticket,Resolve ticket,Closed,,,,,,,,,,,,
2682.0,Assign seriousness,Take in charge ticket,Resolve ticket,Closed,,,,,,,,,,,
2683.0,Assign seriousness,Take in charge ticket,Resolve ticket,Closed,,,,,,,,,,,
2684.0,Assign seriousness,Take in charge ticket,Resolve ticket,Closed,,,,,,,,,,,
2685.0,Assign seriousness,Take in charge ticket,Resolve ticket,Resolve ticket,Closed,,,,,,,,,,
2686.0,Assign seriousness,Take in charge ticket,Wait,Resolve ticket,Closed,,,,,,,,,,
2687.0,Assign seriousness,Take in charge ticket,Resolve ticket,Closed,,,,,,,,,,,
2688.0,Assign seriousness,Take in charge ticket,Resolve ticket,Closed,,,,,,,,,,,
2689.0,Assign seriousness,Take in charge ticket,Resolve ticket,Closed,,,,,,,,,,,
2690.0,Assign seriousness,Take in charge ticket,Resolve ticket,Closed,,,,,,,,,,,
2691.0,Assign seriousness,Take in charge ticket,Resolve ticket,Closed,,,,,,,,,,,
2692.0,Assign seriousness,Take in charge ticket,Resolve ticket,Closed,,,,,,,,,,,
2693.0,Assign seriousness,Assign seriousness,Take in charge ticket,Resolve ticket,Closed,,,,,,,,,,
2694.0,Assign seriousness,Take in charge ticket,Resolve ticket,Closed,,,,,,,,,,,
2695.0,Assign seriousness,Take in charge ticket,Wait,Take in charge ticket,Resolve ticket,Closed,,,,,,,,,
,Assign seriousness,Take in charge ticket,Wait,Wait,Take in charge ticket,Resolve ticket,Closed,,,,,,,,
2697.0,Assign seriousness,Take in charge ticket,Resolve ticket,Closed,,,,,,,,,,,
2698.0,Assign seriousness,Take in charge ticket,Resolve ticket,Closed,,,,,,,,,,,
2699.0,Assign seriousness,Take in charge ticket,Wait,Resolve ticket,Closed,,,,,,,,,,
2700.0,Assign seriousness,Take in charge ticket,Resolve ticket,Closed,,,,,,,,,,,
2701.0,Assign seriousness,Take in charge ticket,Resolve ticket,Closed,,,,,,,,,,,
2702.0,Assign seriousness,Take in charge ticket,Wait,Resolve ticket,Closed,,,,,,,,,,
2703.0,Assign seriousness,Take in charge ticket,Resolve ticket,Closed,,,,,,,,,,,
2704.0,Assign seriousness,Take in charge ticket,Resolve ticket,Closed,,,,,,,,,,,
2705.0,Assign seriousness,Take in charge ticket,Wait,Resolve ticket,Closed,,,,,,,,,,
2706.0,Assign seriousness,Take in charge ticket,Require upgrade,Resolve ticket,Closed,,,,,,,,,,
2707.0,Assign seriousness,Take in charge ticket,Wait,Resolve ticket,Closed,,,,,,,,,,
2708.0,Assign seriousness,Take in charge ticket,Wait,Wait,Resolve ticket,Resolve ticket,Closed,,,,,,,,
2709.0,Assign seriousness,Take in charge ticket,Resolve ticket,Take in charge ticket,Resolve ticket,Closed,,,,,,,,,
2710.0,Assign seriousness,,Wait,Resolve ticket,Closed,,,,,,,,,,
2711.0,Assign seriousness,Take in charge ticket,Wait,Take in charge ticket,Resolve ticket,Closed,,,,,,,,,
2712.0,Assign seriousness,Take in charge ticket,Wait,Take in charge ticket,Resolve ticket,Closed,,,,,,,,,
2713.0,Assign seriousness,Take in charge ticket,Wait,Take in charge ticket,Resolve ticket,Closed,,,,,,,,,
2714.0,Assign seriousness,Take in charge ticket,Resolve ticket,Closed,,,,,,,,,,,
2715.0,Assign seriousness,Take in charge ticket,Wait,Resolve ticket,Closed,,,,,,,,,,
2716.0,Assign seriousness,Take in charge ticket,Resolve ticket,Closed,Closed,,,,,,,,,,
2717.0,Assign seriousness,Take in charge ticket,Resolve ticket,Closed,,,,,,,,,,,
2718.0,Assign seriousness,Take in charge ticket,Resolve ticket,Closed,,,,,,,,,,,
2719.0,Assign seriousness,Take in charge ticket,Resolve ticket,Closed,,,,,,,,,,,
2720.0,Assign seriousness,Take in charge ticket,Wait,Resolve ticket,Closed,,,,,,,,,,
2721.0,Assign seriousness,Take in charge ticket,,Resolve ticket,Closed,,,,,,,,,,
2722.0,Assign seriousness,Take in charge ticket,Wait,Take in charge ticket,Resolve ticket,Closed,,,,,,,,,
2723.0,Assign seriousness,Take in charge ticket,Resolve ticket,Closed,,,,,,,,,,,
2724.0,Assign seriousness,Take in charge ticket,Resolve ticket,Resolve ticket,Closed,,,,,,,,,,
2725.0,Assign seriousness,Take in charge ticket,Wait,Resolve ticket,Closed,,,,,,,,,,
2726.0,Assign seriousness,Resolve ticket,Closed,,,,,,,,,,,,
2727.0,Assign seriousness,Take in charge ticket,Resolve ticket,Closed,,,,,,,,,,,
2728.0,Assign seriousness,Take in charge ticket,Take in charge ticket,Resolve ticket,Closed,,,,,,,,,,
2729.0,Assign seriousness,Take in charge ticket,Resolve ticket,Take in charge ticket,Resolve ticket,Closed,,,,,,,,,
2730.0,Assign seriousness,Take in charge ticket,Wait,Take in charge ticket,Resolve ticket,,,,,,,,,,
2731.0,Insert ticket,Assign seriousness,Take in charge ticket,Resolve ticket,Take in charge ticket,Resolve ticket,Resolve ticket,Closed,,,,,,,
2732.0,Assign seriousness,Take in charge ticket,Resolve ticket,Closed,,,,,,,,,,,
2733.0,Assign seriousness,Take in charge ticket,Wait,Resolve ticket,Closed,,,,,,,,,,
2734.0,Assign seriousness,Take in charge ticket,Resolve ticket,Closed,,,,,,,,,,,
2735.0,Assign seriousness,Take in charge ticket,Wait,Resolve ticket,Closed,,,,,,,,,,
2736.0,Assign seriousness,Take in charge ticket,Resolve ticket,Closed,,,,,,,,,,,
2737.0,Assign seriousness,Take in charge ticket,Wait,Take in charge ticket,Resolve ticket,Closed,,,,,,,,,
2738.0,Assign seriousness,Resolve ticket,Closed,,,,,,,,,,,,
2739.0,Take in charge ticket,Wait,Resolve ticket,Closed,,,,,,,,,,,
,Assign seriousness,Take in charge ticket,Resolve ticket,Closed,,,,,,,,,,,
2741.0,,Take in charge ticket,Resolve ticket,Closed,,,,,,,,,,,
2742.0,Assign seriousness,Take in charge ticket,Resolve ticket,Closed,,,,,,,,,,,
2743.0,Assign seriousness,Take in charge ticket,Resolve ticket,Closed,,,,,,,,,,,
2744.0,Assign seriousness,Take in charge ticket,Wait,Resolve ticket,Closed,,,,,,,,,,
2745.0,Assign seriousness,Take in charge ticket,Resolve ticket,Closed,,,,,,,,,,,
2746.0,Assign seriousness,Resolve ticket,Closed,,,,,,,,,,,,
2747.0,Assign seriousness,Take in charge ticket,Resolve ticket,Closed,,,,,,,,,,,
2748.0,Assign seriousness,Take in charge ticket,Resolve ticket,Closed,,,,,,,,,,,
2749.0,Assign seriousness,Resolve ticket,Resolve ticket,Closed,,,,,,,,,,,
2750.0,Assign seriousness,Take in charge ticket,Wait,Resolve ticket,Resolve ticket,Closed,,,,,,,,,
2751.0,Assign seriousness,Take in charge ticket,Wait,Wait,Resolve ticket,Closed,,,,,,,,,
2752.0,Assign seriousness,Take in charge ticket,Resolve ticket,Closed,,,,,,,,,,,
2753.0,Assign seriousness,Assign seriousness,Take in charge ticket,Resolve ticket,Closed,,,,,,,,,,
2754.0,Assign seriousness,Take in charge ticket,Resolve ticket,Closed,,,,,,,,,,,
2755.0,Assign seriousness,Take in charge ticket,Resolve ticket,Closed,,,,,,,,,,,
2756.0,Assign seriousness,Take in charge ticket,Resolve ticket,Closed,,,,,,,,,,,
2757.0,Assign seriousness,Take in charge ticket,Resolve ticket,Closed,,,,,,,,,,,
2758.0,Assign seriousness,Take in charge ticket,Resolve ticket,Closed,,,,,,,,,,,
2759.0,Assign seriousness,Take in charge ticket,Resolve ticket,Closed,,,,,,,,,,,
2760.0,Assign seriousness,Resolve ticket,Resolve ticket,Take in charge ticket,Resolve ticket,Closed,,,,,,,,,
2761.0,Assign seriousness,Assign seriousness,Resolve ticket,Closed,,,,,,,,,,,
2762.0,Take in charge ticket,Wait,Take in charge ticket,Wait,Resolve ticket,Closed,,,,,,,,,
2763.0,Assign seriousness,Take in charge ticket,Wait,Resolve ticket,Closed,,,,,,,,,,
2764.0,Assign seriousness,Assign seriousness,Take in charge ticket,Resolve ticket,Closed,,,,,,,,,,
2765.0,Assign seriousness,Take in charge ticket,,Closed,,,,,,,,,,,
2766.0,Assign seriousness,Resolve ticket,Closed,,,,,,,,,,,,
2767.0,Assign seriousness,Take in charge ticket,,Closed,,,,,,,,,,,
2768.0,Assign seriousness,Take in charge ticket,Take in charge ticket,Resolve ticket,Closed,,,,,,,,,,
2769.0,Assign seriousness,Assign seriousness,Take in charge ticket,Resolve ticket,Closed,,,,,,,,,,
2770.0,Assign seriousness,Take in charge ticket,Resolve ticket,Closed,,,,,,,,,,,
2771.0,Assign seriousness,Take in charge ticket,Resolve ticket,Closed,,,,,,,,,,,
2772.0,Assign seriousness,Take in charge ticket,Resolve ticket,,Closed,,,,,,,,,,
2773.0,Assign seriousness,Take in charge ticket,Resolve ticket,Closed,,,,,,,,,,,
2774.0,Assign seriousness,Take in charge ticket,Wait,Resolve ticket,Closed,,,,,,,,,,
2775.0,Assign seriousness,Take in charge ticket,Resolve ticket,Closed,,,,,,,,,,,
2776.0,Assign seriousness,Take in charge ticket,Resolve ticket,Closed,,,,,,,,,,,
2777.0,Assign seriousness,Take in charge ticket,Resolve ticket,Closed,,,,,,,,,,,
2778.0,Assign seriousness,Take in charge ticket,Resolve ticket,Resolve ticket,Closed,,,,,,,,,,
2779.0,Assign seriousness,Take in charge ticket,Resolve ticket,Closed,,,,,,,,,,,
2780.0,Assign seriousness,Take in charge ticket,Wait,Resolve ticket,Closed,,,,,,,,,,
2781.0,Assign seriousness,Take in charge ticket,Wait,Resolve ticket,Closed,,,,,,,,,,
2782.0,Assign seriousness,Take in charge ticket,Resolve ticket,Closed,,,,,,,,,,,
2783.0,Take in charge ticket,Resolve ticket,Closed,,,,,,,,,,,,
2784.0,Assign seriousness,Assign seriousness,Take in charge ticket,Resolve ticket,Closed,,,,,,,,,,
2785.0,Assign seriousness,Take in charge ticket,Resolve ticket,Closed,,,,,,,,,,,
2786.0,Assign seriousness,Take in charge ticket,Resolve ticket,Closed,,,,,,,,,,,
2787.0,Assign seriousness,Take in charge ticket,Wait,Take in charge ticket,Resolve ticket,Closed,,,,,,,,,
2788.0,Assign seriousness,,Resolve ticket,Closed,,,,,,,,,,,
2789.0,Assign seriousness,Take in charge ticket,Resolve ticket,Closed,,,,,,,,,,,
2790.0,Assign seriousness,Take in charge ticket,Resolve ticket,Closed,,,,,,,,,,,
2791.0,Insert ticket,Assign seriousness,Take in charge ticket,Assign seriousness,Assign seriousness,Wait,Take in charge ticket,Resolve ticket,Closed,,,,,,
2792.0,Insert ticket,Assign seriousness,Take in charge ticket,Resolve ticket,Closed,,,,,,,,,,
2793.0,Assign seriousness,Take in charge ticket,Resolve ticket,Closed,,,,,,,,,,,
2794.0,Assign seriousness,Take in charge ticket,Wait,Wait,Resolve ticket,Closed,,,,,,,,,
2795.0,Assign seriousness,Take in charge ticket,Resolve ticket,Closed,,,,,,,,,,,
2796.0,Assign seriousness,Assign seriousness,Take in charge ticket,Resolve ticket,Resolve ticket,Closed,,,,,,,,,
2797.0,Assign seriousness,Take in charge ticket,Resolve ticket,Closed,,,,,,,,,,,
2798.0,Assign seriousness,Wait,Take in charge ticket,Resolve ticket,Closed,,,,,,,,,,
2799.0,Assign seriousness,Take in charge ticket,Resolve ticket,Closed,,,,,,,,,,,
2800.0,Assign seriousness,Take in charge ticket,Resolve ticket,Closed,,,,,,,,,,,
2801.0,Assign seriousness,Take in charge ticket,Resolve ticket,Closed,,,,,,,,,,,
2802.0,Assign seriousness,Take in charge ticket,Create SW anomaly,Resolve ticket,Closed,,,,,,,,,,
2803.0,Assign seriousness,,Resolve ticket,Closed,,,,,,,,,,,
2804.0,Insert ticket,Assign seriousness,Take in charge ticket,Resolve ticket,Closed,,,,,,,,,,
2805.0,Insert ticket,Assign seriousness,Take in charge ticket,Wait,Wait,Take in charge ticket,Resolve ticket,Closed,,,,,,,
2806.0,Assign seriousness,Take in charge ticket,Resolve ticket,Closed,,,,,,,,,,,
2807.0,Assign seriousness,Take in charge ticket,Resolve ticket,Closed,,,,,,,,,,,
2808.0,Assign seriousness,Take in charge ticket,Resolve ticket,Closed,,,,,,,,,,,
2809.0,Assign seriousness,Take in charge ticket,Resolve ticket,Closed,,,,,,,,,,,
2810.0,Assign seriousness,Take in charge ticket,Resolve ticket,Closed,,,,,,,,,,,
2811.0,Assign seriousness,Assign seriousness,Take in charge ticket,Resolve ticket,Closed,,,,,,,,,,
2812.0,Assign seriousness,Take in charge ticket,Wait,Resolve ticket,Closed,,,,,,,,,,
2813.0,Assign seriousness,Take in charge ticket,Resolve ticket,Closed,,,,,,,,,,,
2814.0,Assign seriousness,Take in charge ticket,Wait,Take in charge ticket,Take in charge ticket,Resolve ticket,Closed,,,,,,,,
2815.0,Assign seriousness,Take in charge ticket,Resolve ticket,Closed,,,,,,,,,,,
2816.0,Assign seriousness,Take in charge ticket,Resolve ticket,Closed,,,,,,,,,,,
2817.0,Assign seriousness,Take in charge ticket,Resolve ticket,Closed,,,,,,,,,,,
2818.0,Assign seriousness,Take in charge ticket,Resolve ticket,Closed,,,,,,,,,,,
2819.0,Assign seriousness,Take in charge ticket,Wait,Resolve ticket,Closed,,,,,,,,,,
2820.0,Assign seriousness,Take in charge ticket,Wait,Resolve ticket,Closed,,,,,,,,,,
2821.0,Assign seriousness,Take in charge ticket,Wait,Take in charge ticket,Resolve ticket,Closed,,,,,,,,,
2822.0,Assign seriousness,Take in charge ticket,Resolve ticket,Closed,,,,,,,,,,,
2823.0,Assign seriousness,Take in charge ticket,Resolve ticket,Closed,,,,,,,,,,,
2824.0,Assign seriousness,Take in charge ticket,Wait,Wait,Take in charge ticket,Resolve ticket,Closed,,,,,,,,
2825.0,Assign seriousness,Take in charge ticket,Wait,Resolve ticket,Closed,,,,,,,,,,
2826.0,Assign seriousness,Take in charge ticket,Resolve ticket,Closed,,,,,,,,,,,
2827.0,Assign seriousness,Take in charge ticket,Resolve ticket,Resolve ticket,Closed,,,,,,,,,,
2828.0,Assign seriousness,Take in charge ticket,Resolve ticket,Closed,,,,,,,,,,,
2829.0,Assign seriousness,Take in charge ticket,Resolve ticket,Closed,,,,,,,,,,,
2830.0,,Take in charge ticket,Resolve ticket,Closed,,,,,,,,,,,
2831.0,Insert ticket,Assign seriousness,Assign seriousness,Take in charge ticket,Wait,Take in charge ticket,Resolve ticket,Closed,,,,,,,
2832.0,Assign seriousness,Take in charge ticket,Wait,Resolve ticket,Closed,,,,,,,,,,
2833.0,Assign seriousness,Take in charge ticket,Resolve ticket,Closed,,,,,,,,,,,
2834.0,Assign seriousness,Take in charge ticket,Wait,Resolve ticket,Closed,,,,,,,,,,
2835.0,Assign seriousness,Resolve ticket,Resolve ticket,Closed,,,,,,,,,,,
2836.0,Assign seriousness,Take in charge ticket,Resolve ticket,Closed,,,,,,,,,,,
2837.0,Assign seriousness,Take in charge ticket,Resolve ticket,Closed,,,,,,,,,,,
2838.0,Assign seriousness,Resolve ticket,Closed,,,,,,,,,,,,
2839.0,Assign seriousness,Assign seriousness,Assign seriousness,Take in charge ticket,Wait,Resolve ticket,Closed,,,,,,,,
2840.0,Assign seriousness,Take in charge ticket,Resolve ticket,Closed,,,,,,,,,,,
2841.0,Assign seriousness,Take in charge ticket,Resolve ticket,Closed,,,,,,,,,,,
2842.0,Assign seriousness,Take in charge ticket,Resolve ticket,Closed,,,,,,,,,,,
2843.0,Assign seriousness,Take in charge ticket,Resolve ticket,Closed,,,,,,,,,,,
2844.0,Assign seriousness,Take in charge ticket,,Take in charge ticket,Resolve ticket,Closed,,,,,,,,,
2845.0,Assign seriousness,Take in charge ticket,Resolve ticket,Closed,,,,,,,,,,,
2846.0,Assign seriousness,Take in charge ticket,Wait,Resolve ticket,Closed,,,,,,,,,,
2847.0,Assign seriousness,Take in charge ticket,Wait,Take in charge ticket,Resolve ticket,Closed,,,,,,,,,
2848.0,Assign seriousness,Take in charge ticket,Resolve ticket,Closed,,,,,,,,,,,
2849.0,Assign seriousness,Assign seriousness,Assign seriousness,Wait,Take in charge ticket,Resolve ticket,Closed,,,,,,,,
2850.0,Assign seriousness,Take in charge ticket,Resolve ticket,Closed,,,,,,,,,,,
2851.0,Assign seriousness,Take in charge ticket,Resolve ticket,Closed,,,,,,,,,,,
2852.0,Assign seriousness,Take in charge ticket,Wait,Resolve ticket,Closed,,,,,,,,,,
2853.0,Assign seriousness,Take in charge ticket,Wait,Wait,Take in charge ticket,Resolve ticket,Closed,,,,,,,,
2854.0,Assign seriousness,Resolve ticket,Closed,,,,,,,,,,,,
2855.0,Assign seriousness,Take in charge ticket,Wait,Take in charge ticket,Resolve ticket,Closed,,,,,,,,,
2856.0,Assign seriousness,Take in charge ticket,Resolve ticket,Closed,,,,,,,,,,,
2857.0,Assign seriousness,Take in charge ticket,Resolve ticket,Closed,,,,,,,,,,,
2858.0,,Take in charge ticket,Resolve ticket,Closed,,,,,,,,,,,
2859.0,Assign seriousness,Take in charge ticket,Wait,,Closed,,,,,,,,,,
2860.0,Assign seriousness,Take in charge ticket,Resolve ticket,Closed,,,,,,,,,,,
2861.0,Assign seriousness,Take in charge ticket,Wait,Resolve ticket,Closed,,,,,,,,,,
2862.0,Assign seriousness,Take in charge ticket,Resolve ticket,Closed,,,,,,,,,,,
2863.0,Assign seriousness,Take in charge ticket,Wait,Take in charge ticket,Resolve ticket,Closed,,,,,,,,,
2864.0,Assign seriousness,Take in charge ticket,Resolve ticket,Closed,,,,,,,,,,,
2865.0,Assign seriousness,Take in charge ticket,Resolve ticket,Closed,,,,,,,,,,,
2866.0,Assign seriousness,Take in charge ticket,Resolve ticket,Closed,,,,,,,,,,,
2867.0,Assign seriousness,Require upgrade,Require upgrade,Resolve ticket,Closed,,,,,,,,,,
2868.0,Assign seriousness,Take in charge ticket,Resolve ticket,Closed,,,,,,,,,,,
2869.0,,Take in charge ticket,Resolve ticket,Closed,,,,,,,,,,,
2870.0,Assign seriousness,Take in charge ticket,Resolve ticket,Closed,,,,,,,,,,,
2871.0,Assign seriousness,Take in charge ticket,Resolve ticket,Closed,,,,,,,,,,,
2872.0,Assign seriousness,Take in charge ticket,Resolve ticket,Closed,,,,,,,,,,,
2873.0,Assign seriousness,Take in charge ticket,Wait,Wait,Resolve ticket,Closed,,,,,,,,,
2874.0,Assign seriousness,Take in charge ticket,Resolve ticket,Closed,,,,,,,,,,,
2875.0,Assign seriousness,Take in charge ticket,Resolve ticket,Closed,,,,,,,,,,,
2876.0,Assign seriousness,Take in charge ticket,Resolve ticket,,,,,,,,,,,,
2877.0,Assign seriousness,Take in charge ticket,Wait,Resolve ticket,Closed,,,,,,,,,,
2878.0,Assign seriousness,Take in charge ticket,Resolve ticket,Closed,,,,,,,,,,,
2879.0,Assign seriousness,Take in charge ticket,Resolve ticket,Closed,,,,,,,,,,,
2880.0,Assign seriousness,Take in charge ticket,Wait,Take in charge ticket,Resolve ticket,Closed,,,,,,,,,
2881.0,Assign seriousness,Take in charge ticket,Resolve ticket,Closed,,,,,,,,,,,
2882.0,,Take in charge ticket,Resolve ticket,Closed,,,,,,,,,,,
2883.0,Assign seriousness,Take in charge ticket,Require upgrade,Take in charge ticket,Resolve ticket,Closed,,,,,,,,,
2884.0,Assign seriousness,Take in charge ticket,Resolve ticket,Take in charge ticket,Resolve ticket,Closed,,,,,,,,,
2885.0,,Take in charge ticket,Resolve ticket,Closed,,,,,,,,,,,
2886.0,Assign seriousness,Take in charge ticket,Resolve ticket,Closed,,,,,,,,,,,
2887.0,Assign seriousness,Take in charge ticket,Resolve ticket,Closed,,,,,,,,,,,
2888.0,Assign seriousness,Take in charge ticket,Resolve ticket,Closed,,,,,,,,,,,
2889.0,Assign seriousness,Take in charge ticket,Resolve ticket,Closed,,,,,,,,,,,
2890.0,Assign seriousness,Take in charge ticket,Wait,Resolve ticket,Resolve ticket,Closed,,,,,,,,,
2891.0,Assign seriousness,Take in charge ticket,Resolve ticket,Closed,,,,,,,,,,,
2892.0,Assign seriousness,Take in charge ticket,Resolve ticket,Closed,,,,,,,,,,,
2893.0,Assign seriousness,Take in charge ticket,Resolve ticket,Closed,,,,,,,,,,,
2894.0,Assign seriousness,Take in charge ticket,Resolve ticket,Closed,,,,,,,,,,,
2895.0,Insert ticket,Assign seriousness,Assign seriousness,Wait,Take in charge ticket,Resolve ticket,Take in charge ticket,Resolve ticket,Closed,,,,,,
2896.0,Assign seriousness,Take in charge ticket,Wait,Resolve ticket,Closed,,,,,,,,,,
2897.0,Assign seriousness,Take in charge ticket,Resolve ticket,Closed,,,,,,,,,,,
2898.0,Assign seriousness,Resolve ticket,Closed,,,,,,,,,,,,
2899.0,Assign seriousness,Take in charge ticket,Resolve ticket,Closed,,,,,,,,,,,
2900.0,Assign seriousness,Resolve ticket,Closed,,,,,,,,,,,,
2901.0,Assign seriousness,Assign seriousness,Take in charge ticket,Resolve ticket,Closed,,,,,,,,,,
2902.0,Assign seriousness,Take in charge ticket,Resolve ticket,Closed,,,,,,,,,,,
2903.0,Assign seriousness,Take in charge ticket,Resolve ticket,Resolve ticket,Closed,,,,,,,,,,
2904.0,Assign seriousness,Take in charge ticket,Require upgrade,Take in charge ticket,Resolve ticket,Closed,,,,,,,,,
2905.0,Assign seriousness,Resolve ticket,Closed,,,,,,,,,,,,
2906.0,Assign seriousness,Take in charge ticket,Take in charge ticket,Create SW anomaly,Resolve ticket,Closed,,,,,,,,,
2907.0,Assign seriousness,Take in charge ticket,Wait,Take in charge ticket,Resolve ticket,Resolve ticket,Closed,,,,,,,,
2908.0,Assign seriousness,Take in charge ticket,Resolve ticket,Closed,,,,,,,,,,,
2909.0,Assign seriousness,Take in charge ticket,,Closed,,,,,,,,,,,
2910.0,Assign seriousness,Assign seriousness,Take in charge ticket,Resolve ticket,Closed,,,,,,,,,,
2911.0,Assign seriousness,Assign seriousness,Take in charge ticket,Wait,Take in charge ticket,Resolve ticket,Closed,,,,,,,,
2912.0,Assign seriousness,Take in charge ticket,Resolve ticket,Closed,,,,,,,,,,,
2913.0,Assign seriousness,Take in charge ticket,Resolve ticket,Take in charge ticket,Wait,Take in charge ticket,Resolve ticket,Closed,,,,,,,
2914.0,Insert ticket,Assign seriousness,Take in charge ticket,Resolve ticket,Closed,,,,,,,,,,
2915.0,Assign seriousness,Take in charge ticket,Resolve ticket,Closed,,,,,,,,,,,
2916.0,Assign seriousness,Take in charge ticket,Resolve ticket,,,,,,,,,,,,
2917.0,Assign seriousness,Take in charge ticket,Wait,Require upgrade,Resolve ticket,Resolve ticket,Closed,,,,,,,,
2918.0,Assign seriousness,Take in charge ticket,Wait,Resolve ticket,Closed,,,,,,,,,,
2919.0,Assign seriousness,Take in charge ticket,Resolve ticket,Closed,,,,,,,,,,,
2920.0,Assign seriousness,Take in charge ticket,,Resolve ticket,Closed,,,,,,,,,,
2921.0,Assign seriousness,Take in charge ticket,Resolve ticket,Closed,,,,,,,,,,,
2922.0,Assign seriousness,Take in charge ticket,Wait,Take in charge ticket,Resolve ticket,Take in charge ticket,Resolve ticket,Closed,,,,,,,
2923.0,Assign seriousness,Take in charge ticket,Create SW anomaly,Create SW anomaly,Resolve ticket,Closed,,,,,,,,,
2924.0,Assign seriousness,Take in charge ticket,Resolve ticket,Closed,,,,,,,,,,,
2925.0,Assign seriousness,Take in charge ticket,Resolve ticket,Closed,,,,,,,,,,,
2926.0,Assign seriousness,Take in charge ticket,Resolve ticket,Closed,,,,,,,,,,,
2927.0,Assign seriousness,Take in charge ticket,Resolve ticket,Closed,,,,,,,,,,,
2928.0,Assign seriousness,Take in charge ticket,Resolve ticket,Closed,,,,,,,,,,,
2929.0,Assign seriousness,Assign seriousness,Take in charge ticket,Resolve ticket,Closed,,,,,,,,,,
2930.0,Assign seriousness,Take in charge ticket,Wait,Take in charge ticket,Resolve ticket,Closed,,,,,,,,,
2931.0,Assign seriousness,Wait,Resolve ticket,Closed,,,,,,,,,,,
2932.0,Assign seriousness,Take in charge ticket,Wait,Resolve ticket,Closed,,,,,,,,,,
2933.0,Assign seriousness,Resolve ticket,Resolve ticket,Closed,,,,,,,,,,,
2934.0,Assign seriousness,Take in charge ticket,Resolve ticket,Closed,,,,,,,,,,,
2935.0,Assign seriousness,Take in charge ticket,Wait,Resolve ticket,Closed,,,,,,,,,,
2936.0,Assign seriousness,Take in charge ticket,Resolve ticket,Closed,,,,,,,,,,,
2937.0,Assign seriousness,Take in charge ticket,Wait,Take in charge ticket,Resolve ticket,Closed,,,,,,,,,
2938.0,,Take in charge ticket,Wait,Resolve ticket,Closed,,,,,,,,,,
2939.0,Assign seriousness,Take in charge ticket,Resolve ticket,Closed,,,,,,,,,,,
2940.0,Assign seriousness,Take in charge ticket,Resolve ticket,Closed,,,,,,,,,,,
2941.0,Insert ticket,Assign seriousness,Take in charge ticket,Resolve ticket,Closed,,,,,,,,,,
2942.0,Assign seriousness,Wait,Resolve ticket,Closed,,,,,,,,,,,
2943.0,Assign seriousness,Take in charge ticket,Resolve ticket,Closed,,,,,,,,,,,
2944.0,Assign seriousness,Take in charge ticket,Resolve ticket,Closed,,,,,,,,,,,
2945.0,Assign seriousness,Take in charge ticket,Resolve ticket,Closed,,,,,,,,,,,
2946.0,Assign seriousness,Take in charge ticket,Resolve ticket,Closed,,,,,,,,,,,
2947.0,Assign seriousness,Take in charge ticket,Resolve ticket,Closed,,,,,,,,,,,
2948.0,Assign seriousness,Take in charge ticket,Wait,Resolve ticket,Closed,,,,,,,,,,
2949.0,Assign seriousness,Take in charge ticket,Resolve ticket,Closed,,,,,,,,,,,
2950.0,Assign seriousness,Take in charge ticket,Wait,Resolve ticket,Closed,,,,,,,,,,
2951.0,Assign seriousness,Take in charge ticket,Resolve ticket,Resolve ticket,Closed,,,,,,,,,,
2952.0,Assign seriousness,Take in charge ticket,Wait,Resolve ticket,Closed,,,,,,,,,,
2953.0,Assign seriousness,Take in charge ticket,Wait,Resolve ticket,Closed,,,,,,,,,,
2954.0,Assign seriousness,Take in charge ticket,Wait,Resolve ticket,Closed,,,,,,,,,,
2955.0,Assign seriousness,Take in charge ticket,Resolve ticket,Closed,,,,,,,,,,,
2956.0,Assign seriousness,Take in charge ticket,Require upgrade,Wait,Resolve ticket,Closed,,,,,,,,,
2957.0,Assign seriousness,,Resolve ticket,Closed,,,,,,,,,,,
2958.0,Assign seriousness,Assign seriousness,Take in charge ticket,Resolve ticket,Closed,,,,,,,,,,
2959.0,Assign seriousness,Take in charge ticket,Resolve ticket,Closed,,,,,,,,,,,
2960.0,Assign seriousness,Take in charge ticket,Resolve ticket,Closed,,,,,,,,,,,
2961.0,Assign seriousness,Wait,Assign seriousness,Take in charge ticket,Wait,Wait,Take in charge ticket,Resolve ticket,Closed,,,,,,
2962.0,Assign seriousness,Take in charge ticket,Resolve ticket,,,,,,,,,,,,
2963.0,Assign seriousness,Take in charge ticket,Resolve ticket,Closed,,,,,,,,,,,
,Assign seriousness,Take in charge ticket,Wait,Resolve ticket,Closed,,,,,,,,,,
2965.0,Assign seriousness,Take in charge ticket,Resolve ticket,Closed,,,,,,,,,,,
2966.0,Assign seriousness,Take in charge ticket,Resolve ticket,Closed,,,,,,,,,,,
2967.0,Assign seriousness,Assign seriousness,Take in charge ticket,Require upgrade,Require upgrade,Resolve ticket,Closed,,,,,,,,
2968.0,Assign seriousness,Resolve ticket,Resolve ticket,Closed,,,,,,,,,,,
2969.0,Assign seriousness,Take in charge ticket,Resolve ticket,Closed,,,,,,,,,,,
2970.0,Assign seriousness,Take in charge ticket,Resolve ticket,Resolve ticket,,,,,,,,,,,
2971.0,Assign seriousness,Take in charge ticket,Take in charge ticket,Require upgrade,Resolve ticket,Closed,,,,,,,,,
2972.0,Assign seriousness,Take in charge ticket,Resolve ticket,Closed,,,,,,,,,,,
2973.0,Assign seriousness,Take in charge ticket,Resolve ticket,Closed,,,,,,,,,,,
,Assign seriousness,Resolve ticket,Resolve ticket,Closed,,,,,,,,,,,
2975.0,Assign seriousness,Take in charge ticket,Resolve ticket,Closed,,,,,,,,,,,
2976.0,Assign seriousness,Take in charge ticket,Resolve ticket,Closed,,,,,,,,,,,
2977.0,Assign seriousness,Take in charge ticket,Resolve ticket,Closed,,,,,,,,,,,
2978.0,Assign seriousness,Take in charge ticket,Wait,Resolve ticket,Closed,,,,,,,,,,
2979.0,Assign seriousness,Take in charge ticket,Wait,Take in charge ticket,Resolve ticket,,,,,,,,,,
2980.0,Assign seriousness,Resolve ticket,Closed,,,,,,,,,,,,
2981.0,Assign seriousness,Take in charge ticket,Resolve ticket,Closed,,,,,,,,,,,
2982.0,Assign seriousness,Take in charge ticket,Resolve ticket,Closed,,,,,,,,,,,
2983.0,Assign seriousness,Take in charge ticket,Resolve ticket,Closed,,,,,,,,,,,
2984.0,Assign seriousness,Take in charge ticket,Resolve ticket,Closed,,,,,,,,,,,
2985.0,Assign seriousness,Take in charge ticket,Resolve ticket,Closed,,,,,,,,,,,
2986.0,Assign seriousness,Take in charge ticket,Resolve ticket,Closed,,,,,,,,,,,
2987.0,Assign seriousness,Assign seriousness,Take in charge ticket,Resolve ticket,Closed,,,,,,,,,,
2988.0,Assign seriousness,Take in charge ticket,Resolve ticket,Closed,,,,,,,,,,,
2989.0,Assign seriousness,Take in charge ticket,Resolve ticket,Closed,,,,,,,,,,,
2990.0,Assign seriousness,Assign seriousness,Take in charge ticket,Resolve ticket,Resolve ticket,Closed,,,,,,,,,
2991.0,Assign seriousness,Take in charge ticket,Resolve ticket,Closed,,,,,,,,,,,
2992.0,Assign seriousness,Take in charge ticket,Resolve ticket,Closed,,,,,,,,,,,
2993.0,Assign seriousness,Resolve ticket,Resolve ticket,Closed,,,,,,,,,,,
2994.0,Assign seriousness,Take in charge ticket,Resolve ticket,Closed,,,,,,,,,,,
2995.0,Assign seriousness,Take in charge ticket,Wait,Take in charge ticket,Resolve ticket,,,,,,,,,,
2996.0,Assign seriousness,Take in charge ticket,Wait,Resolve ticket,Closed,,,,,,,,,,
2997.0,Take in charge ticket,Wait,Wait,Resolve ticket,Closed,,,,,,,,,,
2998.0,Assign seriousness,Take in charge ticket,Wait,Take in charge ticket,Resolve ticket,Closed,,,,,,,,,
2999.0,Assign seriousness,Take in charge ticket,Take in charge ticket,Wait,Resolve ticket,Closed,,,,,,,,,
3000.0,Assign seriousness,Resolve ticket,Resolve ticket,Closed,,,,,,,,,,,
3001.0,Assign seriousness,Take in charge ticket,Require upgrade,Resolve ticket,Closed,,,,,,,,,,
3002.0,Assign seriousness,Assign seriousness,Take in charge ticket,Resolve ticket,Closed,,,,,,,,,,
3003.0,Assign seriousness,Take in charge ticket,Resolve ticket,Closed,,,,,,,,,,,
3004.0,Assign seriousness,Take in charge ticket,Wait,Resolve ticket,Closed,,,,,,,,,,
3005.0,Assign seriousness,Take in charge ticket,Resolve ticket,Closed,,,,,,,,,,,
3006.0,Assign seriousness,Take in charge ticket,Resolve ticket,Closed,,,,,,,,,,,
3007.0,Assign seriousness,Take in charge ticket,Resolve ticket,Closed,,,,,,,,,,,
3008.0,Take in charge ticket,Wait,Resolve ticket,Closed,,,,,,,,,,,
3009.0,Assign seriousness,Take in charge ticket,Resolve ticket,Closed,,,,,,,,,,,
3010.0,Assign seriousness,Resolve ticket,Closed,,,,,,,,,,,,
3011.0,Assign seriousness,Take in charge ticket,Resolve ticket,Closed,,,,,,,,,,,
3012.0,Assign seriousness,,Closed,,,,,,,,,,,,
3013.0,Assign seriousness,Take in charge ticket,Resolve ticket,Closed,,,,,,,,,,,
3014.0,Assign seriousness,Take in charge ticket,Take in charge ticket,Wait,Take in charge ticket,Resolve ticket,Closed,,,,,,,,
3015.0,Assign seriousness,Take in charge ticket,Resolve ticket,Closed,,,,,,,,,,,
3016.0,Assign seriousness,Take in charge ticket,Wait,Take in charge ticket,Resolve ticket,Closed,,,,,,,,,
3017.0,Insert ticket,Assign seriousness,Assign seriousness,Assign seriousness,Take in charge ticket,Resolve ticket,Closed,,,,,,,,
3018.0,Assign seriousness,Take in charge ticket,Resolve ticket,Closed,,,,,,,,,,,
3019.0,Assign seriousness,Assign seriousness,Take in charge ticket,Resolve ticket,Closed,,,,,,,,,,
3020.0,Assign seriousness,Take in charge ticket,Wait,Resolve ticket,Closed,,,,,,,,,,
3021.0,Assign seriousness,Take in charge ticket,Resolve ticket,Closed,,,,,,,,,,,
3022.0,Assign seriousness,Take in charge ticket,Resolve ticket,Take in charge ticket,Resolve ticket,Closed,,,,,,,,,
3023.0,Assign seriousness,Take in charge ticket,Wait,Resolve ticket,Closed,,,,,,,,,,
3024.0,Assign seriousness,Take in charge ticket,Wait,Take in charge ticket,Wait,Resolve ticket,Closed,,,,,,,,
3025.0,Assign seriousness,Take in charge ticket,Resolve ticket,Closed,,,,,,,,,,,
3026.0,Assign seriousness,Take in charge ticket,Resolve ticket,Resolve ticket,Closed,,,,,,,,,,
3027.0,Assign seriousness,Take in charge ticket,Resolve ticket,Closed,,,,,,,,,,,
3028.0,,Take in charge ticket,Resolve ticket,Closed,,,,,,,,,,,
3029.0,Assign seriousness,Take in charge ticket,Resolve ticket,Closed,,,,,,,,,,,
3030.0,Assign seriousness,Take in charge ticket,Resolve ticket,Closed,,,,,,,,,,,
3031.0,Assign seriousness,Take in charge ticket,Resolve ticket,Closed,,,,,,,,,,,
3032.0,Assign seriousness,Wait,Resolve ticket,Closed,,,,,,,,,,,
3033.0,Assign seriousness,Take in charge ticket,Resolve ticket,Closed,,,,,,,,,,,
3034.0,Assign seriousness,Take in charge ticket,Resolve ticket,Resolve ticket,Closed,,,,,,,,,,
3035.0,Assign seriousness,Take in charge ticket,Wait,Take in charge ticket,Resolve ticket,Take in charge ticket,Resolve ticket,Closed,,,,,,,
3036.0,Assign seriousness,Assign seriousness,Take in charge ticket,Wait,Take in charge ticket,Resolve ticket,Closed,,,,,,,,
3037.0,Assign seriousness,Take in charge ticket,Wait,Take in charge ticket,Resolve ticket,Closed,,,,,,,,,
3038.0,Assign seriousness,Take in charge ticket,Resolve ticket,Closed,,,,,,,,,,,
3039.0,Assign seriousness,Resolve ticket,Take in charge ticket,Resolve ticket,Closed,,,,,,,,,,
3040.0,Assign seriousness,Take in charge ticket,Take in charge ticket,Take in charge ticket,Resolve ticket,Closed,,,,,,,,,
3041.0,Assign seriousness,Take in charge ticket,Wait,Take in charge ticket,Resolve ticket,Closed,,,,,,,,,
3042.0,Assign seriousness,Take in charge ticket,Resolve ticket,Closed,,,,,,,,,,,
3043.0,Assign seriousness,Take in charge ticket,Resolve ticket,Closed,,,,,,,,,,,
3044.0,Assign seriousness,Take in charge ticket,Require upgrade,Resolve ticket,Resolve ticket,Closed,,,,,,,,,
3045.0,Assign seriousness,Take in charge ticket,Require upgrade,Resolve ticket,Closed,,,,,,,,,,
3046.0,Assign seriousness,Take in charge ticket,Resolve ticket,Closed,,,,,,,,,,,
3047.0,Assign seriousness,Take in charge ticket,Require upgrade,Resolve ticket,Closed,,,,,,,,,,
3048.0,Assign seriousness,Take in charge ticket,Resolve ticket,,Closed,,,,,,,,,,
3049.0,Assign seriousness,Take in charge ticket,Resolve ticket,Closed,,,,,,,,,,,
3050.0,Assign seriousness,,Resolve ticket,Closed,,,,,,,,,,,
3051.0,Assign seriousness,Take in charge ticket,Resolve ticket,Closed,,,,,,,,,,,
3052.0,Assign seriousness,Take in charge ticket,Resolve ticket,Closed,,,,,,,,,,,
3053.0,Assign seriousness,Take in charge ticket,Wait,Resolve ticket,Closed,,,,,,,,,,
3054.0,Assign seriousness,Take in charge ticket,Resolve ticket,Closed,,,,,,,,,,,
3055.0,Assign seriousness,Take in charge ticket,Resolve ticket,Closed,,,,,,,,,,,
3056.0,Assign seriousness,Take in charge ticket,Resolve ticket,Closed,,,,,,,,,,,
3057.0,Assign seriousness,Take in charge ticket,Create SW anomaly,Require upgrade,Resolve ticket,Closed,,,,,,,,,
3058.0,Assign seriousness,Take in charge ticket,Resolve ticket,Closed,,,,,,,,,,,
3059.0,Assign seriousness,Take in charge ticket,Wait,Resolve ticket,Closed,,,,,,,,,,
3060.0,Assign seriousness,Take in charge ticket,Resolve ticket,Closed,,,,,,,,,,,
3061.0,Assign seriousness,Take in charge ticket,Resolve ticket,Closed,,,,,,,,,,,
3062.0,Assign seriousness,Assign seriousness,Take in charge ticket,Create SW anomaly,Resolve SW anomaly,Resolve ticket,Closed,,,,,,,,
3063.0,Assign seriousness,Require upgrade,Resolve ticket,Closed,,,,,,,,,,,
3064.0,Assign seriousness,Take in charge ticket,Wait,Resolve ticket,Closed,,,,,,,,,,
3065.0,Insert ticket,Assign seriousness,Assign seriousness,Assign seriousness,Assign seriousness,Take in charge ticket,Resolve ticket,Closed,,,,,,,
3066.0,Assign seriousness,Take in charge ticket,Resolve ticket,Closed,,,,,,,,,,,
3067.0,Resolve ticket,Take in charge ticket,Resolve ticket,Closed,,,,,,,,,,,
3068.0,Assign seriousness,Assign seriousness,Take in charge ticket,Wait,Resolve ticket,Closed,,,,,,,,,
3069.0,Assign seriousness,Take in charge ticket,Wait,Resolve ticket,Closed,,,,,,,,,,
3070.0,Assign seriousness,Assign seriousness,Take in charge ticket,Resolve ticket,Closed,,,,,,,,,,
3071.0,Assign seriousness,Take in charge ticket,Resolve ticket,Closed,,,,,,,,,,,
3072.0,Assign seriousness,Take in charge ticket,Resolve ticket,Closed,,,,,,,,,,,
3073.0,,Take in charge ticket,Resolve ticket,Closed,,,,,,,,,,,
3074.0,Assign seriousness,Assign seriousness,Take in charge ticket,Wait,Take in charge ticket,Resolve ticket,Closed,,,,,,,,
3075.0,Assign seriousness,Take in charge ticket,Wait,Resolve ticket,Closed,,,,,,,,,,
3076.0,Assign seriousness,Take in charge ticket,Resolve ticket,Closed,,,,,,,,,,,
3077.0,Assign seriousness,Take in charge ticket,Resolve ticket,Resolve ticket,Closed,,,,,,,,,,
3078.0,Assign seriousness,Take in charge ticket,Resolve ticket,Closed,,,,,,,,,,,
3079.0,Assign seriousness,Take in charge ticket,Resolve ticket,Closed,,,,,,,,,,,
3080.0,Assign seriousness,Take in charge ticket,Resolve ticket,Closed,,,,,,,,,,,
3081.0,Assign seriousness,Take in charge ticket,Resolve ticket,Closed,,,,,,,,,,,
3082.0,Assign seriousness,Take in charge ticket,Resolve ticket,Closed,,,,,,,,,,,
3083.0,Assign seriousness,Resolve ticket,Closed,,,,,,,,,,,,
3084.0,Assign seriousness,Take in charge ticket,Resolve ticket,Closed,,,,,,,,,,,
3085.0,Assign seriousness,Take in charge ticket,Wait,Resolve ticket,Closed,,,,,,,,,,
3086.0,Assign seriousness,Take in charge ticket,Wait,Take in charge ticket,Resolve ticket,Closed,,,,,,,,,
3087.0,Assign seriousness,Take in charge ticket,Resolve ticket,Closed,,,,,,,,,,,
3088.0,Assign seriousness,Take in charge ticket,Wait,Resolve ticket,Closed,,,,,,,,,,
3089.0,Assign seriousness,Take in charge ticket,Require upgrade,Resolve ticket,Closed,,,,,,,,,,
3090.0,Assign seriousness,Take in charge ticket,Resolve ticket,Closed,,,,,,,,,,,
3091.0,Assign seriousness,Take in charge ticket,Wait,Resolve ticket,Closed,,,,,,,,,,
3092.0,Assign seriousness,Take in charge ticket,Resolve ticket,Resolve ticket,Closed,,,,,,,,,,
3093.0,Assign seriousness,Take in charge ticket,Resolve ticket,Closed,,,,,,,,,,,
3094.0,Assign seriousness,Resolve ticket,Closed,,,,,,,,,,,,
3095.0,Assign seriousness,Take in charge ticket,Resolve ticket,Closed,,,,,,,,,,,
3096.0,Assign seriousness,Take in charge ticket,Wait,Resolve ticket,,,,,,,,,,,
3097.0,Assign seriousness,Take in charge ticket,Resolve ticket,Closed,,,,,,,,,,,
3098.0,Assign seriousness,Take in charge ticket,Resolve ticket,Closed,,,,,,,,,,,
3099.0,Assign seriousness,Take in charge ticket,Wait,Wait,Take in charge ticket,Wait,Resolve ticket,Closed,,,,,,,
3100.0,Assign seriousness,Take in charge ticket,Take in charge ticket,Wait,Take in charge ticket,Resolve ticket,Closed,,,,,,,,
3101.0,Assign seriousness,Take in charge ticket,Wait,Resolve ticket,Closed,,,,,,,,,,
3102.0,Assign seriousness,Take in charge ticket,Resolve ticket,Closed,,,,,,,,,,,
3103.0,Assign seriousness,Take in charge ticket,Resolve ticket,Closed,,,,,,,,,,,
3104.0,Assign seriousness,Take in charge ticket,Wait,Wait,Create SW anomaly,Resolve ticket,Closed,,,,,,,,
3105.0,Assign seriousness,Assign seriousness,Assign seriousness,Take in charge ticket,Resolve ticket,Closed,,,,,,,,,
3106.0,Assign seriousness,Take in charge ticket,Resolve ticket,Closed,,,,,,,,,,,
3107.0,Assign seriousness,Take in charge ticket,Resolve ticket,Assign seriousness,Take in charge ticket,Resolve ticket,Closed,,,,,,,,
3108.0,Assign seriousness,Take in charge ticket,Wait,Resolve ticket,Closed,,,,,,,,,,
3109.0,Assign seriousness,Take in charge ticket,Resolve ticket,Closed,,,,,,,,,,,
3110.0,Assign seriousness,Take in charge ticket,Resolve ticket,Closed,,,,,,,,,,,
3111.0,Assign seriousness,Take in charge ticket,Resolve ticket,Closed,,,,,,,,,,,
3112.0,Assign seriousness,Take in charge ticket,Wait,Resolve ticket,Closed,,,,,,,,,,
3113.0,Assign seriousness,Take in charge ticket,Resolve ticket,Closed,,,,,,,,,,,
3114.0,Assign seriousness,Take in charge ticket,Resolve ticket,Closed,,,,,,,,,,,
3115.0,Assign seriousness,Take in charge ticket,Resolve ticket,Closed,,,,,,,,,,,
3116.0,Assign seriousness,Assign seriousness,Take in charge ticket,Resolve ticket,Closed,,,,,,,,,,
3117.0,Assign seriousness,Take in charge ticket,Wait,,Resolve ticket,Closed,,,,,,,,,
3118.0,Assign seriousness,Take in charge ticket,Resolve ticket,Closed,,,,,,,,,,,
3119.0,Assign seriousness,Take in charge ticket,Resolve ticket,Closed,,,,,,,,,,,
3120.0,Assign seriousness,Take in charge ticket,Resolve ticket,Closed,,,,,,,,,,,
3121.0,Assign seriousness,Take in charge ticket,Create SW anomaly,Resolve ticket,Closed,,,,,,,,,,
3122.0,Assign seriousness,Take in charge ticket,Resolve ticket,Closed,,,,,,,,,,,
,Assign seriousness,Assign seriousness,Assign seriousness,Resolve ticket,Closed,,,,,,,,,,
3124.0,Assign seriousness,Take in charge ticket,Wait,Take in charge ticket,Resolve ticket,,,,,,,,,,
3125.0,Assign seriousness,Take in charge ticket,Require upgrade,Take in charge ticket,Resolve ticket,Closed,,,,,,,,,
3126.0,Assign seriousness,Take in charge ticket,Resolve ticket,Closed,,,,,,,,,,,
3127.0,Assign seriousness,Take in charge ticket,Resolve ticket,Resolve ticket,Closed,,,,,,,,,,
3128.0,Assign seriousness,Take in charge ticket,Wait,Resolve ticket,Closed,,,,,,,,,,
3129.0,Assign seriousness,Take in charge ticket,Wait,Resolve ticket,Closed,,,,,,,,,,
3130.0,Assign seriousness,Take in charge ticket,Resolve ticket,Closed,,,,,,,,,,,
3131.0,Assign seriousness,Take in charge ticket,Wait,Resolve ticket,Closed,,,,,,,,,,
3132.0,Assign seriousness,Take in charge ticket,Resolve ticket,Closed,,,,,,,,,,,
3133.0,Assign seriousness,Take in charge ticket,,Closed,,,,,,,,,,,
3134.0,Take in charge ticket,Wait,Resolve ticket,Closed,,,,,,,,,,,
3135.0,Assign seriousness,Take in charge ticket,Resolve ticket,Closed,,,,,,,,,,,
3136.0,Insert ticket,Assign seriousness,Take in charge ticket,Wait,Take in charge ticket,Resolve ticket,Closed,,,,,,,,
3137.0,Assign seriousness,Take in charge ticket,Resolve ticket,Closed,,,,,,,,,,,
3138.0,Assign seriousness,Take in charge ticket,Wait,Take in charge ticket,Resolve ticket,Closed,,,,,,,,,
3139.0,Assign seriousness,Take in charge ticket,Wait,,Resolve ticket,Closed,,,,,,,,,
3140.0,Assign seriousness,Take in charge ticket,Resolve ticket,Closed,,,,,,,,,,,
3141.0,Assign seriousness,Take in charge ticket,Resolve ticket,Resolve ticket,Closed,,,,,,,,,,
3142.0,Take in charge ticket,Wait,Take in charge ticket,Resolve ticket,Resolve ticket,Closed,,,,,,,,,
3143.0,Assign seriousness,Take in charge ticket,Wait,Resolve ticket,Closed,,,,,,,,,,
3144.0,Assign seriousness,Take in charge ticket,Resolve ticket,Closed,,,,,,,,,,,
3145.0,Take in charge ticket,Take in charge ticket,Take in charge ticket,Resolve ticket,Closed,,,,,,,,,,
3146.0,Assign seriousness,Take in charge ticket,Resolve ticket,Closed,,,,,,,,,,,
3147.0,Assign seriousness,Take in charge ticket,Resolve ticket,Closed,,,,,,,,,,,
3148.0,Assign seriousness,Resolve ticket,Closed,,,,,,,,,,,,
3149.0,Assign seriousness,Take in charge ticket,Resolve ticket,Take in charge ticket,Wait,Take in charge ticket,Resolve ticket,Closed,,,,,,,
3150.0,Assign seriousness,Take in charge ticket,Resolve ticket,Closed,,,,,,,,,,,
3151.0,Assign seriousness,Resolve ticket,Closed,,,,,,,,,,,,
3152.0,Assign seriousness,Take in charge ticket,Resolve ticket,Closed,,,,,,,,,,,
3153.0,Assign seriousness,Take in charge ticket,Resolve ticket,Closed,,,,,,,,,,,
3154.0,Assign seriousness,Take in charge ticket,Resolve ticket,Closed,,,,,,,,,,,
3155.0,Assign seriousness,Take in charge ticket,Resolve ticket,,,,,,,,,,,,
3156.0,Assign seriousness,Take in charge ticket,Wait,Take in charge ticket,Resolve ticket,Closed,,,,,,,,,
3157.0,Assign seriousness,Take in charge ticket,Resolve ticket,Closed,,,,,,,,,,,
3158.0,Assign seriousness,Take in charge ticket,Wait,Resolve ticket,Closed,,,,,,,,,,
3159.0,Assign seriousness,Take in charge ticket,Resolve ticket,Closed,,,,,,,,,,,
3160.0,Assign seriousness,Take in charge ticket,Resolve ticket,Closed,,,,,,,,,,,
3161.0,Assign seriousness,Take in charge ticket,Wait,Resolve ticket,Closed,,,,,,,,,,
3162.0,Assign seriousness,Take in charge ticket,Require upgrade,Wait,Resolve ticket,Closed,,,,,,,,,
3163.0,Assign seriousness,Take in charge ticket,Resolve ticket,Closed,,,,,,,,,,,
3164.0,Assign seriousness,,Closed,,,,,,,,,,,,
3165.0,Assign seriousness,,Resolve ticket,Closed,,,,,,,,,,,
3166.0,Assign seriousness,Take in charge ticket,Resolve ticket,Closed,,,,,,,,,,,
3167.0,Assign seriousness,Take in charge ticket,Resolve ticket,Closed,,,,,,,,,,,
3168.0,Assign seriousness,Take in charge ticket,Wait,Resolve ticket,Closed,,,,,,,,,,
3169.0,Assign seriousness,Take in charge ticket,Wait,Resolve ticket,Closed,,,,,,,,,,
3170.0,Assign seriousness,Take in charge ticket,Wait,Resolve ticket,Closed,,,,,,,,,,
3171.0,Assign seriousness,Take in charge ticket,Create SW anomaly,Resolve ticket,Closed,,,,,,,,,,
3172.0,Assign seriousness,Take in charge ticket,Wait,Resolve ticket,Closed,,,,,,,,,,
3173.0,Assign seriousness,Assign seriousness,Take in charge ticket,Resolve ticket,Resolve ticket,Closed,,,,,,,,,
3174.0,Assign seriousness,Take in charge ticket,Resolve ticket,Closed,,,,,,,,,,,
3175.0,Assign seriousness,Take in charge ticket,Resolve ticket,Closed,,,,,,,,,,,
3176.0,Assign seriousness,Take in charge ticket,Resolve ticket,Closed,,,,,,,,,,,
3177.0,Assign seriousness,Assign seriousness,Take in charge ticket,Wait,Wait,Resolve ticket,Closed,,,,,,,,
3178.0,Assign seriousness,Take in charge ticket,Create SW anomaly,Resolve ticket,Closed,,,,,,,,,,
,Assign seriousness,Take in charge ticket,Resolve ticket,Closed,,,,,,,,,,,
3180.0,Assign seriousness,Assign seriousness,Take in charge ticket,Take in charge ticket,Resolve ticket,Closed,,,,,,,,,
3181.0,Assign seriousness,Take in charge ticket,Resolve ticket,,,,,,,,,,,,
3182.0,Insert ticket,Assign seriousness,Take in charge ticket,Wait,Take in charge ticket,Resolve ticket,Closed,,,,,,,,
3183.0,Assign seriousness,Assign seriousness,Take in charge ticket,Resolve ticket,Closed,,,,,,,,,,
3184.0,Assign seriousness,Take in charge ticket,Resolve ticket,Closed,,,,,,,,,,,
3185.0,Assign seriousness,Take in charge ticket,Resolve ticket,Closed,,,,,,,,,,,
3186.0,Assign seriousness,Assign seriousness,Take in charge ticket,Resolve ticket,Closed,,,,,,,,,,
3187.0,Assign seriousness,Take in charge ticket,Wait,Resolve ticket,Closed,,,,,,,,,,
3188.0,Assign seriousness,Take in charge ticket,Resolve ticket,Closed,,,,,,,,,,,
3189.0,Assign seriousness,Take in charge ticket,Resolve ticket,Closed,,,,,,,,,,,
3190.0,Assign seriousness,Take in charge ticket,Resolve ticket,Closed,,,,,,,,,,,
3191.0,Assign seriousness,Take in charge ticket,Resolve ticket,Closed,,,,,,,,,,,
3192.0,Assign seriousness,Take in charge ticket,Resolve ticket,Closed,,,,,,,,,,,
3193.0,Assign seriousness,Resolve ticket,Resolve ticket,Closed,,,,,,,,,,,
3194.0,Assign seriousness,Take in charge ticket,Resolve ticket,Closed,,,,,,,,,,,
3195.0,Assign seriousness,Take in charge ticket,Resolve ticket,Closed,,,,,,,,,,,
3196.0,Assign seriousness,Take in charge ticket,Resolve ticket,Closed,,,,,,,,,,,
3197.0,Assign seriousness,Take in charge ticket,Wait,Resolve ticket,Closed,,,,,,,,,,
3198.0,Assign seriousness,Take in charge ticket,Wait,Resolve ticket,Closed,,,,,,,,,,
3199.0,Assign seriousness,Take in charge ticket,Resolve ticket,Closed,,,,,,,,,,,
3200.0,Assign seriousness,Take in charge ticket,Create SW anomaly,Resolve ticket,Closed,,,,,,,,,,
3201.0,Assign seriousness,Take in charge ticket,Resolve ticket,Closed,,,,,,,,,,,
3202.0,Assign seriousness,Take in charge ticket,Resolve ticket,Closed,,,,,,,,,,,
3203.0,Assign seriousness,Assign seriousness,Take in charge ticket,Resolve ticket,Closed,,,,,,,,,,
3204.0,Assign seriousness,,Resolve ticket,Closed,,,,,,,,,,,
,Assign seriousness,Take in charge ticket,Resolve ticket,Closed,,,,,,,,,,,
3206.0,Assign seriousness,Take in charge ticket,Resolve ticket,Closed,,,,,,,,,,,
3207.0,Assign seriousness,Take in charge ticket,Resolve ticket,Closed,,,,,,,,,,,
3208.0,Assign seriousness,Take in charge ticket,Resolve ticket,Closed,,,,,,,,,,,
3209.0,Assign seriousness,Take in charge ticket,Create SW anomaly,Resolve ticket,Closed,,,,,,,,,,
3210.0,Assign seriousness,Assign seriousness,Take in charge ticket,Resolve ticket,Resolve ticket,Closed,,,,,,,,,
3211.0,Assign seriousness,Take in charge ticket,Resolve ticket,Closed,,,,,,,,,,,
3212.0,Assign seriousness,Resolve ticket,Closed,,,,,,,,,,,,
3213.0,Assign seriousness,Take in charge ticket,Resolve ticket,Closed,,,,,,,,,,,
3214.0,Assign seriousness,Assign seriousness,Take in charge ticket,Resolve ticket,Closed,,,,,,,,,,
3215.0,Assign seriousness,,Resolve ticket,Closed,,,,,,,,,,,
3216.0,Assign seriousness,Take in charge ticket,Resolve ticket,Closed,,,,,,,,,,,
3217.0,Assign seriousness,Take in charge ticket,Resolve ticket,Closed,,,,,,,,,,,
3218.0,Assign seriousness,Take in charge ticket,Resolve ticket,Closed,,,,,,,,,,,
3219.0,Assign seriousness,Take in charge ticket,Resolve ticket,Closed,,,,,,,,,,,
3220.0,Assign seriousness,Assign seriousness,Take in charge ticket,Resolve ticket,Closed,,,,,,,,,,
3221.0,Assign seriousness,Take in charge ticket,Resolve ticket,Closed,,,,,,,,,,,
3222.0,Assign seriousness,Take in charge ticket,Resolve ticket,Closed,,,,,,,,,,,
3223.0,Assign seriousness,Take in charge ticket,Wait,Take in charge ticket,Resolve ticket,Closed,Closed,,,,,,,,
3224.0,Assign seriousness,Resolve ticket,,,,,,,,,,,,,
3225.0,Assign seriousness,Take in charge ticket,Resolve ticket,Closed,,,,,,,,,,,
3226.0,Assign seriousness,Take in charge ticket,Resolve ticket,Closed,,,,,,,,,,,
3227.0,Assign seriousness,Resolve ticket,Closed,,,,,,,,,,,,
3228.0,,Take in charge ticket,Resolve ticket,Closed,,,,,,,,,,,
3229.0,Insert ticket,Assign seriousness,Take in charge ticket,Resolve ticket,Closed,,,,,,,,,,
3230.0,Assign seriousness,Take in charge ticket,Resolve ticket,Closed,,,,,,,,,,,
3231.0,Assign seriousness,Take in charge ticket,Resolve ticket,Closed,,,,,,,,,,,
3232.0,Assign seriousness,Take in charge ticket,Resolve ticket,Closed,,,,,,,,,,,
3233.0,Assign seriousness,Take in charge ticket,Resolve ticket,Resolve ticket,Closed,,,,,,,,,,
3234.0,Assign seriousness,Take in charge ticket,Require upgrade,Require upgrade,Take in charge ticket,Resolve ticket,Resolve ticket,Closed,,,,,,,
3235.0,Assign seriousness,Take in charge ticket,Wait,Wait,Take in charge ticket,Resolve ticket,Closed,,,,,,,,
3236.0,Assign seriousness,Take in charge ticket,Wait,Resolve ticket,Closed,,,,,,,,,,
3237.0,Assign seriousness,Take in charge ticket,Wait,Take in charge ticket,Resolve ticket,Closed,,,,,,,,,
3238.0,,Take in charge ticket,Resolve ticket,Closed,,,,,,,,,,,
3239.0,Assign seriousness,Take in charge ticket,Resolve ticket,Closed,,,,,,,,,,,
,Assign seriousness,Assign seriousness,Take in charge ticket,Wait,Take in charge ticket,Resolve ticket,Closed,,,,,,,,
3241.0,Assign seriousness,Take in charge ticket,Wait,Resolve ticket,Closed,,,,,,,,,,
3242.0,Assign seriousness,Resolve ticket,Closed,,,,,,,,,,,,
3243.0,Assign seriousness,Take in charge ticket,Resolve ticket,Closed,,,,,,,,,,,
3244.0,Assign seriousness,Take in charge ticket,Resolve ticket,Closed,,,,,,,,,,,
3245.0,Assign seriousness,Take in charge ticket,Resolve ticket,Closed,,,,,,,,,,,
3246.0,Assign seriousness,Take in charge ticket,Resolve ticket,Closed,,,,,,,,,,,
3247.0,Assign seriousness,Take in charge ticket,Resolve ticket,Closed,,,,,,,,,,,
3248.0,Assign seriousness,Take in charge ticket,Wait,Resolve ticket,Closed,,,,,,,,,,
3249.0,Assign seriousness,Take in charge ticket,Resolve ticket,Closed,,,,,,,,,,,
3250.0,Assign seriousness,Take in charge ticket,Resolve ticket,Closed,,,,,,,,,,,
3251.0,Assign seriousness,Take in charge ticket,Resolve ticket,Closed,,,,,,,,,,,
3252.0,Assign seriousness,Take in charge ticket,Resolve ticket,Closed,,,,,,,,,,,
3253.0,Assign seriousness,Take in charge ticket,Resolve ticket,Closed,,,,,,,,,,,
3254.0,,Take in charge ticket,Wait,Take in charge ticket,Resolve ticket,Closed,,,,,,,,,
3255.0,Assign seriousness,Take in charge ticket,Resolve SW anomaly,Resolve ticket,Closed,,,,,,,,,,
3256.0,Assign seriousness,Take in charge ticket,Resolve ticket,Closed,,,,,,,,,,,
3257.0,Assign seriousness,Take in charge ticket,Resolve ticket,Closed,,,,,,,,,,,
3258.0,Assign seriousness,Assign seriousness,Take in charge ticket,Wait,Take in charge ticket,Resolve ticket,Closed,,,,,,,,
3259.0,Assign seriousness,Take in charge ticket,Resolve ticket,Resolve ticket,Closed,,,,,,,,,,
3260.0,Assign seriousness,Take in charge ticket,Require upgrade,Resolve ticket,Closed,,,,,,,,,,
3261.0,Assign seriousness,Take in charge ticket,Resolve ticket,Closed,,,,,,,,,,,
3262.0,Assign seriousness,Take in charge ticket,Wait,Take in charge ticket,Resolve ticket,Closed,,,,,,,,,
3263.0,Assign seriousness,Take in charge ticket,Wait,Take in charge ticket,Resolve ticket,Closed,,,,,,,,,
3264.0,Assign seriousness,Take in charge ticket,Resolve ticket,Closed,,,,,,,,,,,
3265.0,Assign seriousness,Take in charge ticket,Resolve ticket,Closed,,,,,,,,,,,
3266.0,Assign seriousness,Take in charge ticket,Resolve ticket,Resolve ticket,Closed,,,,,,,,,,
3267.0,Assign seriousness,Take in charge ticket,Resolve ticket,Closed,,,,,,,,,,,
3268.0,Assign seriousness,Take in charge ticket,Resolve ticket,Closed,,,,,,,,,,,
3269.0,Assign seriousness,,Resolve ticket,Closed,,,,,,,,,,,
3270.0,Assign seriousness,Take in charge ticket,Resolve ticket,Closed,,,,,,,,,,,
3271.0,Assign seriousness,Take in charge ticket,Wait,Take in charge ticket,Wait,Take in charge ticket,Resolve ticket,Closed,,,,,,,
3272.0,Assign seriousness,Take in charge ticket,Wait,Resolve ticket,Resolve ticket,Closed,,,,,,,,,
3273.0,Assign seriousness,Take in charge ticket,Resolve ticket,Closed,,,,,,,,,,,
3274.0,Assign seriousness,Take in charge ticket,Resolve ticket,Closed,,,,,,,,,,,
3275.0,Take in charge ticket,Resolve ticket,Closed,,,,,,,,,,,,
3276.0,Assign seriousness,Take in charge ticket,Wait,Take in charge ticket,Resolve ticket,Closed,,,,,,,,,
3277.0,Assign seriousness,Resolve ticket,Resolve ticket,Closed,,,,,,,,,,,
,Assign seriousness,Take in charge ticket,Wait,Take in charge ticket,Resolve ticket,Closed,,,,,,,,,
3279.0,Assign seriousness,Take in charge ticket,Wait,Take in charge ticket,Resolve ticket,Closed,,,,,,,,,
3280.0,Assign seriousness,Assign seriousness,Take in charge ticket,Resolve ticket,Closed,,,,,,,,,,
3281.0,Assign seriousness,Assign seriousness,Resolve ticket,Closed,,,,,,,,,,,
3282.0,Assign seriousness,Take in charge ticket,Resolve ticket,Closed,,,,,,,,,,,
3283.0,Assign seriousness,Take in charge ticket,Resolve ticket,Closed,,,,,,,,,,,
3284.0,Assign seriousness,Take in charge ticket,Resolve ticket,Closed,,,,,,,,,,,
3285.0,Assign seriousness,Take in charge ticket,Resolve ticket,Closed,,,,,,,,,,,
3286.0,Assign seriousness,Assign seriousness,Take in charge ticket,Resolve ticket,Closed,,,,,,,,,,
3287.0,Assign seriousness,Take in charge ticket,Wait,Resolve ticket,Closed,,,,,,,,,,
3288.0,Assign seriousness,Take in charge ticket,Wait,Take in charge ticket,Resolve ticket,Closed,,,,,,,,,
3289.0,Assign seriousness,Take in charge ticket,Resolve ticket,Closed,,,,,,,,,,,
3290.0,Assign seriousness,Take in charge ticket,Resolve ticket,Closed,,,,,,,,,,,
3291.0,Assign seriousness,Take in charge ticket,Wait,Resolve ticket,Closed,,,,,,,,,,
3292.0,Assign seriousness,Take in charge ticket,Wait,Resolve ticket,Closed,,,,,,,,,,
3293.0,Assign seriousness,Take in charge ticket,Resolve ticket,Resolve ticket,Closed,,,,,,,,,,
3294.0,Assign seriousness,Take in charge ticket,Resolve ticket,Closed,,,,,,,,,,,
3295.0,Assign seriousness,Take in charge ticket,Resolve ticket,Closed,,,,,,,,,,,
3296.0,Assign seriousness,Take in charge ticket,Resolve ticket,Closed,,,,,,,,,,,
3297.0,Assign seriousness,Take in charge ticket,Resolve ticket,Closed,,,,,,,,,,,
3298.0,Assign seriousness,Take in charge ticket,Wait,Resolve ticket,Closed,,,,,,,,,,
3299.0,Assign seriousness,Take in charge ticket,Resolve ticket,Closed,,,,,,,,,,,
3300.0,Assign seriousness,Take in charge ticket,Resolve ticket,Take in charge ticket,Resolve ticket,Closed,,,,,,,,,
3301.0,Assign seriousness,Take in charge ticket,Resolve ticket,Closed,,,,,,,,,,,
3302.0,Assign seriousness,Take in charge ticket,Wait,Resolve ticket,Closed,,,,,,,,,,
3303.0,Assign seriousness,Take in charge ticket,Resolve ticket,Closed,,,,,,,,,,,
3304.0,Assign seriousness,Take in charge ticket,Resolve ticket,Closed,,,,,,,,,,,
3305.0,Assign seriousness,Take in charge ticket,Resolve ticket,Closed,,,,,,,,,,,
3306.0,Assign seriousness,Take in charge ticket,Wait,Take in charge ticket,Resolve ticket,Closed,,,,,,,,,
3307.0,Assign seriousness,Take in charge ticket,Wait,Resolve ticket,Closed,,,,,,,,,,
3308.0,Assign seriousness,Take in charge ticket,Create SW anomaly,Take in charge ticket,Wait,Resolve ticket,Closed,,,,,,,,
3309.0,Assign seriousness,Take in charge ticket,Resolve ticket,Take in charge ticket,Create SW anomaly,Resolve ticket,Closed,,,,,,,,
3310.0,Assign seriousness,Take in charge ticket,Resolve ticket,Closed,,,,,,,,,,,
3311.0,Assign seriousness,Take in charge ticket,Resolve ticket,Closed,,,,,,,,,,,
,Assign seriousness,Take in charge ticket,Resolve ticket,Closed,,,,,,,,,,,
3313.0,Assign seriousness,Take in charge ticket,Resolve ticket,Closed,,,,,,,,,,,
3314.0,Assign seriousness,Take in charge ticket,Resolve ticket,Closed,,,,,,,,,,,
3315.0,Assign seriousness,Take in charge ticket,Resolve ticket,Closed,,,,,,,,,,,
3316.0,Assign seriousness,Take in charge ticket,Take in charge ticket,Resolve ticket,Closed,,,,,,,,,,
3317.0,Assign seriousness,Take in charge ticket,Resolve ticket,Closed,,,,,,,,,,,
3318.0,Assign seriousness,Take in charge ticket,Wait,Resolve ticket,Closed,,,,,,,,,,
3319.0,Assign seriousness,Take in charge ticket,Resolve ticket,Closed,,,,,,,,,,,
,Assign seriousness,Take in charge ticket,Resolve ticket,Closed,,,,,,,,,,,
3321.0,Assign seriousness,Require upgrade,Resolve ticket,Closed,,,,,,,,,,,
3322.0,Assign seriousness,Take in charge ticket,Resolve ticket,Closed,,,,,,,,,,,
3323.0,Assign seriousness,Take in charge ticket,Resolve ticket,Closed,,,,,,,,,,,
3324.0,Assign seriousness,Take in charge ticket,Resolve ticket,Closed,,,,,,,,,,,
3325.0,Assign seriousness,Take in charge ticket,,Resolve ticket,Closed,,,,,,,,,,
3326.0,Take in charge ticket,Resolve ticket,Closed,,,,,,,,,,,,
3327.0,Assign seriousness,Resolve ticket,Resolve ticket,Take in charge ticket,Resolve ticket,Resolve ticket,Closed,,,,,,,,
3328.0,Assign seriousness,Assign seriousness,Take in charge ticket,Resolve ticket,Closed,,,,,,,,,,
3329.0,Assign seriousness,Assign seriousness,Take in charge ticket,Wait,,Resolve ticket,Closed,,,,,,,,
3330.0,Assign seriousness,Resolve ticket,Resolve ticket,Closed,,,,,,,,,,,
3331.0,Assign seriousness,Take in charge ticket,Wait,Take in charge ticket,Wait,Resolve ticket,Closed,,,,,,,,
3332.0,Assign seriousness,Take in charge ticket,Wait,Resolve ticket,Closed,,,,,,,,,,
3333.0,Assign seriousness,Take in charge ticket,Resolve ticket,Closed,,,,,,,,,,,
3334.0,Assign seriousness,Take in charge ticket,Resolve ticket,Resolve ticket,Closed,,,,,,,,,,
3335.0,Assign seriousness,Take in charge ticket,Resolve ticket,Closed,,,,,,,,,,,
3336.0,Assign seriousness,Take in charge ticket,Resolve ticket,Closed,,,,,,,,,,,
3337.0,Assign seriousness,Wait,Take in charge ticket,Resolve ticket,Closed,,,,,,,,,,
3338.0,Assign seriousness,Take in charge ticket,Resolve ticket,Closed,,,,,,,,,,,
3339.0,Assign seriousness,Take in charge ticket,Resolve ticket,Closed,,,,,,,,,,,
3340.0,Assign seriousness,Take in charge ticket,Wait,Resolve ticket,Closed,,,,,,,,,,
3341.0,Assign seriousness,Take in charge ticket,Require upgrade,Resolve ticket,Closed,,,,,,,,,,
3342.0,Assign seriousness,,Take in charge ticket,Resolve ticket,Closed,,,,,,,,,,
3343.0,Assign seriousness,Take in charge ticket,Resolve ticket,Closed,,,,,,,,,,,
3344.0,Assign seriousness,Take in charge ticket,Resolve ticket,Closed,,,,,,,,,,,
3345.0,Assign seriousness,Take in charge ticket,Wait,Resolve ticket,Closed,,,,,,,,,,
3346.0,Assign seriousness,Take in charge ticket,Resolve ticket,Closed,,,,,,,,,,,
3347.0,Assign seriousness,Wait,Wait,Resolve ticket,Closed,,,,,,,,,,
3348.0,Assign seriousness,Take in charge ticket,Resolve ticket,Closed,,,,,,,,,,,
3349.0,Assign seriousness,Assign seriousness,Take in charge ticket,Wait,Wait,Take in charge ticket,Resolve ticket,Closed,,,,,,,
3350.0,Assign seriousness,Take in charge ticket,Resolve ticket,Resolve ticket,Closed,,,,,,,,,,
3351.0,Assign seriousness,Take in charge ticket,Resolve ticket,Closed,,,,,,,,,,,
3352.0,Assign seriousness,Take in charge ticket,Resolve ticket,Closed,,,,,,,,,,,
3353.0,Assign seriousness,Take in charge ticket,Resolve ticket,Take in charge ticket,Resolve ticket,Closed,,,,,,,,,
3354.0,Assign seriousness,Take in charge ticket,Wait,Resolve ticket,Closed,,,,,,,,,,
3355.0,Assign seriousness,Take in charge ticket,Wait,Resolve ticket,Closed,,,,,,,,,,
3356.0,Assign seriousness,Take in charge ticket,Resolve ticket,Closed,,,,,,,,,,,
3357.0,Assign seriousness,Take in charge ticket,Resolve ticket,Closed,,,,,,,,,,,
3358.0,Assign seriousness,Take in charge ticket,Resolve ticket,Closed,,,,,,,,,,,
3359.0,Assign seriousness,Take in charge ticket,Resolve ticket,Closed,,,,,,,,,,,
3360.0,Assign seriousness,Take in charge ticket,Resolve ticket,Closed,,,,,,,,,,,
3361.0,Assign seriousness,Take in charge ticket,Resolve ticket,Closed,,,,,,,,,,,
3362.0,Assign seriousness,Take in charge ticket,Resolve ticket,Closed,,,,,,,,,,,
3363.0,Assign seriousness,Take in charge ticket,Resolve ticket,Closed,,,,,,,,,,,
3364.0,Assign seriousness,Take in charge ticket,Resolve ticket,Closed,,,,,,,,,,,
3365.0,Assign seriousness,Take in charge ticket,Resolve ticket,Closed,,,,,,,,,,,
3366.0,Assign seriousness,Take in charge ticket,Resolve ticket,Closed,,,,,,,,,,,
3367.0,Assign seriousness,Assign seriousness,Take in charge ticket,Resolve ticket,Closed,,,,,,,,,,
3368.0,Assign seriousness,Assign seriousness,Take in charge ticket,Wait,Take in charge ticket,Resolve ticket,Closed,,,,,,,,
3369.0,Assign seriousness,Take in charge ticket,Create SW anomaly,Resolve ticket,Closed,,,,,,,,,,
3370.0,Assign seriousness,Take in charge ticket,Resolve ticket,Closed,,,,,,,,,,,
3371.0,Assign seriousness,Take in charge ticket,Take in charge ticket,Wait,Take in charge ticket,Resolve ticket,Closed,,,,,,,,
3372.0,Assign seriousness,Take in charge ticket,Resolve ticket,Closed,,,,,,,,,,,
3373.0,Assign seriousness,Take in charge ticket,Resolve ticket,Closed,,,,,,,,,,,
3374.0,Assign seriousness,Take in charge ticket,Take in charge ticket,Resolve ticket,Closed,,,,,,,,,,
3375.0,Assign seriousness,Take in charge ticket,Resolve ticket,Closed,,,,,,,,,,,
3376.0,Assign seriousness,Take in charge ticket,Resolve ticket,Closed,,,,,,,,,,,
3377.0,Assign seriousness,Take in charge ticket,Resolve ticket,Closed,,,,,,,,,,,
3378.0,Assign seriousness,Take in charge ticket,Resolve ticket,Closed,,,,,,,,,,,
3379.0,Assign seriousness,Take in charge ticket,Resolve ticket,Closed,,,,,,,,,,,
3380.0,Assign seriousness,Take in charge ticket,Resolve ticket,Closed,,,,,,,,,,,
3381.0,Assign seriousness,Take in charge ticket,Resolve ticket,Closed,,,,,,,,,,,
3382.0,Assign seriousness,Take in charge ticket,Resolve ticket,Closed,,,,,,,,,,,
3383.0,Assign seriousness,Assign seriousness,Take in charge ticket,Resolve ticket,Closed,,,,,,,,,,
3384.0,Assign seriousness,Take in charge ticket,Resolve ticket,Resolve ticket,Closed,,,,,,,,,,
3385.0,Assign seriousness,Take in charge ticket,Resolve ticket,Closed,,,,,,,,,,,
3386.0,Assign seriousness,Take in charge ticket,Resolve ticket,Closed,,,,,,,,,,,
3387.0,Assign seriousness,Take in charge ticket,Resolve ticket,Closed,,,,,,,,,,,
3388.0,Assign seriousness,Wait,Take in charge ticket,Resolve ticket,Resolve ticket,Closed,,,,,,,,,
3389.0,Assign seriousness,Take in charge ticket,Wait,Resolve ticket,Closed,,,,,,,,,,
3390.0,Assign seriousness,Take in charge ticket,Resolve ticket,Closed,,,,,,,,,,,
3391.0,Assign seriousness,Take in charge ticket,Wait,Resolve ticket,Closed,,,,,,,,,,
3392.0,Assign seriousness,,Create SW anomaly,Resolve ticket,Closed,,,,,,,,,,
3393.0,Assign seriousness,Take in charge ticket,Resolve ticket,Closed,,,,,,,,,,,
3394.0,Assign seriousness,Take in charge ticket,Resolve ticket,Closed,,,,,,,,,,,
3395.0,Assign seriousness,Take in charge ticket,Wait,Resolve ticket,Closed,,,,,,,,,,
3396.0,Assign seriousness,Take in charge ticket,Resolve ticket,Closed,,,,,,,,,,,
3397.0,Assign seriousness,Take in charge ticket,Wait,Take in charge ticket,Resolve ticket,Closed,,,,,,,,,
3398.0,Assign seriousness,Resolve ticket,Closed,,,,,,,,,,,,
3399.0,Assign seriousness,Take in charge ticket,Resolve ticket,Closed,,,,,,,,,,,
3400.0,Assign seriousness,Take in charge ticket,Require upgrade,,Closed,,,,,,,,,,
3401.0,Assign seriousness,Take in charge ticket,Resolve ticket,Closed,,,,,,,,,,,
3402.0,Assign seriousness,Take in charge ticket,Resolve ticket,Closed,,,,,,,,,,,
3403.0,Assign seriousness,Take in charge ticket,Resolve ticket,Closed,,,,,,,,,,,
3404.0,Assign seriousness,Take in charge ticket,Resolve ticket,Closed,,,,,,,,,,,
3405.0,Assign seriousness,Take in charge ticket,Wait,Wait,Take in charge ticket,Resolve ticket,Closed,,,,,,,,
3406.0,Assign seriousness,Take in charge ticket,Wait,Resolve ticket,Closed,,,,,,,,,,
3407.0,Assign seriousness,Take in charge ticket,Resolve ticket,Closed,,,,,,,,,,,
3408.0,Assign seriousness,Take in charge ticket,Resolve ticket,Closed,,,,,,,,,,,
3409.0,Assign seriousness,Take in charge ticket,Resolve ticket,Closed,,,,,,,,,,,
3410.0,Assign seriousness,Take in charge ticket,Resolve ticket,Closed,,,,,,,,,,,
3411.0,Assign seriousness,Take in charge ticket,Resolve ticket,Closed,,,,,,,,,,,
3412.0,Assign seriousness,Take in charge ticket,Resolve ticket,Closed,,,,,,,,,,,
3413.0,Assign seriousness,Assign seriousness,Take in charge ticket,Resolve ticket,Closed,,,,,,,,,,
3414.0,Assign seriousness,Take in charge ticket,Wait,Resolve ticket,Closed,,,,,,,,,,
3415.0,Assign seriousness,Assign seriousness,Take in charge ticket,Wait,Take in charge ticket,Resolve ticket,Closed,,,,,,,,
3416.0,Assign seriousness,Take in charge ticket,Wait,Take in charge ticket,Resolve ticket,Closed,,,,,,,,,
3417.0,Assign seriousness,Assign seriousness,Take in charge ticket,Resolve ticket,Closed,,,,,,,,,,
3418.0,Assign seriousness,Take in charge ticket,Wait,Wait,Wait,Wait,Resolve ticket,Closed,,,,,,,
3419.0,Assign seriousness,Take in charge ticket,Resolve ticket,Closed,,,,,,,,,,,
3420.0,Assign seriousness,Take in charge ticket,Resolve ticket,Closed,,,,,,,,,,,
3421.0,Take in charge ticket,Resolve ticket,Take in charge ticket,Wait,Take in charge ticket,Wait,Resolve ticket,Closed,,,,,,,
3422.0,Assign seriousness,Take in charge ticket,Wait,Resolve ticket,Closed,,,,,,,,,,
3423.0,Assign seriousness,,Resolve ticket,Closed,,,,,,,,,,,
3424.0,Assign seriousness,Take in charge ticket,Resolve ticket,Closed,,,,,,,,,,,
3425.0,Assign seriousness,Create SW anomaly,,Resolve SW anomaly,Resolve SW anomaly,Require upgrade,Resolve ticket,Closed,,,,,,,
3426.0,Assign seriousness,Take in charge ticket,Resolve ticket,Closed,,,,,,,,,,,
3427.0,Assign seriousness,Take in charge ticket,Resolve ticket,Closed,,,,,,,,,,,
3428.0,Assign seriousness,Take in charge ticket,Resolve ticket,Resolve ticket,Closed,,,,,,,,,,
3429.0,Assign seriousness,Take in charge ticket,Resolve ticket,Closed,,,,,,,,,,,
3430.0,Assign seriousness,Assign seriousness,Take in charge ticket,Wait,Resolve ticket,Closed,,,,,,,,,
3431.0,Assign seriousness,Take in charge ticket,Wait,Take in charge ticket,Resolve ticket,Take in charge ticket,Resolve ticket,Closed,,,,,,,
3432.0,Insert ticket,Assign seriousness,Take in charge ticket,Resolve ticket,Closed,,,,,,,,,,
3433.0,Assign seriousness,Take in charge ticket,Resolve ticket,Closed,,,,,,,,,,,
3434.0,Assign seriousness,Assign seriousness,Take in charge ticket,Resolve ticket,Closed,,,,,,,,,,
3435.0,Assign seriousness,Take in charge ticket,Take in charge ticket,Wait,Resolve ticket,Closed,,,,,,,,,
3436.0,Assign seriousness,Take in charge ticket,Resolve ticket,Closed,,,,,,,,,,,
3437.0,Assign seriousness,Assign seriousness,Assign seriousness,Take in charge ticket,Resolve ticket,Closed,,,,,,,,,
3438.0,Assign seriousness,Take in charge ticket,Wait,Take in charge ticket,Resolve ticket,Closed,,,,,,,,,
3439.0,Assign seriousness,Resolve ticket,Closed,,,,,,,,,,,,
3440.0,Insert ticket,Assign seriousness,Take in charge ticket,Resolve ticket,Closed,,,,,,,,,,
3441.0,Assign seriousness,Take in charge ticket,Resolve ticket,Closed,,,,,,,,,,,
3442.0,Assign seriousness,Take in charge ticket,Resolve ticket,Closed,,,,,,,,,,,
3443.0,Assign seriousness,Take in charge ticket,Wait,Resolve ticket,Closed,,,,,,,,,,
3444.0,Assign seriousness,Take in charge ticket,Resolve ticket,Closed,,,,,,,,,,,
3445.0,Assign seriousness,Take in charge ticket,Wait,Take in charge ticket,Resolve ticket,Closed,,,,,,,,,
3446.0,Assign seriousness,Take in charge ticket,Wait,Resolve ticket,Closed,,,,,,,,,,
3447.0,,Take in charge ticket,Resolve ticket,Closed,,,,,,,,,,,
3448.0,Assign seriousness,Take in charge ticket,Resolve ticket,Take in charge ticket,Resolve ticket,Closed,,,,,,,,,
3449.0,Assign seriousness,Assign seriousness,Take in charge ticket,Resolve ticket,Closed,,,,,,,,,,
3450.0,Assign seriousness,Take in charge ticket,Resolve ticket,Closed,,,,,,,,,,,
3451.0,Assign seriousness,Take in charge ticket,Resolve ticket,Closed,,,,,,,,,,,
3452.0,Assign seriousness,Take in charge ticket,Resolve ticket,Closed,,,,,,,,,,,
3453.0,Assign seriousness,Take in charge ticket,Wait,Resolve ticket,Closed,,,,,,,,,,
3454.0,Assign seriousness,Take in charge ticket,Resolve ticket,Closed,,,,,,,,,,,
3455.0,Assign seriousness,Take in charge ticket,,Closed,,,,,,,,,,,
3456.0,Assign seriousness,Take in charge ticket,Resolve ticket,Closed,,,,,,,,,,,
3457.0,Assign seriousness,Assign seriousness,Take in charge ticket,Resolve ticket,Closed,,,,,,,,,,
3458.0,Assign seriousness,Take in charge ticket,Resolve ticket,Closed,,,,,,,,,,,
3459.0,Assign seriousness,Resolve ticket,Resolve ticket,Closed,,,,,,,,,,,
3460.0,Assign seriousness,Take in charge ticket,Wait,Take in charge ticket,Resolve ticket,Closed,,,,,,,,,
3461.0,Assign seriousness,Resolve ticket,Closed,,,,,,,,,,,,
3462.0,Insert ticket,Assign seriousness,Take in charge ticket,Resolve ticket,Closed,,,,,,,,,,
3463.0,Assign seriousness,Assign seriousness,Take in charge ticket,Wait,Take in charge ticket,Resolve ticket,,,,,,,,,
3464.0,Assign seriousness,Take in charge ticket,Resolve ticket,Closed,,,,,,,,,,,
3465.0,Assign seriousness,Resolve ticket,Closed,,,,,,,,,,,,
3466.0,Assign seriousness,Take in charge ticket,Resolve ticket,Resolve ticket,Closed,,,,,,,,,,
3467.0,Assign seriousness,Take in charge ticket,Wait,Resolve ticket,,,,,,,,,,,
3468.0,Assign seriousness,Resolve ticket,Closed,,,,,,,,,,,,
3469.0,Assign seriousness,Take in charge ticket,Resolve ticket,Closed,,,,,,,,,,,
3470.0,Assign seriousness,Take in charge ticket,Wait,Take in charge ticket,Resolve ticket,Closed,,,,,,,,,
3471.0,Assign seriousness,Take in charge ticket,Wait,Take in charge ticket,Wait,Take in charge ticket,Resolve ticket,Closed,,,,,,,
3472.0,Assign seriousness,Resolve ticket,Closed,,,,,,,,,,,,
3473.0,Assign seriousness,Take in charge ticket,Resolve ticket,Closed,,,,,,,,,,,
3474.0,Assign seriousness,Take in charge ticket,Resolve ticket,Closed,,,,,,,,,,,
3475.0,Assign seriousness,Take in charge ticket,Resolve ticket,Closed,,,,,,,,,,,
3476.0,Assign seriousness,Take in charge ticket,Resolve ticket,Closed,,,,,,,,,,,
3477.0,Assign seriousness,Take in charge ticket,Resolve ticket,Closed,,,,,,,,,,,
3478.0,Assign seriousness,Take in charge ticket,Resolve ticket,Closed,,,,,,,,,,,
3479.0,Assign seriousness,Take in charge ticket,Resolve ticket,Closed,,,,,,,,,,,
3480.0,Assign seriousness,Take in charge ticket,Resolve ticket,Closed,,,,,,,,,,,
3481.0,Assign seriousness,Take in charge ticket,Resolve ticket,Take in charge ticket,Wait,Take in charge ticket,Resolve ticket,Closed,,,,,,,
3482.0,Assign seriousness,Take in charge ticket,Resolve ticket,Closed,,,,,,,,,,,
3483.0,Assign seriousness,,Resolve ticket,Closed,,,,,,,,,,,
3484.0,Assign seriousness,Take in charge ticket,Resolve ticket,Closed,,,,,,,,,,,
3485.0,Assign seriousness,Assign seriousness,Take in charge ticket,Wait,Take in charge ticket,Resolve ticket,Closed,,,,,,,,
3486.0,Assign seriousness,Take in charge ticket,Resolve ticket,Closed,,,,,,,,,,,
3487.0,Assign seriousness,Take in charge ticket,Wait,Take in charge ticket,Resolve ticket,Closed,,,,,,,,,
3488.0,Assign seriousness,Take in charge ticket,Resolve ticket,Resolve ticket,Closed,,,,,,,,,,
3489.0,Assign seriousness,Take in charge ticket,Resolve ticket,Closed,,,,,,,,,,,
3490.0,Assign seriousness,Take in charge ticket,Take in charge ticket,Wait,Take in charge ticket,Resolve ticket,Closed,,,,,,,,
3491.0,Assign seriousness,Assign seriousness,Take in charge ticket,Wait,Take in charge ticket,Resolve ticket,Closed,,,,,,,,
3492.0,Assign seriousness,Take in charge ticket,Resolve ticket,Closed,,,,,,,,,,,
3493.0,Assign seriousness,Take in charge ticket,Resolve ticket,Closed,,,,,,,,,,,
3494.0,Assign seriousness,Take in charge ticket,Resolve ticket,Closed,,,,,,,,,,,
3495.0,,Take in charge ticket,Create SW anomaly,Resolve ticket,Closed,,,,,,,,,,
3496.0,Assign seriousness,Take in charge ticket,Resolve ticket,Closed,,,,,,,,,,,
3497.0,Assign seriousness,Take in charge ticket,Require upgrade,Resolve ticket,Closed,,,,,,,,,,
3498.0,Assign seriousness,Take in charge ticket,Wait,Resolve ticket,Closed,,,,,,,,,,
3499.0,Assign seriousness,Take in charge ticket,Resolve ticket,Closed,,,,,,,,,,,
3500.0,Assign seriousness,Resolve ticket,Closed,,,,,,,,,,,,
3501.0,Assign seriousness,Take in charge ticket,Resolve ticket,Closed,,,,,,,,,,,
3502.0,Assign seriousness,Take in charge ticket,Resolve ticket,Closed,,,,,,,,,,,
3503.0,Assign seriousness,Take in charge ticket,,Closed,,,,,,,,,,,
3504.0,Assign seriousness,Assign seriousness,Take in charge ticket,Resolve ticket,Closed,,,,,,,,,,
3505.0,Assign seriousness,Take in charge ticket,Resolve ticket,Closed,,,,,,,,,,,
3506.0,Assign seriousness,Take in charge ticket,Wait,Resolve ticket,Closed,,,,,,,,,,
3507.0,Assign seriousness,Take in charge ticket,Wait,Take in charge ticket,Resolve ticket,Closed,,,,,,,,,
3508.0,Assign seriousness,Take in charge ticket,Resolve ticket,Take in charge ticket,Resolve ticket,Closed,,,,,,,,,
3509.0,Assign seriousness,Take in charge ticket,Resolve ticket,Closed,,,,,,,,,,,
3510.0,Assign seriousness,Take in charge ticket,Wait,Resolve ticket,Closed,,,,,,,,,,
3511.0,Assign seriousness,Take in charge ticket,Resolve ticket,Closed,,,,,,,,,,,
3512.0,Assign seriousness,Take in charge ticket,Wait,Resolve ticket,Closed,,,,,,,,,,
3513.0,Assign seriousness,Take in charge ticket,Resolve ticket,Closed,,,,,,,,,,,
3514.0,Assign seriousness,Assign seriousness,Assign seriousness,Take in charge ticket,Resolve ticket,Closed,,,,,,,,,
3515.0,Assign seriousness,Take in charge ticket,Resolve ticket,Closed,,,,,,,,,,,
3516.0,Assign seriousness,Take in charge ticket,Resolve ticket,Closed,,,,,,,,,,,
3517.0,Assign seriousness,Take in charge ticket,Resolve ticket,Closed,,,,,,,,,,,
3518.0,Assign seriousness,Take in charge ticket,Resolve ticket,Closed,,,,,,,,,,,
3519.0,Assign seriousness,Take in charge ticket,Resolve ticket,Closed,,,,,,,,,,,
3520.0,Assign seriousness,Take in charge ticket,Resolve ticket,Closed,,,,,,,,,,,
3521.0,Assign seriousness,Resolve ticket,Closed,,,,,,,,,,,,
3522.0,Insert ticket,Assign seriousness,Take in charge ticket,Resolve ticket,Closed,,,,,,,,,,
3523.0,Assign seriousness,Take in charge ticket,Wait,Resolve ticket,Closed,,,,,,,,,,
,Assign seriousness,Take in charge ticket,Wait,Resolve ticket,Closed,,,,,,,,,,
3525.0,Assign seriousness,Take in charge ticket,Resolve ticket,Closed,,,,,,,,,,,
3526.0,Assign seriousness,Take in charge ticket,Wait,Take in charge ticket,Resolve ticket,,,,,,,,,,
3527.0,Assign seriousness,Take in charge ticket,Wait,Resolve ticket,Closed,,,,,,,,,,
3528.0,Assign seriousness,Take in charge ticket,Resolve ticket,Closed,,,,,,,,,,,
3529.0,Assign seriousness,Take in charge ticket,Resolve ticket,Closed,,,,,,,,,,,
3530.0,Assign seriousness,Take in charge ticket,Wait,Take in charge ticket,Wait,Resolve ticket,Resolve ticket,Closed,,,,,,,
3531.0,Assign seriousness,Take in charge ticket,Resolve ticket,Closed,,,,,,,,,,,
3532.0,Assign seriousness,Take in charge ticket,Wait,Resolve ticket,Closed,,,,,,,,,,
3533.0,Assign seriousness,Take in charge ticket,Resolve ticket,Closed,,,,,,,,,,,
3534.0,Insert ticket,Assign seriousness,Assign seriousness,Take in charge ticket,Wait,Take in charge ticket,Resolve ticket,Closed,,,,,,,
3535.0,Assign seriousness,Take in charge ticket,Resolve ticket,Closed,,,,,,,,,,,
3536.0,Assign seriousness,Take in charge ticket,Wait,Resolve ticket,Closed,,,,,,,,,,
3537.0,Assign seriousness,Take in charge ticket,Resolve ticket,Closed,,,,,,,,,,,
3538.0,Insert ticket,Take in charge ticket,Resolve ticket,Closed,,,,,,,,,,,
3539.0,Assign seriousness,Take in charge ticket,Resolve ticket,Closed,,,,,,,,,,,
3540.0,Assign seriousness,Take in charge ticket,Resolve ticket,Closed,,,,,,,,,,,
3541.0,Assign seriousness,Take in charge ticket,Resolve ticket,Closed,,,,,,,,,,,
3542.0,Assign seriousness,Take in charge ticket,Wait,Resolve ticket,Closed,,,,,,,,,,
3543.0,Assign seriousness,Take in charge ticket,Wait,Resolve ticket,Take in charge ticket,Resolve ticket,Closed,,,,,,,,
3544.0,Assign seriousness,Take in charge ticket,Resolve ticket,Closed,,,,,,,,,,,
3545.0,Assign seriousness,Take in charge ticket,Resolve ticket,Closed,,,,,,,,,,,
3546.0,Assign seriousness,Take in charge ticket,Wait,Resolve ticket,Closed,,,,,,,,,,
3547.0,Assign seriousness,Take in charge ticket,Resolve ticket,Closed,,,,,,,,,,,
3548.0,Assign seriousness,Take in charge ticket,Wait,Resolve ticket,Closed,,,,,,,,,,
3549.0,Assign seriousness,Take in charge ticket,Wait,Resolve ticket,Closed,,,,,,,,,,
3550.0,Take in charge ticket,Resolve ticket,Closed,,,,,,,,,,,,
3551.0,Assign seriousness,Take in charge ticket,Resolve ticket,Closed,,,,,,,,,,,
3552.0,Assign seriousness,Assign seriousness,Wait,Take in charge ticket,Resolve ticket,Closed,,,,,,,,,
3553.0,Take in charge ticket,Resolve ticket,Closed,,,,,,,,,,,,
3554.0,Assign seriousness,Resolve ticket,Closed,,,,,,,,,,,,
3555.0,Assign seriousness,Take in charge ticket,Resolve ticket,Closed,,,,,,,,,,,
3556.0,Assign seriousness,Take in charge ticket,Resolve ticket,Closed,,,,,,,,,,,
3557.0,Assign seriousness,Take in charge ticket,Resolve ticket,Closed,,,,,,,,,,,
3558.0,Assign seriousness,Take in charge ticket,Resolve ticket,Closed,,,,,,,,,,,
3559.0,Assign seriousness,Take in charge ticket,Take in charge ticket,Wait,Wait,Take in charge ticket,Resolve ticket,Closed,,,,,,,
3560.0,Assign seriousness,Take in charge ticket,Resolve ticket,Take in charge ticket,Resolve ticket,Closed,,,,,,,,,
3561.0,Assign seriousness,Take in charge ticket,Resolve ticket,Take in charge ticket,Resolve ticket,Closed,,,,,,,,,
3562.0,Assign seriousness,Take in charge ticket,Resolve ticket,Closed,,,,,,,,,,,
3563.0,Assign seriousness,Take in charge ticket,Wait,Resolve ticket,Closed,,,,,,,,,,
3564.0,Assign seriousness,Take in charge ticket,Wait,Resolve ticket,Closed,,,,,,,,,,
3565.0,Assign seriousness,Take in charge ticket,Resolve ticket,Closed,,,,,,,,,,,
3566.0,Assign seriousness,Take in charge ticket,Resolve ticket,Closed,,,,,,,,,,,
3567.0,Assign seriousness,Take in charge ticket,Wait,Take in charge ticket,Resolve ticket,Closed,,,,,,,,,
3568.0,Assign seriousness,Take in charge ticket,Resolve ticket,Closed,,,,,,,,,,,
3569.0,Assign seriousness,Take in charge ticket,Resolve ticket,,,,,,,,,,,,
3570.0,Assign seriousness,Take in charge ticket,Resolve ticket,Closed,,,,,,,,,,,
3571.0,Assign seriousness,Assign seriousness,Take in charge ticket,Schedule intervention,Resolve ticket,Closed,,,,,,,,,
3572.0,Assign seriousness,Take in charge ticket,Resolve ticket,Closed,,,,,,,,,,,
3573.0,Assign seriousness,Take in charge ticket,Wait,Resolve ticket,Closed,,,,,,,,,,
3574.0,Take in charge ticket,Wait,Resolve ticket,Closed,,,,,,,,,,,
3575.0,Assign seriousness,Take in charge ticket,Resolve ticket,Closed,,,,,,,,,,,
3576.0,Assign seriousness,Wait,Take in charge ticket,Wait,Take in charge ticket,Resolve ticket,Closed,,,,,,,,
3577.0,Assign seriousness,Take in charge ticket,Resolve ticket,Closed,,,,,,,,,,,
3578.0,Assign seriousness,Take in charge ticket,Resolve ticket,Closed,,,,,,,,,,,
3579.0,,Take in charge ticket,Resolve ticket,Closed,,,,,,,,,,,
3580.0,Assign seriousness,Take in charge ticket,Resolve ticket,Closed,,,,,,,,,,,
3581.0,Assign seriousness,Take in charge ticket,Wait,Resolve ticket,Closed,,,,,,,,,,
3582.0,Assign seriousness,Take in charge ticket,Resolve ticket,Closed,,,,,,,,,,,
3583.0,Assign seriousness,Take in charge ticket,Resolve ticket,Closed,,,,,,,,,,,
3584.0,Assign seriousness,Take in charge ticket,Resolve ticket,Closed,,,,,,,,,,,
3585.0,Assign seriousness,Take in charge ticket,Wait,Resolve ticket,Closed,,,,,,,,,,
3586.0,Assign seriousness,Assign seriousness,Assign seriousness,Assign seriousness,Resolve ticket,Take in charge ticket,Resolve ticket,Closed,,,,,,,
3587.0,Insert ticket,Assign seriousness,Assign seriousness,Take in charge ticket,Resolve ticket,Closed,,,,,,,,,
3588.0,Assign seriousness,Take in charge ticket,Resolve ticket,Closed,,,,,,,,,,,
3589.0,Assign seriousness,Take in charge ticket,Resolve ticket,Closed,Closed,,,,,,,,,,
3590.0,Assign seriousness,Take in charge ticket,Resolve ticket,Closed,,,,,,,,,,,
3591.0,Assign seriousness,Assign seriousness,Take in charge ticket,Resolve ticket,Closed,,,,,,,,,,
3592.0,Insert ticket,Assign seriousness,Take in charge ticket,Resolve ticket,Closed,,,,,,,,,,
3593.0,Assign seriousness,Take in charge ticket,Resolve ticket,Closed,,,,,,,,,,,
3594.0,Assign seriousness,Take in charge ticket,Require upgrade,Resolve ticket,Closed,,,,,,,,,,
3595.0,Assign seriousness,Take in charge ticket,Resolve ticket,Closed,,,,,,,,,,,
3596.0,Insert ticket,Assign seriousness,Take in charge ticket,,Closed,,,,,,,,,,
3597.0,Assign seriousness,Take in charge ticket,Create SW anomaly,Resolve ticket,Closed,,,,,,,,,,
3598.0,Assign seriousness,Resolve ticket,Closed,,,,,,,,,,,,
3599.0,Assign seriousness,Take in charge ticket,Resolve ticket,Closed,,,,,,,,,,,
3600.0,Assign seriousness,Take in charge ticket,Resolve ticket,Closed,,,,,,,,,,,
3601.0,Assign seriousness,Resolve ticket,Closed,,,,,,,,,,,,
3602.0,Insert ticket,Assign seriousness,Take in charge ticket,Resolve ticket,Closed,,,,,,,,,,
3603.0,Assign seriousness,Resolve ticket,Closed,,,,,,,,,,,,
3604.0,Assign seriousness,Resolve ticket,Resolve ticket,Closed,,,,,,,,,,,
3605.0,Assign seriousness,Assign seriousness,Take in charge ticket,Resolve ticket,Closed,,,,,,,,,,
3606.0,Assign seriousness,Assign seriousness,Take in charge ticket,Resolve ticket,Closed,,,,,,,,,,
3607.0,Assign seriousness,Take in charge ticket,Resolve ticket,Closed,,,,,,,,,,,
3608.0,Assign seriousness,Take in charge ticket,Resolve ticket,Closed,,,,,,,,,,,
3609.0,Assign seriousness,Take in charge ticket,Resolve ticket,Closed,,,,,,,,,,,
3610.0,Assign seriousness,Take in charge ticket,Resolve ticket,Closed,,,,,,,,,,,
3611.0,Assign seriousness,Take in charge ticket,Wait,Resolve ticket,Closed,,,,,,,,,,
3612.0,Assign seriousness,Take in charge ticket,Resolve ticket,Closed,,,,,,,,,,,
3613.0,Assign seriousness,Take in charge ticket,Resolve ticket,Closed,,,,,,,,,,,
3614.0,Assign seriousness,Take in charge ticket,Resolve ticket,Closed,,,,,,,,,,,
3615.0,Take in charge ticket,Wait,Resolve ticket,Closed,,,,,,,,,,,
3616.0,Assign seriousness,Take in charge ticket,Resolve ticket,Closed,,,,,,,,,,,
3617.0,Assign seriousness,Take in charge ticket,Resolve ticket,Closed,,,,,,,,,,,
3618.0,Assign seriousness,Take in charge ticket,Wait,Resolve ticket,Closed,,,,,,,,,,
3619.0,Assign seriousness,Take in charge ticket,Resolve ticket,Closed,,,,,,,,,,,
3620.0,Assign seriousness,Take in charge ticket,Resolve ticket,Closed,,,,,,,,,,,
3621.0,Assign seriousness,Take in charge ticket,Resolve ticket,Closed,,,,,,,,,,,
3622.0,Assign seriousness,Take in charge ticket,Wait,Resolve ticket,Closed,,,,,,,,,,
3623.0,Assign seriousness,Take in charge ticket,Wait,Take in charge ticket,Resolve ticket,Resolve ticket,Closed,,,,,,,,
3624.0,Assign seriousness,Take in charge ticket,Wait,Resolve ticket,Closed,,,,,,,,,,
3625.0,Assign seriousness,Take in charge ticket,Resolve ticket,Closed,,,,,,,,,,,
3626.0,Assign seriousness,Take in charge ticket,Require upgrade,Resolve ticket,Closed,,,,,,,,,,
3627.0,Assign seriousness,Take in charge ticket,Take in charge ticket,,Closed,,,,,,,,,,
3628.0,Assign seriousness,Take in charge ticket,Resolve ticket,Closed,,,,,,,,,,,
3629.0,Assign seriousness,Take in charge ticket,Resolve ticket,Closed,,,,,,,,,,,
3630.0,Assign seriousness,Take in charge ticket,Resolve ticket,Closed,,,,,,,,,,,
3631.0,Assign seriousness,Take in charge ticket,Wait,Resolve ticket,Closed,,,,,,,,,,
3632.0,Assign seriousness,Take in charge ticket,Resolve ticket,Closed,,,,,,,,,,,
3633.0,Assign seriousness,Take in charge ticket,Resolve ticket,Closed,,,,,,,,,,,
3634.0,Assign seriousness,Take in charge ticket,Resolve ticket,Closed,,,,,,,,,,,
3635.0,Assign seriousness,Take in charge ticket,Resolve ticket,Closed,,,,,,,,,,,
3636.0,Assign seriousness,Take in charge ticket,Resolve ticket,Closed,,,,,,,,,,,
3637.0,Assign seriousness,Take in charge ticket,Wait,Wait,Resolve ticket,Closed,,,,,,,,,
3638.0,Assign seriousness,Take in charge ticket,Resolve ticket,Closed,,,,,,,,,,,
3639.0,Assign seriousness,Take in charge ticket,Wait,Resolve ticket,Closed,,,,,,,,,,
3640.0,Assign seriousness,Take in charge ticket,Resolve ticket,,,,,,,,,,,,
3641.0,Assign seriousness,,Resolve ticket,Closed,,,,,,,,,,,
3642.0,Assign seriousness,Take in charge ticket,Resolve ticket,Closed,,,,,,,,,,,
3643.0,Assign seriousness,Take in charge ticket,Wait,Wait,Resolve ticket,Closed,,,,,,,,,
3644.0,Assign seriousness,Take in charge ticket,Wait,Resolve ticket,Closed,,,,,,,,,,
3645.0,Assign seriousness,Take in charge ticket,Resolve ticket,Closed,,,,,,,,,,,
3646.0,Assign seriousness,Take in charge ticket,Wait,Resolve ticket,Closed,,,,,,,,,,
3647.0,Assign seriousness,Take in charge ticket,Wait,Resolve ticket,Closed,,,,,,,,,,
3648.0,Assign seriousness,Take in charge ticket,Resolve ticket,Closed,,,,,,,,,,,
3649.0,Assign seriousness,Take in charge ticket,Resolve ticket,Closed,,,,,,,,,,,
3650.0,Assign seriousness,Assign seriousness,Take in charge ticket,Wait,Take in charge ticket,Require upgrade,Require upgrade,Resolve ticket,Closed,,,,,,
3651.0,Assign seriousness,Take in charge ticket,Resolve ticket,Closed,,,,,,,,,,,
3652.0,Assign seriousness,Take in charge ticket,Resolve ticket,Closed,,,,,,,,,,,
3653.0,Assign seriousness,Take in charge ticket,Resolve ticket,Closed,,,,,,,,,,,
3654.0,Assign seriousness,Take in charge ticket,Wait,Take in charge ticket,Wait,Resolve ticket,Closed,,,,,,,,
3655.0,Assign seriousness,Take in charge ticket,Resolve ticket,Closed,,,,,,,,,,,
3656.0,Assign seriousness,Take in charge ticket,Resolve ticket,Closed,,,,,,,,,,,
3657.0,Assign seriousness,Take in charge ticket,Resolve ticket,Resolve ticket,Closed,,,,,,,,,,
3658.0,Assign seriousness,Resolve ticket,Closed,,,,,,,,,,,,
3659.0,Assign seriousness,Take in charge ticket,Resolve ticket,Closed,,,,,,,,,,,
3660.0,Assign seriousness,Take in charge ticket,Resolve ticket,,,,,,,,,,,,
3661.0,Assign seriousness,Take in charge ticket,Resolve ticket,Closed,,,,,,,,,,,
,Assign seriousness,Take in charge ticket,Resolve ticket,Closed,,,,,,,,,,,
3663.0,Assign seriousness,Take in charge ticket,Resolve ticket,,,,,,,,,,,,
3664.0,Assign seriousness,Take in charge ticket,Resolve ticket,Closed,,,,,,,,,,,
3665.0,Assign seriousness,Take in charge ticket,Resolve ticket,Closed,,,,,,,,,,,
,Assign seriousness,Wait,Take in charge ticket,Wait,Take in charge ticket,Resolve ticket,Take in charge ticket,Wait,Take in charge ticket,Resolve ticket,Closed,,,,
3667.0,Assign seriousness,Take in charge ticket,Resolve ticket,Closed,,,,,,,,,,,
3668.0,Assign seriousness,,Wait,Take in charge ticket,Wait,Resolve ticket,Closed,,,,,,,,
3669.0,Assign seriousness,Assign seriousness,Take in charge ticket,Resolve ticket,Closed,,,,,,,,,,
3670.0,Assign seriousness,Take in charge ticket,Wait,Resolve ticket,Closed,,,,,,,,,,
3671.0,Assign seriousness,Assign seriousness,Take in charge ticket,Resolve ticket,Take in charge ticket,Resolve ticket,Closed,,,,,,,,
3672.0,Assign seriousness,Assign seriousness,,Wait,Resolve ticket,Closed,,,,,,,,,
3673.0,Assign seriousness,Resolve ticket,Take in charge ticket,Resolve ticket,Closed,,,,,,,,,,
3674.0,Assign seriousness,Take in charge ticket,Resolve ticket,Closed,,,,,,,,,,,
3675.0,Assign seriousness,Resolve ticket,Closed,,,,,,,,,,,,
3676.0,Assign seriousness,Take in charge ticket,Resolve ticket,Closed,,,,,,,,,,,
3677.0,Assign seriousness,Take in charge ticket,Wait,Resolve ticket,Closed,,,,,,,,,,
3678.0,Assign seriousness,Take in charge ticket,Wait,Take in charge ticket,Resolve ticket,Closed,,,,,,,,,
3679.0,Take in charge ticket,Wait,Resolve ticket,Closed,,,,,,,,,,,
,Assign seriousness,Take in charge ticket,Resolve ticket,Closed,,,,,,,,,,,
3681.0,Assign seriousness,Take in charge ticket,Resolve ticket,Closed,,,,,,,,,,,
3682.0,Assign seriousness,Take in charge ticket,Resolve ticket,Closed,,,,,,,,,,,
3683.0,Assign seriousness,Assign seriousness,Resolve ticket,Closed,,,,,,,,,,,
3684.0,Assign seriousness,Take in charge ticket,Resolve ticket,Resolve ticket,Closed,,,,,,,,,,
3685.0,Assign seriousness,Resolve ticket,Closed,,,,,,,,,,,,
3686.0,Assign seriousness,Take in charge ticket,Resolve ticket,Take in charge ticket,Wait,Resolve ticket,Closed,,,,,,,,
3687.0,Assign seriousness,Take in charge ticket,Resolve ticket,Closed,,,,,,,,,,,
3688.0,Assign seriousness,Take in charge ticket,Resolve ticket,Closed,,,,,,,,,,,
3689.0,Assign seriousness,Take in charge ticket,Wait,Resolve ticket,Closed,,,,,,,,,,
3690.0,Assign seriousness,Take in charge ticket,Resolve ticket,Closed,,,,,,,,,,,
3691.0,Assign seriousness,Assign seriousness,Take in charge ticket,Resolve ticket,Closed,,,,,,,,,,
3692.0,Assign seriousness,Take in charge ticket,Resolve ticket,Closed,,,,,,,,,,,
3693.0,Assign seriousness,Take in charge ticket,Resolve ticket,Closed,,,,,,,,,,,
3694.0,Assign seriousness,Take in charge ticket,Resolve ticket,Closed,,,,,,,,,,,
,Assign seriousness,Take in charge ticket,Resolve ticket,Closed,,,,,,,,,,,
3696.0,Assign seriousness,Take in charge ticket,Resolve ticket,Closed,,,,,,,,,,,
3697.0,Assign seriousness,Take in charge ticket,Resolve ticket,Closed,,,,,,,,,,,
3698.0,Assign seriousness,Take in charge ticket,Wait,Wait,Take in charge ticket,Resolve ticket,Closed,,,,,,,,
3699.0,Assign seriousness,Take in charge ticket,Resolve ticket,Take in charge ticket,Wait,Resolve ticket,Closed,,,,,,,,
3700.0,Assign seriousness,Take in charge ticket,Resolve ticket,Closed,,,,,,,,,,,
3701.0,Assign seriousness,Take in charge ticket,Resolve ticket,Closed,,,,,,,,,,,
3702.0,Assign seriousness,Take in charge ticket,Resolve ticket,Closed,,,,,,,,,,,
3703.0,Assign seriousness,Assign seriousness,Take in charge ticket,Resolve ticket,Closed,,,,,,,,,,
3704.0,Assign seriousness,Take in charge ticket,Resolve ticket,Closed,,,,,,,,,,,
3705.0,Assign seriousness,Take in charge ticket,Resolve ticket,Closed,,,,,,,,,,,
3706.0,Assign seriousness,Resolve ticket,Resolve ticket,Closed,,,,,,,,,,,
3707.0,Assign seriousness,Take in charge ticket,Resolve ticket,Closed,,,,,,,,,,,
3708.0,Assign seriousness,Take in charge ticket,Resolve ticket,Closed,,,,,,,,,,,
3709.0,Assign seriousness,Assign seriousness,Resolve ticket,Closed,,,,,,,,,,,
3710.0,Assign seriousness,Resolve ticket,Closed,,,,,,,,,,,,
3711.0,Assign seriousness,Take in charge ticket,Resolve ticket,Closed,,,,,,,,,,,
3712.0,Assign seriousness,Take in charge ticket,Resolve ticket,Closed,,,,,,,,,,,
3713.0,Assign seriousness,Take in charge ticket,Resolve ticket,Closed,,,,,,,,,,,
3714.0,Assign seriousness,Resolve ticket,Resolve ticket,Closed,,,,,,,,,,,
3715.0,Assign seriousness,Take in charge ticket,Resolve ticket,Closed,,,,,,,,,,,
3716.0,Assign seriousness,Take in charge ticket,Resolve ticket,Closed,,,,,,,,,,,
3717.0,Take in charge ticket,Resolve ticket,Closed,,,,,,,,,,,,
3718.0,Assign seriousness,Take in charge ticket,Resolve ticket,Closed,,,,,,,,,,,
3719.0,Assign seriousness,Take in charge ticket,Resolve ticket,Closed,,,,,,,,,,,
3720.0,Assign seriousness,Resolve ticket,Closed,,,,,,,,,,,,
3721.0,Assign seriousness,Take in charge ticket,Take in charge ticket,Wait,Wait,Take in charge ticket,Resolve ticket,Closed,,,,,,,
3722.0,Assign seriousness,Take in charge ticket,Resolve ticket,Closed,,,,,,,,,,,
3723.0,Assign seriousness,Take in charge ticket,Resolve ticket,Closed,,,,,,,,,,,
3724.0,Assign seriousness,Take in charge ticket,Resolve ticket,Closed,,,,,,,,,,,
3725.0,Assign seriousness,Take in charge ticket,Wait,Wait,Take in charge ticket,Resolve ticket,Closed,,,,,,,,
3726.0,Assign seriousness,Take in charge ticket,Wait,Resolve ticket,Closed,,,,,,,,,,
3727.0,Assign seriousness,Take in charge ticket,Resolve ticket,Closed,,,,,,,,,,,
3728.0,Assign seriousness,Take in charge ticket,Resolve ticket,Closed,,,,,,,,,,,
3729.0,Assign seriousness,Assign seriousness,Take in charge ticket,Resolve ticket,Closed,,,,,,,,,,
3730.0,Assign seriousness,Take in charge ticket,Resolve ticket,Closed,,,,,,,,,,,
3731.0,Assign seriousness,Take in charge ticket,Resolve ticket,Closed,,,,,,,,,,,
3732.0,Assign seriousness,Take in charge ticket,Resolve ticket,Closed,,,,,,,,,,,
3733.0,Assign seriousness,Take in charge ticket,Resolve ticket,Closed,,,,,,,,,,,
3734.0,Assign seriousness,Take in charge ticket,Resolve ticket,Closed,,,,,,,,,,,
3735.0,Assign seriousness,Resolve ticket,Closed,,,,,,,,,,,,
3736.0,Assign seriousness,Take in charge ticket,Resolve ticket,Closed,,,,,,,,,,,
3737.0,Assign seriousness,Take in charge ticket,Resolve ticket,Closed,,,,,,,,,,,
3738.0,Assign seriousness,Assign seriousness,Take in charge ticket,Resolve ticket,Closed,,,,,,,,,,
3739.0,Assign seriousness,Take in charge ticket,Resolve ticket,Closed,,,,,,,,,,,
3740.0,Assign seriousness,Assign seriousness,Take in charge ticket,Resolve ticket,Closed,,,,,,,,,,
3741.0,Assign seriousness,Resolve ticket,Closed,,,,,,,,,,,,
3742.0,Take in charge ticket,Resolve ticket,Closed,,,,,,,,,,,,
3743.0,Assign seriousness,Take in charge ticket,Resolve ticket,Closed,,,,,,,,,,,
3744.0,Assign seriousness,Take in charge ticket,Resolve ticket,Closed,,,,,,,,,,,
3745.0,Assign seriousness,Take in charge ticket,Resolve ticket,Closed,,,,,,,,,,,
3746.0,Assign seriousness,Take in charge ticket,Resolve ticket,Closed,,,,,,,,,,,
,Assign seriousness,Take in charge ticket,Wait,Resolve ticket,Closed,,,,,,,,,,
3748.0,Assign seriousness,Take in charge ticket,Resolve ticket,Resolve ticket,Closed,,,,,,,,,,
3749.0,Assign seriousness,Take in charge ticket,Wait,Take in charge ticket,Wait,Take in charge ticket,Resolve ticket,Closed,,,,,,,
3750.0,Assign seriousness,Take in charge ticket,Resolve ticket,Closed,,,,,,,,,,,
3751.0,Assign seriousness,Take in charge ticket,Wait,Resolve ticket,Closed,,,,,,,,,,
3752.0,Assign seriousness,Take in charge ticket,Wait,Take in charge ticket,Resolve ticket,Closed,,,,,,,,,
3753.0,Assign seriousness,Take in charge ticket,Resolve ticket,Take in charge ticket,Resolve ticket,Closed,,,,,,,,,
3754.0,Assign seriousness,Take in charge ticket,Resolve ticket,Closed,,,,,,,,,,,
3755.0,Assign seriousness,Take in charge ticket,Wait,Resolve ticket,Closed,,,,,,,,,,
3756.0,Assign seriousness,Take in charge ticket,Wait,Resolve ticket,Closed,,,,,,,,,,
3757.0,Assign seriousness,Assign seriousness,Take in charge ticket,Wait,Resolve ticket,Closed,,,,,,,,,
3758.0,,Take in charge ticket,Resolve ticket,Closed,,,,,,,,,,,
3759.0,Assign seriousness,Take in charge ticket,Take in charge ticket,Wait,Take in charge ticket,Resolve ticket,Closed,,,,,,,,
3760.0,Assign seriousness,Take in charge ticket,Require upgrade,Require upgrade,Require upgrade,Resolve ticket,,,,,,,,,
3761.0,Assign seriousness,Assign seriousness,Take in charge ticket,Resolve ticket,Closed,,,,,,,,,,
3762.0,Take in charge ticket,Resolve ticket,Closed,,,,,,,,,,,,
3763.0,Assign seriousness,Assign seriousness,Take in charge ticket,Resolve ticket,Closed,,,,,,,,,,
3764.0,Assign seriousness,Take in charge ticket,Resolve ticket,Closed,,,,,,,,,,,
3765.0,Assign seriousness,Take in charge ticket,Resolve ticket,Closed,,,,,,,,,,,
3766.0,Assign seriousness,Take in charge ticket,Resolve ticket,Closed,,,,,,,,,,,
3767.0,Assign seriousness,Take in charge ticket,Resolve ticket,Closed,,,,,,,,,,,
3768.0,Assign seriousness,Take in charge ticket,Wait,Take in charge ticket,Resolve ticket,Closed,,,,,,,,,
3769.0,Assign seriousness,Assign seriousness,Take in charge ticket,Resolve ticket,Closed,,,,,,,,,,
3770.0,Assign seriousness,Take in charge ticket,Wait,Take in charge ticket,Resolve ticket,Closed,,,,,,,,,
3771.0,Assign seriousness,Take in charge ticket,Resolve ticket,Closed,,,,,,,,,,,
3772.0,Assign seriousness,Take in charge ticket,Resolve ticket,Closed,,,,,,,,,,,
3773.0,Assign seriousness,Take in charge ticket,Resolve ticket,Closed,,,,,,,,,,,
3774.0,Assign seriousness,Take in charge ticket,Wait,Resolve ticket,Closed,,,,,,,,,,
3775.0,Assign seriousness,Take in charge ticket,Resolve ticket,Closed,,,,,,,,,,,
3776.0,Assign seriousness,Assign seriousness,Take in charge ticket,Resolve ticket,Closed,,,,,,,,,,
3777.0,Assign seriousness,Take in charge ticket,Resolve ticket,Closed,,,,,,,,,,,
3778.0,Assign seriousness,Take in charge ticket,Wait,Take in charge ticket,Resolve ticket,Closed,,,,,,,,,
3779.0,Assign seriousness,Take in charge ticket,Resolve ticket,Closed,,,,,,,,,,,
3780.0,Assign seriousness,Take in charge ticket,Resolve ticket,Closed,,,,,,,,,,,
3781.0,Assign seriousness,Take in charge ticket,Wait,Resolve ticket,,,,,,,,,,,
,Assign seriousness,Take in charge ticket,Resolve ticket,Closed,,,,,,,,,,,
3783.0,Insert ticket,Assign seriousness,Resolve ticket,Closed,,,,,,,,,,,
3784.0,Assign seriousness,Assign seriousness,Resolve ticket,Closed,,,,,,,,,,,
3785.0,Assign seriousness,Take in charge ticket,Wait,Take in charge ticket,Wait,Resolve ticket,Closed,,,,,,,,
3786.0,Assign seriousness,Take in charge ticket,Resolve ticket,Resolve ticket,Closed,,,,,,,,,,
3787.0,Assign seriousness,Take in charge ticket,Wait,Take in charge ticket,Resolve ticket,Resolve ticket,Closed,,,,,,,,
3788.0,Assign seriousness,Take in charge ticket,Wait,Resolve ticket,Closed,,,,,,,,,,
3789.0,Take in charge ticket,Resolve ticket,Closed,,,,,,,,,,,,
3790.0,Assign seriousness,Assign seriousness,Take in charge ticket,Resolve ticket,Closed,,,,,,,,,,
3791.0,Assign seriousness,Take in charge ticket,Resolve ticket,Closed,,,,,,,,,,,
3792.0,Assign seriousness,Take in charge ticket,Resolve ticket,Closed,,,,,,,,,,,
3793.0,Assign seriousness,Take in charge ticket,Wait,Take in charge ticket,Resolve ticket,Closed,,,,,,,,,
3794.0,Assign seriousness,Take in charge ticket,Wait,Wait,Take in charge ticket,Resolve ticket,Closed,,,,,,,,
3795.0,Assign seriousness,Take in charge ticket,Resolve ticket,Closed,,,,,,,,,,,
3796.0,Assign seriousness,Wait,Take in charge ticket,Resolve ticket,Closed,,,,,,,,,,
3797.0,Assign seriousness,Take in charge ticket,Wait,Resolve ticket,Closed,,,,,,,,,,
3798.0,Assign seriousness,Take in charge ticket,Resolve ticket,Closed,,,,,,,,,,,
3799.0,Assign seriousness,Take in charge ticket,Resolve ticket,,,,,,,,,,,,
3800.0,Assign seriousness,Take in charge ticket,Wait,Resolve ticket,Closed,,,,,,,,,,
3801.0,Assign seriousness,Take in charge ticket,Resolve ticket,Resolve ticket,Closed,,,,,,,,,,
3802.0,Assign seriousness,Take in charge ticket,Resolve ticket,Closed,,,,,,,,,,,
3803.0,Assign seriousness,Take in charge ticket,Wait,Resolve ticket,Closed,,,,,,,,,,
3804.0,Assign seriousness,Take in charge ticket,Resolve ticket,Closed,,,,,,,,,,,
3805.0,,Assign seriousness,Assign seriousness,Take in charge ticket,Wait,Take in charge ticket,Resolve ticket,Closed,,,,,,,
3806.0,Assign seriousness,Take in charge ticket,Resolve ticket,Closed,,,,,,,,,,,
3807.0,Assign seriousness,Assign seriousness,Take in charge ticket,Resolve ticket,,,,,,,,,,,
3808.0,Assign seriousness,Take in charge ticket,Resolve ticket,Closed,,,,,,,,,,,
3809.0,Assign seriousness,Take in charge ticket,Wait,Take in charge ticket,Wait,Resolve ticket,Closed,,,,,,,,
3810.0,Assign seriousness,Take in charge ticket,Resolve ticket,Closed,,,,,,,,,,,
3811.0,Assign seriousness,Take in charge ticket,Resolve ticket,Closed,,,,,,,,,,,
3812.0,Assign seriousness,Take in charge ticket,Resolve ticket,Closed,,,,,,,,,,,
3813.0,Assign seriousness,Take in charge ticket,Wait,Wait,Resolve ticket,Take in charge ticket,Resolve ticket,Closed,,,,,,,
3814.0,Assign seriousness,Assign seriousness,Take in charge ticket,Resolve ticket,Closed,,,,,,,,,,
3815.0,Assign seriousness,Take in charge ticket,Resolve ticket,Closed,,,,,,,,,,,
3816.0,Assign seriousness,Assign seriousness,Take in charge ticket,Resolve ticket,Take in charge ticket,Wait,Take in charge ticket,Resolve ticket,Take in charge ticket,Wait,Take in charge ticket,Resolve ticket,Closed,,
3817.0,Assign seriousness,Take in charge ticket,Resolve ticket,Closed,,,,,,,,,,,
3818.0,Assign seriousness,Wait,Take in charge ticket,Resolve ticket,Closed,,,,,,,,,,
3819.0,Assign seriousness,Take in charge ticket,Resolve ticket,Closed,,,,,,,,,,,
3820.0,Create SW anomaly,Resolve SW anomaly,Resolve ticket,Closed,,,,,,,,,,,
3821.0,Assign seriousness,Take in charge ticket,Resolve ticket,Closed,,,,,,,,,,,
3822.0,Assign seriousness,Assign seriousness,Take in charge ticket,Wait,Take in charge ticket,Resolve ticket,Closed,,,,,,,,
3823.0,Assign seriousness,Take in charge ticket,Resolve ticket,Closed,,,,,,,,,,,
3824.0,Assign seriousness,Take in charge ticket,Resolve ticket,Closed,,,,,,,,,,,
3825.0,Assign seriousness,Take in charge ticket,Resolve ticket,Closed,,,,,,,,,,,
3826.0,Assign seriousness,Take in charge ticket,Resolve ticket,Resolve ticket,Closed,,,,,,,,,,
3827.0,Assign seriousness,Take in charge ticket,Wait,Resolve ticket,Closed,,,,,,,,,,
3828.0,Assign seriousness,Take in charge ticket,Wait,Resolve ticket,Closed,,,,,,,,,,
3829.0,Assign seriousness,Take in charge ticket,Wait,Take in charge ticket,Resolve ticket,Closed,,,,,,,,,
3830.0,Assign seriousness,Take in charge ticket,Resolve ticket,Resolve ticket,Closed,,,,,,,,,,
3831.0,Assign seriousness,Take in charge ticket,Resolve ticket,Closed,,,,,,,,,,,
3832.0,Assign seriousness,Take in charge ticket,Resolve ticket,Closed,,,,,,,,,,,
3833.0,Assign seriousness,Take in charge ticket,Resolve ticket,Closed,,,,,,,,,,,
3834.0,Assign seriousness,Take in charge ticket,Resolve ticket,Closed,,,,,,,,,,,
3835.0,Assign seriousness,Resolve ticket,Closed,,,,,,,,,,,,
3836.0,Assign seriousness,Take in charge ticket,Resolve ticket,Closed,,,,,,,,,,,
3837.0,Insert ticket,Assign seriousness,Take in charge ticket,Resolve ticket,Closed,,,,,,,,,,
3838.0,Assign seriousness,Take in charge ticket,Wait,Resolve ticket,Closed,,,,,,,,,,
3839.0,Assign seriousness,Take in charge ticket,Resolve ticket,Closed,,,,,,,,,,,
3840.0,Assign seriousness,Take in charge ticket,Resolve ticket,Closed,,,,,,,,,,,
3841.0,Take in charge ticket,Resolve ticket,Closed,,,,,,,,,,,,
,Assign seriousness,Take in charge ticket,Wait,Resolve ticket,Closed,,,,,,,,,,
3843.0,Assign seriousness,Take in charge ticket,Resolve ticket,Closed,,,,,,,,,,,
3844.0,Assign seriousness,Take in charge ticket,Resolve ticket,Closed,,,,,,,,,,,
3845.0,Assign seriousness,Take in charge ticket,Resolve ticket,Closed,,,,,,,,,,,
3846.0,Assign seriousness,Take in charge ticket,Require upgrade,Resolve ticket,Closed,,,,,,,,,,
3847.0,Assign seriousness,Take in charge ticket,Resolve ticket,Closed,,,,,,,,,,,
3848.0,Assign seriousness,Take in charge ticket,Wait,Resolve ticket,Closed,,,,,,,,,,
3849.0,Assign seriousness,Take in charge ticket,Resolve ticket,Closed,,,,,,,,,,,
3850.0,Assign seriousness,Take in charge ticket,Wait,Resolve ticket,Closed,,,,,,,,,,
3851.0,Assign seriousness,Resolve ticket,Closed,,,,,,,,,,,,
3852.0,Assign seriousness,Take in charge ticket,Resolve ticket,Closed,,,,,,,,,,,
3853.0,Assign seriousness,Take in charge ticket,Resolve ticket,Closed,,,,,,,,,,,
3854.0,Assign seriousness,Take in charge ticket,Wait,Take in charge ticket,Resolve ticket,Closed,,,,,,,,,
3855.0,Assign seriousness,Assign seriousness,Take in charge ticket,Resolve ticket,Closed,,,,,,,,,,
3856.0,Assign seriousness,Take in charge ticket,Wait,Resolve ticket,Closed,,,,,,,,,,
3857.0,Assign seriousness,Take in charge ticket,Resolve ticket,Closed,,,,,,,,,,,
3858.0,Assign seriousness,Take in charge ticket,Wait,Resolve ticket,Closed,,,,,,,,,,
3859.0,Assign seriousness,Take in charge ticket,Resolve ticket,Closed,,,,,,,,,,,
3860.0,Assign seriousness,Take in charge ticket,Resolve ticket,Closed,,,,,,,,,,,
3861.0,Assign seriousness,Resolve ticket,Closed,,,,,,,,,,,,
3862.0,Assign seriousness,Take in charge ticket,Wait,Take in charge ticket,Resolve ticket,Closed,,,,,,,,,
3863.0,Assign seriousness,,Resolve ticket,Closed,,,,,,,,,,,
3864.0,Insert ticket,Assign seriousness,Take in charge ticket,Resolve ticket,Closed,,,,,,,,,,
3865.0,Assign seriousness,Take in charge ticket,Wait,Take in charge ticket,Resolve ticket,Closed,,,,,,,,,
3866.0,Assign seriousness,Take in charge ticket,Resolve ticket,Closed,,,,,,,,,,,
3867.0,Insert ticket,Assign seriousness,Assign seriousness,Assign seriousness,Take in charge ticket,Resolve ticket,Closed,,,,,,,,
3868.0,Assign seriousness,Assign seriousness,Take in charge ticket,Resolve ticket,Closed,,,,,,,,,,
3869.0,Assign seriousness,Resolve ticket,Closed,,,,,,,,,,,,
3870.0,Assign seriousness,Take in charge ticket,Resolve ticket,Closed,,,,,,,,,,,
3871.0,Assign seriousness,Take in charge ticket,,Resolve ticket,Closed,,,,,,,,,,
3872.0,Assign seriousness,Take in charge ticket,Resolve ticket,Closed,,,,,,,,,,,
3873.0,Assign seriousness,Take in charge ticket,Resolve ticket,Closed,,,,,,,,,,,
3874.0,Assign seriousness,Take in charge ticket,Wait,Take in charge ticket,Resolve ticket,Closed,,,,,,,,,
3875.0,Assign seriousness,Take in charge ticket,Resolve ticket,Closed,,,,,,,,,,,
3876.0,Assign seriousness,Take in charge ticket,Wait,Resolve ticket,,,,,,,,,,,
3877.0,Assign seriousness,Take in charge ticket,Wait,Resolve ticket,Closed,,,,,,,,,,
3878.0,Assign seriousness,Take in charge ticket,Require upgrade,Create SW anomaly,Resolve ticket,RESOLVED,INVALID,VERIFIED,Closed,,,,,,
3879.0,Assign seriousness,,Resolve ticket,Closed,,,,,,,,,,,
3880.0,Assign seriousness,Take in charge ticket,Wait,Resolve ticket,,,,,,,,,,,
3881.0,Assign seriousness,Take in charge ticket,Resolve ticket,Closed,,,,,,,,,,,
3882.0,Insert ticket,Assign seriousness,Take in charge ticket,Resolve ticket,Closed,,,,,,,,,,
3883.0,Assign seriousness,Take in charge ticket,Resolve ticket,Closed,,,,,,,,,,,
3884.0,Assign seriousness,Take in charge ticket,Wait,Take in charge ticket,Resolve ticket,Closed,,,,,,,,,
3885.0,Assign seriousness,Take in charge ticket,Wait,Resolve ticket,Closed,,,,,,,,,,
3886.0,Assign seriousness,Take in charge ticket,Wait,Resolve ticket,Closed,,,,,,,,,,
3887.0,Assign seriousness,Take in charge ticket,Resolve ticket,Closed,,,,,,,,,,,
3888.0,Assign seriousness,Take in charge ticket,Resolve ticket,Closed,,,,,,,,,,,
3889.0,Assign seriousness,Take in charge ticket,Resolve ticket,Closed,,,,,,,,,,,
3890.0,Assign seriousness,Take in charge ticket,Wait,Resolve ticket,Closed,,,,,,,,,,
3891.0,Assign seriousness,Take in charge ticket,Resolve ticket,,,,,,,,,,,,
3892.0,Assign seriousness,Assign seriousness,Take in charge ticket,Resolve ticket,Closed,,,,,,,,,,
3893.0,Assign seriousness,Take in charge ticket,Wait,Resolve ticket,Closed,,,,,,,,,,
3894.0,Assign seriousness,Resolve ticket,Closed,,,,,,,,,,,,
3895.0,Assign seriousness,Take in charge ticket,Resolve ticket,Closed,,,,,,,,,,,
3896.0,Assign seriousness,Take in charge ticket,Resolve ticket,Closed,,,,,,,,,,,
3897.0,Take in charge ticket,Resolve ticket,Closed,,,,,,,,,,,,
3898.0,Assign seriousness,Assign seriousness,Take in charge ticket,Resolve ticket,Closed,,,,,,,,,,
3899.0,Assign seriousness,Take in charge ticket,Resolve ticket,Closed,,,,,,,,,,,
3900.0,Assign seriousness,Take in charge ticket,Resolve ticket,Closed,,,,,,,,,,,
3901.0,Assign seriousness,Take in charge ticket,Resolve ticket,Closed,,,,,,,,,,,
3902.0,Assign seriousness,Take in charge ticket,Resolve ticket,Closed,,,,,,,,,,,
3903.0,Assign seriousness,Take in charge ticket,Resolve ticket,Closed,,,,,,,,,,,
3904.0,Assign seriousness,Take in charge ticket,Resolve ticket,Closed,,,,,,,,,,,
3905.0,Assign seriousness,Take in charge ticket,,Take in charge ticket,Resolve ticket,Closed,,,,,,,,,
3906.0,Assign seriousness,Take in charge ticket,Resolve ticket,Resolve ticket,Closed,,,,,,,,,,
3907.0,Assign seriousness,Take in charge ticket,Resolve ticket,Closed,,,,,,,,,,,
3908.0,Assign seriousness,Take in charge ticket,Resolve ticket,Closed,,,,,,,,,,,
3909.0,Assign seriousness,Take in charge ticket,Wait,Resolve ticket,Closed,,,,,,,,,,
3910.0,Assign seriousness,Take in charge ticket,Resolve ticket,Closed,,,,,,,,,,,
3911.0,Assign seriousness,Take in charge ticket,Resolve ticket,Closed,,,,,,,,,,,
3912.0,Assign seriousness,Take in charge ticket,Resolve ticket,Closed,,,,,,,,,,,
3913.0,Assign seriousness,Take in charge ticket,Resolve ticket,Closed,,,,,,,,,,,
3914.0,Assign seriousness,Take in charge ticket,Resolve ticket,Closed,,,,,,,,,,,
3915.0,Assign seriousness,Resolve ticket,Closed,,,,,,,,,,,,
3916.0,Assign seriousness,Take in charge ticket,Resolve ticket,Closed,,,,,,,,,,,
3917.0,Assign seriousness,Take in charge ticket,Resolve ticket,Closed,,,,,,,,,,,
3918.0,Assign seriousness,Take in charge ticket,Resolve ticket,Closed,,,,,,,,,,,
3919.0,Assign seriousness,Take in charge ticket,Resolve ticket,Closed,,,,,,,,,,,
3920.0,Assign seriousness,Take in charge ticket,Resolve ticket,Closed,,,,,,,,,,,
3921.0,Insert ticket,Assign seriousness,Take in charge ticket,Resolve ticket,Closed,,,,,,,,,,
3922.0,Assign seriousness,Assign seriousness,Take in charge ticket,Resolve ticket,Closed,,,,,,,,,,
3923.0,Assign seriousness,Resolve ticket,Closed,,,,,,,,,,,,
3924.0,Assign seriousness,Take in charge ticket,Resolve ticket,Closed,,,,,,,,,,,
3925.0,Assign seriousness,Take in charge ticket,Resolve ticket,Closed,,,,,,,,,,,
3926.0,Assign seriousness,Take in charge ticket,Resolve ticket,Closed,,,,,,,,,,,
3927.0,Assign seriousness,Take in charge ticket,Wait,Resolve ticket,Closed,,,,,,,,,,
3928.0,Assign seriousness,Assign seriousness,Take in charge ticket,Resolve ticket,Closed,,,,,,,,,,
3929.0,Assign seriousness,Take in charge ticket,Wait,Resolve ticket,Closed,,,,,,,,,,
3930.0,Assign seriousness,Take in charge ticket,Resolve ticket,Closed,,,,,,,,,,,
3931.0,Assign seriousness,Take in charge ticket,Resolve ticket,Resolve ticket,Closed,,,,,,,,,,
3932.0,Assign seriousness,Take in charge ticket,Resolve ticket,Closed,,,,,,,,,,,
3933.0,Assign seriousness,Take in charge ticket,Resolve ticket,Closed,,,,,,,,,,,
3934.0,Assign seriousness,Take in charge ticket,Resolve ticket,Closed,,,,,,,,,,,
3935.0,Assign seriousness,Take in charge ticket,Resolve ticket,Take in charge ticket,Resolve ticket,Closed,,,,,,,,,
3936.0,Assign seriousness,Take in charge ticket,Resolve ticket,Closed,,,,,,,,,,,
3937.0,Assign seriousness,Take in charge ticket,Resolve ticket,Closed,,,,,,,,,,,
3938.0,Assign seriousness,Take in charge ticket,Take in charge ticket,Resolve ticket,Closed,,,,,,,,,,
3939.0,Assign seriousness,Take in charge ticket,Resolve ticket,Take in charge ticket,Resolve ticket,Closed,,,,,,,,,
3940.0,Assign seriousness,Take in charge ticket,Wait,,Resolve ticket,Closed,Closed,,,,,,,,
3941.0,Assign seriousness,Take in charge ticket,Take in charge ticket,Take in charge ticket,Wait,Take in charge ticket,Resolve ticket,Closed,,,,,,,
3942.0,Assign seriousness,Assign seriousness,Take in charge ticket,Resolve ticket,Closed,,,,,,,,,,
3943.0,Assign seriousness,Assign seriousness,Take in charge ticket,Resolve ticket,Closed,,,,,,,,,,
3944.0,Assign seriousness,Take in charge ticket,,Require upgrade,Resolve ticket,Resolve ticket,Closed,,,,,,,,
3945.0,Assign seriousness,Take in charge ticket,Resolve ticket,Closed,,,,,,,,,,,
3946.0,Assign seriousness,Take in charge ticket,Resolve ticket,Closed,,,,,,,,,,,
3947.0,Assign seriousness,Take in charge ticket,Wait,Take in charge ticket,Resolve ticket,Closed,,,,,,,,,
3948.0,Assign seriousness,Take in charge ticket,Resolve ticket,Closed,,,,,,,,,,,
3949.0,Assign seriousness,Take in charge ticket,Resolve ticket,Closed,,,,,,,,,,,
3950.0,Assign seriousness,Take in charge ticket,Resolve ticket,Closed,,,,,,,,,,,
3951.0,Assign seriousness,Take in charge ticket,Resolve ticket,,,,,,,,,,,,
3952.0,Assign seriousness,Take in charge ticket,Resolve ticket,Closed,,,,,,,,,,,
3953.0,Assign seriousness,Take in charge ticket,Resolve ticket,Closed,,,,,,,,,,,
3954.0,Assign seriousness,Take in charge ticket,Resolve ticket,Closed,,,,,,,,,,,
3955.0,Assign seriousness,Take in charge ticket,Wait,Resolve ticket,Closed,,,,,,,,,,
3956.0,Assign seriousness,Take in charge ticket,Wait,Take in charge ticket,Wait,Take in charge ticket,Resolve ticket,Closed,,,,,,,
3957.0,Assign seriousness,Take in charge ticket,Wait,Resolve ticket,Closed,,,,,,,,,,
3958.0,Assign seriousness,Take in charge ticket,Resolve ticket,Closed,,,,,,,,,,,
3959.0,Insert ticket,Assign seriousness,Take in charge ticket,Resolve ticket,Closed,,,,,,,,,,
3960.0,Assign seriousness,Take in charge ticket,Resolve ticket,Closed,,,,,,,,,,,
3961.0,Assign seriousness,Take in charge ticket,Resolve ticket,Closed,,,,,,,,,,,
3962.0,Assign seriousness,Take in charge ticket,Resolve ticket,Take in charge ticket,Resolve ticket,Take in charge ticket,Create SW anomaly,Resolve ticket,Closed,,,,,,
3963.0,Assign seriousness,Take in charge ticket,Resolve ticket,Closed,,,,,,,,,,,
3964.0,Assign seriousness,Take in charge ticket,Wait,Resolve ticket,Closed,,,,,,,,,,
3965.0,Assign seriousness,Take in charge ticket,Resolve ticket,Closed,,,,,,,,,,,
3966.0,Assign seriousness,Take in charge ticket,Resolve ticket,Closed,,,,,,,,,,,
3967.0,Assign seriousness,Take in charge ticket,Resolve ticket,Closed,,,,,,,,,,,
3968.0,Assign seriousness,Assign seriousness,Take in charge ticket,Resolve ticket,Closed,,,,,,,,,,
3969.0,Assign seriousness,Assign seriousness,Take in charge ticket,Resolve ticket,,,,,,,,,,,
3970.0,Assign seriousness,Take in charge ticket,Resolve ticket,Closed,,,,,,,,,,,
3971.0,Assign seriousness,Take in charge ticket,Resolve ticket,Closed,,,,,,,,,,,
3972.0,Assign seriousness,Take in charge ticket,Resolve ticket,Closed,,,,,,,,,,,
3973.0,Assign seriousness,Take in charge ticket,Require upgrade,Resolve ticket,Closed,,,,,,,,,,
3974.0,Assign seriousness,Take in charge ticket,Take in charge ticket,Take in charge ticket,Wait,Take in charge ticket,Resolve ticket,Closed,,,,,,,
3975.0,Assign seriousness,Assign seriousness,Take in charge ticket,Wait,Take in charge ticket,Resolve ticket,Closed,,,,,,,,
3976.0,Assign seriousness,Take in charge ticket,Wait,Resolve ticket,Closed,,,,,,,,,,
3977.0,Assign seriousness,Take in charge ticket,Resolve ticket,Closed,,,,,,,,,,,
3978.0,,Take in charge ticket,Resolve ticket,Closed,,,,,,,,,,,
3979.0,Assign seriousness,Take in charge ticket,Resolve ticket,Closed,,,,,,,,,,,
3980.0,Assign seriousness,Take in charge ticket,Resolve ticket,Closed,,,,,,,,,,,
3981.0,Assign seriousness,Take in charge ticket,Resolve ticket,Closed,,,,,,,,,,,
3982.0,Assign seriousness,Take in charge ticket,Resolve ticket,Closed,,,,,,,,,,,
3983.0,Assign seriousness,Take in charge ticket,Resolve ticket,Closed,,,,,,,,,,,
,Assign seriousness,Assign seriousness,Take in charge ticket,Resolve ticket,Closed,,,,,,,,,,
3985.0,Take in charge ticket,Resolve ticket,Resolve ticket,Closed,,,,,,,,,,,
3986.0,Assign seriousness,Take in charge ticket,Wait,Resolve ticket,Closed,,,,,,,,,,
3987.0,Assign seriousness,Take in charge ticket,Wait,Take in charge ticket,Wait,Resolve ticket,Closed,,,,,,,,
3988.0,Assign seriousness,Take in charge ticket,Wait,Resolve ticket,Closed,,,,,,,,,,
3989.0,Assign seriousness,Take in charge ticket,Wait,Take in charge ticket,Resolve ticket,Closed,,,,,,,,,
3990.0,Assign seriousness,Take in charge ticket,Wait,Resolve ticket,Closed,,,,,,,,,,
3991.0,Assign seriousness,Take in charge ticket,,Resolve ticket,Closed,,,,,,,,,,
3992.0,Assign seriousness,Take in charge ticket,Resolve ticket,Closed,,,,,,,,,,,
3993.0,Assign seriousness,Assign seriousness,Take in charge ticket,Wait,Take in charge ticket,Wait,Resolve ticket,Closed,,,,,,,
3994.0,Assign seriousness,Take in charge ticket,Resolve ticket,Closed,,,,,,,,,,,
3995.0,Assign seriousness,Take in charge ticket,Resolve ticket,Closed,,,,,,,,,,,
3996.0,Assign seriousness,Take in charge ticket,Resolve ticket,Closed,,,,,,,,,,,
3997.0,Assign seriousness,Take in charge ticket,Resolve ticket,Closed,,,,,,,,,,,
3998.0,Assign seriousness,Take in charge ticket,Wait,Resolve ticket,Closed,,,,,,,,,,
3999.0,Insert ticket,Assign seriousness,Take in charge ticket,Resolve ticket,Closed,,,,,,,,,,
4000.0,Assign seriousness,Take in charge ticket,Wait,Wait,Take in charge ticket,Wait,Wait,Take in charge ticket,Take in charge ticket,Take in charge ticket,Resolve ticket,Closed,,,
4001.0,Assign seriousness,Take in charge ticket,Resolve ticket,Closed,,,,,,,,,,,
4002.0,Assign seriousness,Take in charge ticket,Resolve ticket,Closed,,,,,,,,,,,
4003.0,Assign seriousness,Wait,Take in charge ticket,Resolve ticket,Closed,,,,,,,,,,
4004.0,Assign seriousness,Take in charge ticket,Resolve ticket,Closed,,,,,,,,,,,
4005.0,Assign seriousness,Take in charge ticket,Resolve ticket,Closed,,,,,,,,,,,
4006.0,Assign seriousness,Take in charge ticket,Resolve ticket,Take in charge ticket,Resolve ticket,Closed,,,,,,,,,
4007.0,Assign seriousness,Take in charge ticket,Wait,Create SW anomaly,Require upgrade,Resolve ticket,Closed,,,,,,,,
4008.0,Assign seriousness,Take in charge ticket,Resolve ticket,Closed,,,,,,,,,,,
4009.0,Assign seriousness,Take in charge ticket,Wait,Resolve ticket,Closed,,,,,,,,,,
4010.0,Assign seriousness,Take in charge ticket,Resolve ticket,Closed,,,,,,,,,,,
4011.0,Assign seriousness,Take in charge ticket,Resolve ticket,Closed,,,,,,,,,,,
4012.0,Assign seriousness,Resolve ticket,Resolve ticket,Closed,,,,,,,,,,,
4013.0,Assign seriousness,Wait,Resolve ticket,Closed,,,,,,,,,,,
4014.0,Assign seriousness,Take in charge ticket,Resolve ticket,Closed,,,,,,,,,,,
4015.0,Assign seriousness,Take in charge ticket,Wait,Resolve ticket,Closed,,,,,,,,,,
4016.0,Assign seriousness,Take in charge ticket,Resolve ticket,Closed,,,,,,,,,,,
4017.0,Assign seriousness,Take in charge ticket,Resolve ticket,Closed,,,,,,,,,,,
4018.0,Assign seriousness,Take in charge ticket,Resolve ticket,Closed,,,,,,,,,,,
4019.0,Assign seriousness,Take in charge ticket,Wait,Take in charge ticket,Resolve ticket,Closed,,,,,,,,,
4020.0,Assign seriousness,Take in charge ticket,Resolve ticket,Closed,,,,,,,,,,,
4021.0,Assign seriousness,Take in charge ticket,Wait,Take in charge ticket,Resolve ticket,Closed,,,,,,,,,
4022.0,Assign seriousness,Take in charge ticket,Resolve ticket,Closed,,,,,,,,,,,
4023.0,Assign seriousness,Resolve ticket,Closed,,,,,,,,,,,,
4024.0,Assign seriousness,Take in charge ticket,Resolve ticket,Closed,,,,,,,,,,,
4025.0,Assign seriousness,Take in charge ticket,Take in charge ticket,Schedule intervention,Resolve ticket,Closed,,,,,,,,,
4026.0,Assign seriousness,Take in charge ticket,Resolve ticket,Closed,,,,,,,,,,,
4027.0,Assign seriousness,Take in charge ticket,Resolve ticket,Closed,,,,,,,,,,,
4028.0,Insert ticket,Assign seriousness,Take in charge ticket,Resolve ticket,Closed,,,,,,,,,,
4029.0,Assign seriousness,Take in charge ticket,Resolve ticket,Closed,,,,,,,,,,,
4030.0,Assign seriousness,Take in charge ticket,Wait,Take in charge ticket,Resolve ticket,Closed,,,,,,,,,
4031.0,Assign seriousness,Assign seriousness,Take in charge ticket,Resolve ticket,Closed,,,,,,,,,,
4032.0,Assign seriousness,Take in charge ticket,Resolve ticket,Closed,,,,,,,,,,,
4033.0,Assign seriousness,Take in charge ticket,Resolve ticket,Closed,,,,,,,,,,,
4034.0,Assign seriousness,Assign seriousness,Take in charge ticket,Resolve ticket,Closed,,,,,,,,,,
4035.0,Assign seriousness,Take in charge ticket,Resolve ticket,,,,,,,,,,,,
4036.0,Assign seriousness,Take in charge ticket,,Closed,,,,,,,,,,,
4037.0,Assign seriousness,Resolve ticket,Closed,,,,,,,,,,,,
4038.0,Assign seriousness,Take in charge ticket,Resolve ticket,Closed,,,,,,,,,,,
4039.0,Assign seriousness,Take in charge ticket,Wait,Resolve ticket,Closed,,,,,,,,,,
4040.0,Assign seriousness,Assign seriousness,Take in charge ticket,Wait,Take in charge ticket,Resolve ticket,Closed,,,,,,,,
4041.0,Assign seriousness,Take in charge ticket,Wait,Resolve ticket,Closed,,,,,,,,,,
4042.0,Assign seriousness,Take in charge ticket,Resolve ticket,Closed,,,,,,,,,,,
4043.0,Assign seriousness,Take in charge ticket,Resolve ticket,Closed,,,,,,,,,,,
4044.0,Assign seriousness,Take in charge ticket,Resolve ticket,Closed,,,,,,,,,,,
4045.0,Assign seriousness,Take in charge ticket,Wait,Resolve ticket,,,,,,,,,,,
4046.0,Assign seriousness,Assign seriousness,Take in charge ticket,Resolve ticket,Closed,,,,,,,,,,
4047.0,Assign seriousness,Take in charge ticket,Resolve ticket,Closed,,,,,,,,,,,
4048.0,Assign seriousness,Take in charge ticket,Resolve ticket,Closed,,,,,,,,,,,
4049.0,Assign seriousness,Take in charge ticket,Resolve ticket,Closed,,,,,,,,,,,
4050.0,Assign seriousness,Take in charge ticket,Resolve ticket,Closed,,,,,,,,,,,
4051.0,Assign seriousness,Take in charge ticket,Resolve ticket,Closed,,,,,,,,,,,
4052.0,Assign seriousness,Take in charge ticket,Resolve ticket,Closed,,,,,,,,,,,
4053.0,Assign seriousness,Take in charge ticket,Resolve ticket,Closed,,,,,,,,,,,
4054.0,Assign seriousness,Take in charge ticket,Wait,Resolve ticket,Closed,,,,,,,,,,
4055.0,Assign seriousness,Take in charge ticket,Wait,,Closed,,,,,,,,,,
4056.0,Insert ticket,Assign seriousness,Take in charge ticket,Resolve ticket,Closed,,,,,,,,,,
4057.0,Assign seriousness,Take in charge ticket,Resolve ticket,Closed,,,,,,,,,,,
4058.0,Insert ticket,Assign seriousness,Take in charge ticket,Resolve ticket,Closed,,,,,,,,,,
4059.0,Assign seriousness,Take in charge ticket,Resolve ticket,Closed,,,,,,,,,,,
4060.0,Assign seriousness,Take in charge ticket,Resolve ticket,Closed,,,,,,,,,,,
4061.0,Assign seriousness,Resolve ticket,Resolve ticket,Closed,,,,,,,,,,,
4062.0,Assign seriousness,Assign seriousness,Take in charge ticket,Resolve ticket,Closed,,,,,,,,,,
4063.0,Assign seriousness,Take in charge ticket,Require upgrade,Resolve ticket,Closed,,,,,,,,,,
4064.0,Assign seriousness,Take in charge ticket,Resolve ticket,Closed,,,,,,,,,,,
4065.0,Assign seriousness,Take in charge ticket,Wait,Resolve ticket,Closed,,,,,,,,,,
4066.0,Assign seriousness,Assign seriousness,Resolve ticket,Closed,,,,,,,,,,,
4067.0,Assign seriousness,Take in charge ticket,Wait,Resolve ticket,Closed,,,,,,,,,,
4068.0,Assign seriousness,Take in charge ticket,Wait,Resolve ticket,Closed,,,,,,,,,,
4069.0,Assign seriousness,Take in charge ticket,Resolve ticket,Closed,,,,,,,,,,,
4070.0,Assign seriousness,Take in charge ticket,Wait,Resolve ticket,Closed,,,,,,,,,,
4071.0,Assign seriousness,Take in charge ticket,Resolve ticket,,,,,,,,,,,,
4072.0,Assign seriousness,Take in charge ticket,Resolve ticket,Closed,,,,,,,,,,,
4073.0,Assign seriousness,Take in charge ticket,Resolve ticket,Closed,,,,,,,,,,,
4074.0,Assign seriousness,Take in charge ticket,Resolve ticket,,,,,,,,,,,,
4075.0,Assign seriousness,Take in charge ticket,Resolve ticket,Closed,,,,,,,,,,,
4076.0,Assign seriousness,Take in charge ticket,Resolve ticket,Closed,,,,,,,,,,,
4077.0,Assign seriousness,Take in charge ticket,Resolve ticket,Closed,,,,,,,,,,,
4078.0,,Resolve ticket,Closed,,,,,,,,,,,,
4079.0,Assign seriousness,Take in charge ticket,Resolve ticket,Closed,,,,,,,,,,,
4080.0,Assign seriousness,Take in charge ticket,Resolve ticket,Closed,,,,,,,,,,,
4081.0,Assign seriousness,Take in charge ticket,Wait,Take in charge ticket,Resolve ticket,Closed,,,,,,,,,
4082.0,Assign seriousness,Take in charge ticket,Resolve ticket,Take in charge ticket,Wait,Take in charge ticket,Resolve ticket,Closed,,,,,,,
4083.0,Take in charge ticket,Resolve ticket,Closed,,,,,,,,,,,,
4084.0,Assign seriousness,Resolve ticket,Closed,,,,,,,,,,,,
4085.0,Assign seriousness,Take in charge ticket,Resolve ticket,Closed,,,,,,,,,,,
4086.0,Assign seriousness,Take in charge ticket,Resolve ticket,Closed,,,,,,,,,,,
4087.0,Assign seriousness,Take in charge ticket,Resolve ticket,Closed,,,,,,,,,,,
4088.0,Assign seriousness,Take in charge ticket,Wait,Wait,Resolve ticket,Closed,,,,,,,,,
4089.0,Assign seriousness,Take in charge ticket,Resolve ticket,Closed,,,,,,,,,,,
4090.0,Assign seriousness,Take in charge ticket,Resolve ticket,Closed,,,,,,,,,,,
4091.0,Assign seriousness,Resolve ticket,Closed,,,,,,,,,,,,
4092.0,Assign seriousness,Resolve ticket,Closed,,,,,,,,,,,,
4093.0,Take in charge ticket,Resolve ticket,Resolve ticket,Closed,,,,,,,,,,,
4094.0,Assign seriousness,Assign seriousness,Take in charge ticket,Resolve ticket,Closed,,,,,,,,,,
4095.0,Assign seriousness,Take in charge ticket,Resolve ticket,Resolve ticket,Closed,,,,,,,,,,
4096.0,Assign seriousness,Take in charge ticket,Resolve ticket,Closed,,,,,,,,,,,
4097.0,Assign seriousness,Take in charge ticket,Resolve ticket,Closed,,,,,,,,,,,
4098.0,Assign seriousness,Resolve ticket,Closed,,,,,,,,,,,,
4099.0,Assign seriousness,Take in charge ticket,Resolve ticket,Closed,,,,,,,,,,,
4100.0,Assign seriousness,Take in charge ticket,Resolve ticket,Closed,,,,,,,,,,,
4101.0,Assign seriousness,Take in charge ticket,Resolve ticket,Closed,,,,,,,,,,,
4102.0,Assign seriousness,Take in charge ticket,Wait,Resolve ticket,Closed,,,,,,,,,,
4103.0,Assign seriousness,Take in charge ticket,Resolve ticket,Closed,,,,,,,,,,,
4104.0,Assign seriousness,Take in charge ticket,Resolve ticket,Closed,,,,,,,,,,,
4105.0,Assign seriousness,Take in charge ticket,Wait,Resolve ticket,Closed,,,,,,,,,,
4106.0,Assign seriousness,Take in charge ticket,Resolve ticket,Closed,,,,,,,,,,,
4107.0,Assign seriousness,Take in charge ticket,Wait,Resolve ticket,Closed,,,,,,,,,,
4108.0,Assign seriousness,Take in charge ticket,Resolve ticket,Closed,,,,,,,,,,,
4109.0,Insert ticket,Assign seriousness,Take in charge ticket,Wait,Take in charge ticket,Wait,Take in charge ticket,Resolve ticket,Closed,,,,,,
4110.0,Assign seriousness,Take in charge ticket,Resolve ticket,Closed,,,,,,,,,,,
4111.0,Insert ticket,Assign seriousness,Take in charge ticket,Resolve ticket,Closed,,,,,,,,,,
4112.0,Assign seriousness,Take in charge ticket,Resolve ticket,Closed,,,,,,,,,,,
4113.0,Assign seriousness,Take in charge ticket,Resolve ticket,Resolve ticket,Closed,,,,,,,,,,
4114.0,Assign seriousness,Take in charge ticket,Resolve ticket,Closed,,,,,,,,,,,
4115.0,Assign seriousness,Assign seriousness,Take in charge ticket,Resolve ticket,Closed,,,,,,,,,,
4116.0,Assign seriousness,Take in charge ticket,Resolve ticket,Closed,,,,,,,,,,,
4117.0,Assign seriousness,Take in charge ticket,Resolve ticket,Closed,,,,,,,,,,,
4118.0,Assign seriousness,Assign seriousness,Take in charge ticket,Resolve ticket,Closed,,,,,,,,,,
4119.0,Assign seriousness,Take in charge ticket,Resolve ticket,Closed,,,,,,,,,,,
4120.0,Assign seriousness,Resolve ticket,Closed,,,,,,,,,,,,
4121.0,Assign seriousness,Take in charge ticket,Resolve ticket,Closed,,,,,,,,,,,
4122.0,Assign seriousness,Take in charge ticket,Resolve ticket,Closed,,,,,,,,,,,
4123.0,Assign seriousness,Take in charge ticket,Wait,Resolve ticket,Closed,,,,,,,,,,
4124.0,Insert ticket,Assign seriousness,Take in charge ticket,Resolve ticket,Closed,,,,,,,,,,
4125.0,Assign seriousness,Take in charge ticket,Resolve ticket,Closed,,,,,,,,,,,
4126.0,Assign seriousness,Take in charge ticket,Resolve ticket,Closed,,,,,,,,,,,
4127.0,Assign seriousness,Take in charge ticket,Resolve ticket,Closed,,,,,,,,,,,
4128.0,,Take in charge ticket,Wait,Resolve ticket,Closed,,,,,,,,,,
4129.0,Assign seriousness,Take in charge ticket,Resolve ticket,Take in charge ticket,Resolve ticket,Closed,,,,,,,,,
4130.0,Assign seriousness,Take in charge ticket,Wait,Resolve ticket,Closed,,,,,,,,,,
4131.0,Assign seriousness,Wait,Take in charge ticket,Resolve ticket,Closed,,,,,,,,,,
4132.0,Assign seriousness,Take in charge ticket,Resolve ticket,Closed,,,,,,,,,,,
4133.0,Assign seriousness,Assign seriousness,Take in charge ticket,Resolve ticket,Closed,,,,,,,,,,
4134.0,Assign seriousness,Take in charge ticket,Wait,Take in charge ticket,Resolve ticket,Closed,,,,,,,,,
4135.0,Assign seriousness,Take in charge ticket,Resolve ticket,Closed,,,,,,,,,,,
4136.0,Assign seriousness,Take in charge ticket,Wait,Resolve ticket,Closed,,,,,,,,,,
4137.0,Assign seriousness,Take in charge ticket,Wait,Resolve ticket,Closed,,,,,,,,,,
4138.0,Assign seriousness,Take in charge ticket,Wait,Take in charge ticket,Resolve ticket,Closed,,,,,,,,,
4139.0,Assign seriousness,Take in charge ticket,Resolve ticket,Closed,,,,,,,,,,,
4140.0,Assign seriousness,Take in charge ticket,Resolve ticket,Closed,,,,,,,,,,,
4141.0,Assign seriousness,Take in charge ticket,Resolve ticket,Closed,,,,,,,,,,,
4142.0,Assign seriousness,Take in charge ticket,Resolve ticket,Closed,,,,,,,,,,,
4143.0,Assign seriousness,Take in charge ticket,Resolve ticket,Closed,,,,,,,,,,,
4144.0,Assign seriousness,Take in charge ticket,Resolve ticket,Closed,,,,,,,,,,,
4145.0,Assign seriousness,Take in charge ticket,Wait,Take in charge ticket,Resolve ticket,Closed,,,,,,,,,
4146.0,Assign seriousness,Assign seriousness,Take in charge ticket,Wait,Resolve ticket,Closed,,,,,,,,,
4147.0,Assign seriousness,Take in charge ticket,Wait,Resolve ticket,Closed,,,,,,,,,,
4148.0,Assign seriousness,Take in charge ticket,Resolve ticket,Closed,,,,,,,,,,,
4149.0,Assign seriousness,Take in charge ticket,Resolve ticket,Closed,,,,,,,,,,,
4150.0,Assign seriousness,Take in charge ticket,Resolve ticket,Closed,,,,,,,,,,,
4151.0,Assign seriousness,Take in charge ticket,Resolve ticket,Closed,,,,,,,,,,,
4152.0,Assign seriousness,Take in charge ticket,Resolve ticket,Take in charge ticket,Wait,Take in charge ticket,Resolve ticket,Closed,,,,,,,
4153.0,Assign seriousness,Take in charge ticket,Wait,Resolve ticket,Closed,,,,,,,,,,
4154.0,Assign seriousness,Take in charge ticket,Resolve ticket,Closed,,,,,,,,,,,
4155.0,Assign seriousness,Take in charge ticket,Resolve ticket,Closed,,,,,,,,,,,
4156.0,Assign seriousness,Take in charge ticket,Resolve ticket,Closed,,,,,,,,,,,
4157.0,Assign seriousness,Take in charge ticket,Resolve ticket,Closed,,,,,,,,,,,
4158.0,Assign seriousness,Take in charge ticket,Wait,Take in charge ticket,Resolve ticket,Closed,,,,,,,,,
4159.0,Insert ticket,Assign seriousness,Take in charge ticket,Resolve ticket,Closed,,,,,,,,,,
4160.0,Assign seriousness,Assign seriousness,Take in charge ticket,Resolve ticket,Closed,,,,,,,,,,
4161.0,Assign seriousness,Take in charge ticket,Resolve ticket,Closed,,,,,,,,,,,
4162.0,Assign seriousness,Take in charge ticket,Wait,Take in charge ticket,Resolve ticket,Closed,,,,,,,,,
4163.0,Assign seriousness,Take in charge ticket,Resolve ticket,Closed,,,,,,,,,,,
4164.0,Assign seriousness,Require upgrade,Resolve ticket,Closed,,,,,,,,,,,
4165.0,Assign seriousness,Take in charge ticket,Wait,Take in charge ticket,Resolve ticket,Closed,,,,,,,,,
4166.0,Assign seriousness,Take in charge ticket,Require upgrade,Resolve ticket,Closed,,,,,,,,,,
4167.0,Assign seriousness,Take in charge ticket,Resolve ticket,Closed,,,,,,,,,,,
4168.0,Assign seriousness,Take in charge ticket,Resolve ticket,Closed,,,,,,,,,,,
4169.0,Assign seriousness,Take in charge ticket,Resolve ticket,Closed,,,,,,,,,,,
4170.0,Assign seriousness,Take in charge ticket,Resolve ticket,Closed,,,,,,,,,,,
4171.0,Assign seriousness,Resolve ticket,Resolve ticket,Closed,,,,,,,,,,,
4172.0,Assign seriousness,Take in charge ticket,Resolve ticket,Closed,,,,,,,,,,,
4173.0,Assign seriousness,Take in charge ticket,Resolve ticket,Closed,,,,,,,,,,,
4174.0,Assign seriousness,Take in charge ticket,Resolve ticket,Closed,,,,,,,,,,,
4175.0,Assign seriousness,Take in charge ticket,Wait,Take in charge ticket,Resolve ticket,Closed,,,,,,,,,
4176.0,Assign seriousness,Take in charge ticket,Resolve ticket,Closed,,,,,,,,,,,
4177.0,Assign seriousness,Assign seriousness,Assign seriousness,Take in charge ticket,Resolve ticket,Closed,,,,,,,,,
4178.0,Assign seriousness,Take in charge ticket,Resolve ticket,Closed,,,,,,,,,,,
4179.0,Assign seriousness,Take in charge ticket,Resolve ticket,Closed,,,,,,,,,,,
4180.0,Assign seriousness,Take in charge ticket,Resolve ticket,Closed,,,,,,,,,,,
4181.0,Assign seriousness,Take in charge ticket,Resolve ticket,Closed,,,,,,,,,,,
4182.0,Assign seriousness,Take in charge ticket,Resolve ticket,Closed,,,,,,,,,,,
4183.0,Assign seriousness,Take in charge ticket,Resolve ticket,Closed,,,,,,,,,,,
4184.0,Assign seriousness,Resolve ticket,Resolve ticket,Closed,,,,,,,,,,,
4185.0,Assign seriousness,Take in charge ticket,Resolve ticket,Closed,,,,,,,,,,,
4186.0,Assign seriousness,Take in charge ticket,Resolve ticket,Closed,,,,,,,,,,,
4187.0,Insert ticket,Assign seriousness,Assign seriousness,Take in charge ticket,Wait,Take in charge ticket,Resolve ticket,Closed,,,,,,,
4188.0,Assign seriousness,Take in charge ticket,Resolve ticket,Closed,,,,,,,,,,,
4189.0,Assign seriousness,Take in charge ticket,Resolve ticket,Closed,,,,,,,,,,,
4190.0,Assign seriousness,Take in charge ticket,Resolve ticket,,,,,,,,,,,,
4191.0,Assign seriousness,Take in charge ticket,Resolve ticket,Closed,,,,,,,,,,,
4192.0,Assign seriousness,Take in charge ticket,Resolve ticket,Closed,,,,,,,,,,,
4193.0,Assign seriousness,Assign seriousness,Take in charge ticket,Resolve ticket,Resolve ticket,Closed,,,,,,,,,
4194.0,Assign seriousness,Take in charge ticket,Resolve ticket,Closed,,,,,,,,,,,
4195.0,Assign seriousness,Assign seriousness,Resolve ticket,Closed,,,,,,,,,,,
4196.0,Assign seriousness,Take in charge ticket,Resolve ticket,Closed,,,,,,,,,,,
4197.0,Assign seriousness,Take in charge ticket,Resolve ticket,Closed,,,,,,,,,,,
4198.0,Assign seriousness,Take in charge ticket,Resolve ticket,Closed,,,,,,,,,,,
4199.0,Assign seriousness,Assign seriousness,Take in charge ticket,Wait,Resolve ticket,Closed,,,,,,,,,
4200.0,Assign seriousness,Take in charge ticket,Resolve ticket,Closed,,,,,,,,,,,
4201.0,Assign seriousness,Take in charge ticket,Wait,,Closed,,,,,,,,,,
4202.0,Assign seriousness,Take in charge ticket,Wait,Resolve ticket,Closed,,,,,,,,,,
4203.0,Assign seriousness,Assign seriousness,Take in charge ticket,Resolve ticket,Closed,,,,,,,,,,
4204.0,Assign seriousness,Take in charge ticket,Resolve ticket,Closed,,,,,,,,,,,
4205.0,Assign seriousness,Take in charge ticket,Resolve ticket,Resolve ticket,Resolve ticket,Take in charge ticket,Resolve ticket,Closed,,,,,,,
4206.0,Assign seriousness,Take in charge ticket,Resolve ticket,Closed,,,,,,,,,,,
4207.0,Assign seriousness,Take in charge ticket,Resolve ticket,Closed,Closed,,,,,,,,,,
4208.0,Assign seriousness,Take in charge ticket,Take in charge ticket,Wait,Resolve ticket,Closed,,,,,,,,,
4209.0,Assign seriousness,Take in charge ticket,Resolve ticket,Closed,,,,,,,,,,,
4210.0,Assign seriousness,Take in charge ticket,Wait,Resolve ticket,Closed,,,,,,,,,,
4211.0,Assign seriousness,Resolve ticket,Closed,,,,,,,,,,,,
4212.0,Assign seriousness,Take in charge ticket,Resolve ticket,Closed,,,,,,,,,,,
4213.0,Assign seriousness,Take in charge ticket,Resolve ticket,Closed,,,,,,,,,,,
4214.0,Assign seriousness,Take in charge ticket,Resolve ticket,Resolve ticket,Closed,,,,,,,,,,
4215.0,Assign seriousness,Resolve ticket,Closed,,,,,,,,,,,,
4216.0,Assign seriousness,Take in charge ticket,Resolve ticket,Closed,,,,,,,,,,,
4217.0,Assign seriousness,Assign seriousness,Take in charge ticket,Wait,Take in charge ticket,Resolve ticket,Closed,,,,,,,,
4218.0,Assign seriousness,Take in charge ticket,Resolve ticket,Closed,,,,,,,,,,,
4219.0,Assign seriousness,Take in charge ticket,Resolve ticket,Closed,,,,,,,,,,,
4220.0,Assign seriousness,Take in charge ticket,Resolve ticket,Closed,,,,,,,,,,,
4221.0,Assign seriousness,Take in charge ticket,Resolve ticket,Closed,,,,,,,,,,,
4222.0,Wait,Resolve ticket,Closed,,,,,,,,,,,,
4223.0,Insert ticket,Assign seriousness,Take in charge ticket,Resolve ticket,Closed,,,,,,,,,,
4224.0,Assign seriousness,Take in charge ticket,Wait,Wait,Resolve ticket,Closed,,,,,,,,,
4225.0,Assign seriousness,Take in charge ticket,Wait,Resolve ticket,Closed,,,,,,,,,,
4226.0,Assign seriousness,Take in charge ticket,Resolve ticket,Closed,,,,,,,,,,,
4227.0,Assign seriousness,Take in charge ticket,Resolve ticket,Closed,,,,,,,,,,,
4228.0,Assign seriousness,Resolve ticket,Closed,,,,,,,,,,,,
4229.0,Assign seriousness,Take in charge ticket,Resolve ticket,Closed,,,,,,,,,,,
4230.0,Assign seriousness,Take in charge ticket,Wait,Take in charge ticket,Wait,Take in charge ticket,Resolve ticket,Closed,,,,,,,
4231.0,Assign seriousness,Take in charge ticket,Resolve ticket,Resolve ticket,Closed,,,,,,,,,,
4232.0,Assign seriousness,Take in charge ticket,Resolve ticket,Closed,,,,,,,,,,,
4233.0,Assign seriousness,Take in charge ticket,Wait,Take in charge ticket,Resolve ticket,Closed,,,,,,,,,
4234.0,Assign seriousness,Take in charge ticket,Wait,Resolve ticket,Closed,,,,,,,,,,
4235.0,Assign seriousness,Take in charge ticket,Resolve ticket,Resolve ticket,Closed,,,,,,,,,,
4236.0,Assign seriousness,Take in charge ticket,Resolve ticket,Closed,,,,,,,,,,,
4237.0,Assign seriousness,Take in charge ticket,Wait,Resolve ticket,Closed,,,,,,,,,,
4238.0,Assign seriousness,Take in charge ticket,Resolve ticket,Closed,,,,,,,,,,,
4239.0,Assign seriousness,Take in charge ticket,Take in charge ticket,Resolve ticket,Closed,,,,,,,,,,
4240.0,Assign seriousness,Take in charge ticket,Resolve ticket,,,,,,,,,,,,
4241.0,Assign seriousness,Take in charge ticket,Wait,Resolve ticket,Closed,,,,,,,,,,
4242.0,Assign seriousness,Take in charge ticket,Resolve ticket,Closed,,,,,,,,,,,
4243.0,Assign seriousness,Take in charge ticket,Wait,Take in charge ticket,Resolve ticket,Closed,,,,,,,,,
4244.0,Assign seriousness,Take in charge ticket,Resolve ticket,Closed,,,,,,,,,,,
4245.0,Assign seriousness,Resolve ticket,Closed,,,,,,,,,,,,
4246.0,Insert ticket,Assign seriousness,Take in charge ticket,Resolve ticket,Closed,,,,,,,,,,
4247.0,Assign seriousness,Take in charge ticket,Resolve ticket,Resolve ticket,Closed,,,,,,,,,,
4248.0,Take in charge ticket,Wait,Resolve ticket,Closed,,,,,,,,,,,
4249.0,Assign seriousness,Take in charge ticket,Wait,Resolve ticket,Closed,,,,,,,,,,
4250.0,Assign seriousness,Take in charge ticket,Resolve ticket,Closed,,,,,,,,,,,
4251.0,Assign seriousness,Take in charge ticket,Resolve ticket,Closed,,,,,,,,,,,
4252.0,Assign seriousness,Take in charge ticket,Resolve ticket,Closed,,,,,,,,,,,
4253.0,Assign seriousness,Assign seriousness,Take in charge ticket,Wait,Take in charge ticket,Resolve ticket,Closed,,,,,,,,
4254.0,Assign seriousness,Take in charge ticket,Resolve ticket,Closed,,,,,,,,,,,
4255.0,Assign seriousness,Take in charge ticket,Wait,Take in charge ticket,Resolve ticket,Closed,,,,,,,,,
4256.0,Assign seriousness,Take in charge ticket,Resolve ticket,Closed,,,,,,,,,,,
4257.0,Assign seriousness,Take in charge ticket,,Closed,,,,,,,,,,,
4258.0,Assign seriousness,Take in charge ticket,Resolve ticket,Resolve ticket,Closed,,,,,,,,,,
4259.0,Assign seriousness,Assign seriousness,Take in charge ticket,Resolve ticket,Closed,,,,,,,,,,
4260.0,Assign seriousness,Take in charge ticket,Wait,Take in charge ticket,Wait,Take in charge ticket,Wait,,Resolve ticket,Closed,,,,,
4261.0,Assign seriousness,Take in charge ticket,Resolve ticket,Closed,,,,,,,,,,,
4262.0,Assign seriousness,Take in charge ticket,Resolve ticket,Closed,,,,,,,,,,,
4263.0,Assign seriousness,Take in charge ticket,Resolve ticket,Closed,,,,,,,,,,,
4264.0,Assign seriousness,Assign seriousness,Take in charge ticket,Resolve ticket,Take in charge ticket,Resolve ticket,Closed,Closed,,,,,,,
4265.0,Insert ticket,Assign seriousness,Take in charge ticket,Wait,Take in charge ticket,Resolve ticket,Closed,,,,,,,,
4266.0,Assign seriousness,Take in charge ticket,Resolve ticket,Closed,,,,,,,,,,,
4267.0,Assign seriousness,Assign seriousness,Take in charge ticket,Resolve ticket,Closed,,,,,,,,,,
4268.0,Assign seriousness,Take in charge ticket,Resolve ticket,Resolve ticket,Closed,,,,,,,,,,
4269.0,Assign seriousness,Resolve ticket,Closed,,,,,,,,,,,,
4270.0,Assign seriousness,Take in charge ticket,Resolve ticket,Closed,,,,,,,,,,,
4271.0,Assign seriousness,Resolve ticket,Closed,,,,,,,,,,,,
4272.0,Assign seriousness,Take in charge ticket,Resolve ticket,Closed,,,,,,,,,,,
4273.0,Assign seriousness,Take in charge ticket,Resolve ticket,Closed,,,,,,,,,,,
4274.0,Assign seriousness,Assign seriousness,Take in charge ticket,Resolve ticket,Closed,,,,,,,,,,
4275.0,Assign seriousness,Take in charge ticket,Resolve ticket,Closed,,,,,,,,,,,
4276.0,Assign seriousness,Take in charge ticket,Resolve ticket,Closed,,,,,,,,,,,
4277.0,Assign seriousness,Take in charge ticket,Resolve ticket,Closed,,,,,,,,,,,
4278.0,Assign seriousness,Resolve ticket,Closed,,,,,,,,,,,,
4279.0,Assign seriousness,Take in charge ticket,Resolve ticket,Resolve ticket,Closed,,,,,,,,,,
4280.0,Assign seriousness,Take in charge ticket,,Wait,Resolve ticket,Closed,,,,,,,,,
4281.0,Assign seriousness,Take in charge ticket,Wait,Resolve ticket,Closed,,,,,,,,,,
4282.0,Assign seriousness,Take in charge ticket,Resolve ticket,Closed,,,,,,,,,,,
4283.0,Assign seriousness,,Resolve ticket,Take in charge ticket,Resolve ticket,Closed,,,,,,,,,
4284.0,Assign seriousness,Take in charge ticket,Take in charge ticket,Resolve ticket,Closed,,,,,,,,,,
4285.0,Assign seriousness,Take in charge ticket,Wait,Resolve ticket,Closed,,,,,,,,,,
4286.0,Assign seriousness,Take in charge ticket,Resolve ticket,Closed,,,,,,,,,,,
4287.0,Assign seriousness,Take in charge ticket,Resolve ticket,Closed,,,,,,,,,,,
4288.0,Assign seriousness,Take in charge ticket,Resolve ticket,Closed,,,,,,,,,,,
4289.0,Assign seriousness,Take in charge ticket,Wait,Resolve ticket,Closed,,,,,,,,,,
4290.0,Assign seriousness,Take in charge ticket,Resolve ticket,Closed,,,,,,,,,,,
4291.0,Assign seriousness,Take in charge ticket,Resolve ticket,Closed,,,,,,,,,,,
4292.0,Assign seriousness,Take in charge ticket,Resolve ticket,Closed,,,,,,,,,,,
4293.0,Assign seriousness,Take in charge ticket,Resolve ticket,Closed,,,,,,,,,,,
4294.0,Assign seriousness,Take in charge ticket,Wait,Resolve ticket,Closed,,,,,,,,,,
4295.0,Assign seriousness,Take in charge ticket,Resolve ticket,Closed,,,,,,,,,,,
4296.0,Assign seriousness,Take in charge ticket,Resolve ticket,Closed,,,,,,,,,,,
4297.0,Assign seriousness,Resolve ticket,Resolve ticket,Closed,,,,,,,,,,,
4298.0,Assign seriousness,Take in charge ticket,Resolve ticket,Closed,,,,,,,,,,,
4299.0,Assign seriousness,Take in charge ticket,Resolve ticket,Closed,,,,,,,,,,,
4300.0,Assign seriousness,Take in charge ticket,Resolve ticket,Closed,,,,,,,,,,,
4301.0,Assign seriousness,Take in charge ticket,Resolve ticket,Closed,,,,,,,,,,,
4302.0,Assign seriousness,Assign seriousness,Take in charge ticket,Resolve ticket,Closed,,,,,,,,,,
4303.0,Assign seriousness,Take in charge ticket,Wait,Resolve ticket,Closed,,,,,,,,,,
4304.0,Assign seriousness,Take in charge ticket,Resolve ticket,Closed,,,,,,,,,,,
4305.0,Assign seriousness,Take in charge ticket,Resolve ticket,Closed,,,,,,,,,,,
4306.0,Assign seriousness,Take in charge ticket,Wait,Resolve ticket,Closed,,,,,,,,,,
4307.0,Assign seriousness,Take in charge ticket,Wait,Take in charge ticket,Wait,Take in charge ticket,Resolve ticket,Closed,,,,,,,
4308.0,Assign seriousness,Take in charge ticket,Resolve ticket,Closed,,,,,,,,,,,
4309.0,,Assign seriousness,Take in charge ticket,Resolve ticket,Resolve ticket,Resolve ticket,Closed,,,,,,,,
4310.0,Assign seriousness,Take in charge ticket,Wait,Resolve ticket,Closed,,,,,,,,,,
4311.0,Assign seriousness,Take in charge ticket,Resolve ticket,Closed,,,,,,,,,,,
4312.0,Assign seriousness,Take in charge ticket,Resolve ticket,Closed,,,,,,,,,,,
4313.0,Assign seriousness,Take in charge ticket,Resolve ticket,Closed,,,,,,,,,,,
4314.0,,Take in charge ticket,Resolve ticket,Closed,,,,,,,,,,,
4315.0,Assign seriousness,Take in charge ticket,Resolve ticket,Closed,,,,,,,,,,,
4316.0,Assign seriousness,Take in charge ticket,Wait,Take in charge ticket,Resolve ticket,Closed,,,,,,,,,
4317.0,Assign seriousness,Take in charge ticket,Wait,Resolve ticket,Closed,,,,,,,,,,
4318.0,Assign seriousness,Take in charge ticket,Wait,Take in charge ticket,Wait,Resolve ticket,Closed,,,,,,,,
4319.0,Assign seriousness,Assign seriousness,Take in charge ticket,Resolve ticket,Closed,,,,,,,,,,
4320.0,Assign seriousness,Take in charge ticket,Resolve ticket,Closed,,,,,,,,,,,
4321.0,Assign seriousness,Take in charge ticket,Resolve ticket,Closed,,,,,,,,,,,
4322.0,Assign seriousness,Take in charge ticket,Resolve ticket,Closed,,,,,,,,,,,
4323.0,Assign seriousness,Take in charge ticket,Resolve ticket,Closed,,,,,,,,,,,
4324.0,Assign seriousness,Take in charge ticket,Resolve ticket,Closed,,,,,,,,,,,
4325.0,Assign seriousness,Take in charge ticket,Resolve ticket,Closed,,,,,,,,,,,
4326.0,,Take in charge ticket,Resolve ticket,Closed,,,,,,,,,,,
4327.0,Assign seriousness,Take in charge ticket,Resolve ticket,Closed,,,,,,,,,,,
4328.0,Assign seriousness,Take in charge ticket,Require upgrade,Resolve ticket,Closed,,,,,,,,,,
4329.0,Assign seriousness,Take in charge ticket,Resolve ticket,Closed,,,,,,,,,,,
4330.0,Assign seriousness,Assign seriousness,Take in charge ticket,Resolve ticket,Closed,,,,,,,,,,
4331.0,Assign seriousness,Take in charge ticket,Wait,Resolve ticket,Closed,,,,,,,,,,
4332.0,Assign seriousness,Take in charge ticket,Wait,Resolve ticket,Closed,,,,,,,,,,
4333.0,Assign seriousness,Take in charge ticket,Take in charge ticket,Wait,Wait,Resolve ticket,Closed,,,,,,,,
,Assign seriousness,Take in charge ticket,Resolve ticket,Closed,,,,,,,,,,,
4335.0,Assign seriousness,Take in charge ticket,Wait,Take in charge ticket,Resolve ticket,Closed,,,,,,,,,
4336.0,Assign seriousness,Resolve ticket,Resolve ticket,Closed,,,,,,,,,,,
4337.0,Assign seriousness,Take in charge ticket,Resolve ticket,Closed,,,,,,,,,,,
4338.0,Assign seriousness,Take in charge ticket,Wait,Resolve ticket,Closed,,,,,,,,,,
4339.0,Assign seriousness,Take in charge ticket,Resolve ticket,Closed,,,,,,,,,,,
4340.0,Assign seriousness,Take in charge ticket,Require upgrade,Resolve ticket,Closed,,,,,,,,,,
4341.0,Assign seriousness,Take in charge ticket,Resolve ticket,Closed,,,,,,,,,,,
4342.0,Assign seriousness,Assign seriousness,Assign seriousness,Take in charge ticket,Resolve ticket,Closed,,,,,,,,,
4343.0,Assign seriousness,Take in charge ticket,Resolve ticket,Closed,,,,,,,,,,,
4344.0,Assign seriousness,Take in charge ticket,Wait,Resolve ticket,Closed,,,,,,,,,,
4345.0,Assign seriousness,Take in charge ticket,Resolve ticket,Closed,,,,,,,,,,,
4346.0,Take in charge ticket,Resolve ticket,Closed,,,,,,,,,,,,
4347.0,Assign seriousness,Take in charge ticket,,Closed,,,,,,,,,,,
4348.0,Assign seriousness,Take in charge ticket,Wait,Resolve ticket,Closed,,,,,,,,,,
4349.0,Assign seriousness,Resolve ticket,Resolve ticket,Closed,,,,,,,,,,,
4350.0,Assign seriousness,Resolve ticket,Closed,,,,,,,,,,,,
4351.0,Assign seriousness,Take in charge ticket,Resolve ticket,Closed,,,,,,,,,,,
4352.0,Assign seriousness,Take in charge ticket,Resolve ticket,Closed,,,,,,,,,,,
4353.0,Insert ticket,Assign seriousness,Take in charge ticket,Resolve ticket,Take in charge ticket,Wait,Take in charge ticket,Resolve ticket,Closed,,,,,,
4354.0,Assign seriousness,Take in charge ticket,Resolve ticket,Closed,,,,,,,,,,,
4355.0,Assign seriousness,Take in charge ticket,Resolve ticket,Closed,,,,,,,,,,,
4356.0,Assign seriousness,Assign seriousness,Take in charge ticket,Wait,Take in charge ticket,Resolve ticket,Closed,,,,,,,,
4357.0,Assign seriousness,Take in charge ticket,Resolve ticket,Closed,,,,,,,,,,,
,Assign seriousness,Take in charge ticket,Resolve ticket,Closed,,,,,,,,,,,
4359.0,Assign seriousness,Take in charge ticket,Wait,Take in charge ticket,Wait,Take in charge ticket,Resolve ticket,Take in charge ticket,Wait,Take in charge ticket,Resolve ticket,Closed,,,
,Assign seriousness,Take in charge ticket,Resolve ticket,Closed,,,,,,,,,,,
4361.0,Assign seriousness,Take in charge ticket,Resolve ticket,Closed,,,,,,,,,,,
4362.0,Assign seriousness,Take in charge ticket,Resolve ticket,Take in charge ticket,Wait,Take in charge ticket,Resolve ticket,Closed,,,,,,,
4363.0,Assign seriousness,Assign seriousness,Take in charge ticket,Resolve ticket,Closed,,,,,,,,,,
4364.0,Assign seriousness,Take in charge ticket,Resolve ticket,Resolve ticket,Closed,,,,,,,,,,
4365.0,Assign seriousness,Assign seriousness,Assign seriousness,Take in charge ticket,Wait,Take in charge ticket,Resolve ticket,Closed,,,,,,,
4366.0,Assign seriousness,Resolve ticket,Closed,,,,,,,,,,,,
4367.0,Assign seriousness,Take in charge ticket,Require upgrade,Resolve ticket,Closed,,,,,,,,,,
4368.0,Assign seriousness,Take in charge ticket,Resolve ticket,Closed,,,,,,,,,,,
4369.0,Assign seriousness,Take in charge ticket,Resolve ticket,Closed,,,,,,,,,,,
4370.0,Assign seriousness,Assign seriousness,Take in charge ticket,Resolve ticket,Closed,,,,,,,,,,
4371.0,Assign seriousness,Take in charge ticket,Resolve ticket,Closed,,,,,,,,,,,
4372.0,Assign seriousness,Take in charge ticket,Resolve ticket,Closed,,,,,,,,,,,
4373.0,Assign seriousness,Take in charge ticket,Wait,Take in charge ticket,Wait,Resolve ticket,Closed,,,,,,,,
4374.0,Assign seriousness,Take in charge ticket,Resolve ticket,Closed,,,,,,,,,,,
4375.0,Assign seriousness,Take in charge ticket,Resolve ticket,Closed,,,,,,,,,,,
4376.0,Assign seriousness,Take in charge ticket,Wait,Take in charge ticket,Wait,Resolve ticket,Closed,,,,,,,,
4377.0,Assign seriousness,Take in charge ticket,Take in charge ticket,Resolve ticket,Closed,,,,,,,,,,
4378.0,Assign seriousness,Take in charge ticket,Wait,Wait,Take in charge ticket,Resolve ticket,Closed,,,,,,,,
4379.0,Assign seriousness,Take in charge ticket,Resolve ticket,Closed,,,,,,,,,,,
4380.0,Assign seriousness,Take in charge ticket,Wait,Wait,Take in charge ticket,Resolve ticket,Closed,,,,,,,,
4381.0,Assign seriousness,Take in charge ticket,Resolve ticket,Closed,,,,,,,,,,,
4382.0,Assign seriousness,Take in charge ticket,Wait,Wait,Resolve ticket,Closed,,,,,,,,,
4383.0,Assign seriousness,Take in charge ticket,Resolve ticket,Closed,,,,,,,,,,,
4384.0,Assign seriousness,Take in charge ticket,Take in charge ticket,Resolve ticket,Closed,,,,,,,,,,
4385.0,Assign seriousness,Take in charge ticket,Wait,Resolve ticket,Closed,,,,,,,,,,
4386.0,Assign seriousness,Take in charge ticket,Resolve ticket,Closed,,,,,,,,,,,
4387.0,Assign seriousness,Take in charge ticket,Wait,Resolve ticket,Closed,,,,,,,,,,
4388.0,Assign seriousness,Take in charge ticket,Wait,Take in charge ticket,Resolve ticket,Closed,,,,,,,,,
4389.0,Assign seriousness,Take in charge ticket,Wait,Take in charge ticket,Wait,Resolve ticket,Closed,,,,,,,,
4390.0,,Assign seriousness,Take in charge ticket,Resolve ticket,Closed,,,,,,,,,,
4391.0,Assign seriousness,Take in charge ticket,Resolve ticket,Closed,,,,,,,,,,,
4392.0,Assign seriousness,Take in charge ticket,Take in charge ticket,Take in charge ticket,Resolve ticket,Closed,,,,,,,,,
4393.0,Assign seriousness,Take in charge ticket,Resolve ticket,Closed,,,,,,,,,,,
4394.0,Assign seriousness,Take in charge ticket,Take in charge ticket,Resolve ticket,Closed,,,,,,,,,,
4395.0,Assign seriousness,Wait,Resolve ticket,Resolve ticket,Closed,,,,,,,,,,
4396.0,Assign seriousness,Take in charge ticket,Resolve ticket,Closed,,,,,,,,,,,
4397.0,Assign seriousness,Wait,Resolve ticket,Closed,,,,,,,,,,,
4398.0,Assign seriousness,Take in charge ticket,Resolve ticket,Closed,,,,,,,,,,,
4399.0,Assign seriousness,Take in charge ticket,Wait,Resolve ticket,Closed,,,,,,,,,,
4400.0,Assign seriousness,Take in charge ticket,Resolve ticket,Closed,,,,,,,,,,,
4401.0,Assign seriousness,Assign seriousness,Take in charge ticket,Resolve ticket,Closed,,,,,,,,,,
4402.0,Assign seriousness,Take in charge ticket,Wait,Resolve ticket,Closed,,,,,,,,,,
4403.0,Assign seriousness,Take in charge ticket,Resolve ticket,Closed,,,,,,,,,,,
4404.0,Assign seriousness,Take in charge ticket,Wait,Resolve ticket,Closed,,,,,,,,,,
4405.0,Assign seriousness,Take in charge ticket,Wait,Resolve ticket,Closed,,,,,,,,,,
4406.0,Assign seriousness,Take in charge ticket,Resolve ticket,Closed,,,,,,,,,,,
4407.0,Assign seriousness,Take in charge ticket,Resolve ticket,Closed,,,,,,,,,,,
4408.0,Assign seriousness,Take in charge ticket,Resolve ticket,Closed,,,,,,,,,,,
4409.0,Assign seriousness,Take in charge ticket,Wait,Resolve ticket,Closed,,,,,,,,,,
4410.0,Assign seriousness,Take in charge ticket,Resolve ticket,Closed,,,,,,,,,,,
4411.0,Take in charge ticket,Wait,Resolve ticket,Closed,,,,,,,,,,,
4412.0,Assign seriousness,Take in charge ticket,Wait,Take in charge ticket,Resolve ticket,Take in charge ticket,Resolve ticket,Closed,,,,,,,
4413.0,Assign seriousness,Take in charge ticket,Resolve ticket,Closed,,,,,,,,,,,
4414.0,Assign seriousness,,Resolve ticket,Take in charge ticket,Resolve ticket,Closed,,,,,,,,,
4415.0,Assign seriousness,Take in charge ticket,Resolve ticket,Closed,,,,,,,,,,,
4416.0,Assign seriousness,Take in charge ticket,Resolve ticket,Take in charge ticket,Resolve ticket,Closed,,,,,,,,,
4417.0,Assign seriousness,Take in charge ticket,Resolve ticket,Closed,,,,,,,,,,,
4418.0,Assign seriousness,Take in charge ticket,Resolve ticket,Closed,,,,,,,,,,,
4419.0,Assign seriousness,Take in charge ticket,Resolve ticket,Closed,,,,,,,,,,,
4420.0,Assign seriousness,Assign seriousness,Assign seriousness,Take in charge ticket,Wait,Take in charge ticket,Wait,Take in charge ticket,Resolve ticket,Closed,,,,,
4421.0,,Take in charge ticket,Resolve ticket,Closed,,,,,,,,,,,
4422.0,Assign seriousness,Take in charge ticket,Resolve ticket,Closed,,,,,,,,,,,
4423.0,Assign seriousness,Take in charge ticket,Resolve ticket,Closed,,,,,,,,,,,
4424.0,Assign seriousness,Take in charge ticket,Resolve ticket,Closed,,,,,,,,,,,
4425.0,Assign seriousness,Take in charge ticket,Resolve ticket,Closed,,,,,,,,,,,
4426.0,Assign seriousness,Take in charge ticket,Resolve ticket,Closed,,,,,,,,,,,
4427.0,Assign seriousness,Take in charge ticket,Resolve ticket,Closed,,,,,,,,,,,
4428.0,Assign seriousness,Assign seriousness,Take in charge ticket,Resolve ticket,Closed,,,,,,,,,,
4429.0,Assign seriousness,Take in charge ticket,Resolve ticket,Closed,,,,,,,,,,,
4430.0,Assign seriousness,Take in charge ticket,Resolve ticket,Closed,,,,,,,,,,,
4431.0,Assign seriousness,Take in charge ticket,Wait,Take in charge ticket,Resolve ticket,Closed,,,,,,,,,
4432.0,Assign seriousness,Take in charge ticket,Wait,Wait,Resolve ticket,Closed,,,,,,,,,
4433.0,Assign seriousness,Take in charge ticket,Resolve ticket,Closed,,,,,,,,,,,
4434.0,Assign seriousness,Take in charge ticket,Wait,Resolve ticket,Closed,,,,,,,,,,
4435.0,Assign seriousness,Take in charge ticket,Resolve ticket,Closed,,,,,,,,,,,
4436.0,Assign seriousness,Take in charge ticket,Take in charge ticket,Resolve ticket,Closed,,,,,,,,,,
4437.0,Assign seriousness,,Wait,Resolve ticket,Closed,,,,,,,,,,
4438.0,Assign seriousness,Take in charge ticket,Resolve ticket,Closed,,,,,,,,,,,
4439.0,Assign seriousness,Take in charge ticket,Resolve ticket,Closed,,,,,,,,,,,
4440.0,Assign seriousness,Take in charge ticket,Resolve ticket,Closed,,,,,,,,,,,
4441.0,Assign seriousness,Assign seriousness,Take in charge ticket,Resolve ticket,Closed,,,,,,,,,,
4442.0,Assign seriousness,Take in charge ticket,Wait,Resolve ticket,Closed,,,,,,,,,,
4443.0,Assign seriousness,Wait,,Closed,,,,,,,,,,,
4444.0,Assign seriousness,Assign seriousness,Assign seriousness,Take in charge ticket,Wait,Take in charge ticket,Resolve ticket,Closed,,,,,,,
4445.0,Assign seriousness,Resolve ticket,Closed,,,,,,,,,,,,
4446.0,Assign seriousness,Take in charge ticket,Resolve ticket,Closed,,,,,,,,,,,
4447.0,Assign seriousness,Take in charge ticket,Resolve ticket,Closed,,,,,,,,,,,
4448.0,Assign seriousness,Take in charge ticket,Resolve ticket,Closed,,,,,,,,,,,
4449.0,Assign seriousness,Take in charge ticket,Resolve ticket,Take in charge ticket,Resolve ticket,Closed,,,,,,,,,
4450.0,Assign seriousness,Take in charge ticket,Resolve ticket,Closed,,,,,,,,,,,
4451.0,Assign seriousness,Take in charge ticket,Resolve ticket,Closed,,,,,,,,,,,
4452.0,Assign seriousness,Take in charge ticket,Resolve ticket,Closed,,,,,,,,,,,
4453.0,Assign seriousness,Take in charge ticket,Resolve ticket,Closed,,,,,,,,,,,
4454.0,Assign seriousness,Take in charge ticket,Resolve ticket,Closed,,,,,,,,,,,
4455.0,Assign seriousness,Take in charge ticket,Wait,Take in charge ticket,Resolve ticket,Closed,,,,,,,,,
4456.0,Assign seriousness,Resolve ticket,Closed,,,,,,,,,,,,
4457.0,Assign seriousness,Take in charge ticket,Resolve ticket,Closed,,,,,,,,,,,
4458.0,Assign seriousness,Take in charge ticket,Wait,Wait,Resolve ticket,Closed,,,,,,,,,
4459.0,Assign seriousness,Take in charge ticket,Wait,Take in charge ticket,Resolve ticket,Closed,,,,,,,,,
4460.0,Assign seriousness,Take in charge ticket,Resolve ticket,Closed,,,,,,,,,,,
4461.0,Assign seriousness,Take in charge ticket,Resolve ticket,Closed,,,,,,,,,,,
4462.0,Assign seriousness,Take in charge ticket,Wait,Resolve ticket,Closed,,,,,,,,,,
4463.0,Assign seriousness,Take in charge ticket,Resolve ticket,Closed,,,,,,,,,,,
4464.0,Assign seriousness,Take in charge ticket,Resolve ticket,Closed,,,,,,,,,,,
4465.0,,Take in charge ticket,Resolve ticket,Closed,,,,,,,,,,,
4466.0,Assign seriousness,Take in charge ticket,Resolve ticket,Closed,,,,,,,,,,,
4467.0,Assign seriousness,Take in charge ticket,Wait,Take in charge ticket,Resolve ticket,Closed,,,,,,,,,
4468.0,Assign seriousness,Take in charge ticket,Resolve ticket,Closed,,,,,,,,,,,
4469.0,Assign seriousness,Take in charge ticket,Wait,Resolve ticket,Closed,,,,,,,,,,
4470.0,Assign seriousness,Resolve ticket,Resolve ticket,Closed,,,,,,,,,,,
4471.0,Assign seriousness,Take in charge ticket,Resolve ticket,Closed,,,,,,,,,,,
4472.0,Assign seriousness,Resolve ticket,Closed,,,,,,,,,,,,
4473.0,Insert ticket,Assign seriousness,Take in charge ticket,Resolve ticket,Closed,,,,,,,,,,
4474.0,Assign seriousness,Assign seriousness,Take in charge ticket,Resolve ticket,Closed,,,,,,,,,,
4475.0,Assign seriousness,Take in charge ticket,Wait,Resolve ticket,Closed,,,,,,,,,,
4476.0,Assign seriousness,Assign seriousness,Take in charge ticket,Resolve ticket,Closed,,,,,,,,,,
4477.0,Assign seriousness,Take in charge ticket,Resolve ticket,Closed,,,,,,,,,,,
4478.0,Take in charge ticket,Wait,Take in charge ticket,Wait,Resolve ticket,Closed,,,,,,,,,
4479.0,Assign seriousness,Take in charge ticket,Resolve ticket,Closed,,,,,,,,,,,
4480.0,Assign seriousness,Take in charge ticket,Wait,Take in charge ticket,Resolve ticket,Closed,,,,,,,,,
4481.0,Assign seriousness,Take in charge ticket,Resolve ticket,Closed,,,,,,,,,,,
4482.0,Assign seriousness,Take in charge ticket,Resolve ticket,Closed,,,,,,,,,,,
4483.0,Assign seriousness,Take in charge ticket,Wait,Resolve ticket,Closed,,,,,,,,,,
4484.0,Insert ticket,Assign seriousness,Take in charge ticket,Resolve ticket,Closed,,,,,,,,,,
4485.0,Assign seriousness,Take in charge ticket,Resolve ticket,Closed,,,,,,,,,,,
4486.0,Assign seriousness,Take in charge ticket,Resolve ticket,Closed,,,,,,,,,,,
4487.0,Assign seriousness,Take in charge ticket,Resolve ticket,Closed,,,,,,,,,,,
4488.0,Assign seriousness,Take in charge ticket,Require upgrade,Resolve ticket,Resolve ticket,Closed,,,,,,,,,
4489.0,Assign seriousness,Wait,,Closed,,,,,,,,,,,
4490.0,Take in charge ticket,Resolve ticket,Closed,,,,,,,,,,,,
4491.0,Assign seriousness,Take in charge ticket,Wait,Take in charge ticket,Resolve ticket,Closed,,,,,,,,,
4492.0,Assign seriousness,Take in charge ticket,Resolve ticket,Closed,,,,,,,,,,,
4493.0,Assign seriousness,Take in charge ticket,Resolve ticket,Closed,,,,,,,,,,,
4494.0,Assign seriousness,Take in charge ticket,Resolve ticket,Closed,,,,,,,,,,,
4495.0,Assign seriousness,Take in charge ticket,Wait,Resolve ticket,Closed,,,,,,,,,,
4496.0,Assign seriousness,Take in charge ticket,Wait,Wait,Take in charge ticket,Wait,Take in charge ticket,Create SW anomaly,Resolve ticket,Closed,,,,,
4497.0,Assign seriousness,Take in charge ticket,Resolve ticket,Closed,,,,,,,,,,,
4498.0,Assign seriousness,Take in charge ticket,Resolve ticket,Closed,,,,,,,,,,,
4499.0,Assign seriousness,Take in charge ticket,Wait,Resolve ticket,Closed,,,,,,,,,,
4500.0,Assign seriousness,Take in charge ticket,Resolve ticket,Closed,,,,,,,,,,,
4501.0,Assign seriousness,Take in charge ticket,Resolve ticket,Closed,,,,,,,,,,,
4502.0,Assign seriousness,Take in charge ticket,Resolve ticket,Resolve ticket,Closed,,,,,,,,,,
4503.0,Assign seriousness,Take in charge ticket,Resolve ticket,Closed,,,,,,,,,,,
4504.0,Assign seriousness,Resolve ticket,Closed,,,,,,,,,,,,
4505.0,Assign seriousness,Resolve ticket,Wait,Wait,Resolve ticket,Closed,,,,,,,,,
4506.0,Assign seriousness,Take in charge ticket,Resolve ticket,Closed,,,,,,,,,,,
4507.0,Assign seriousness,Assign seriousness,Resolve ticket,Closed,,,,,,,,,,,
4508.0,Take in charge ticket,Resolve ticket,Closed,,,,,,,,,,,,
4509.0,Assign seriousness,Resolve ticket,Closed,,,,,,,,,,,,
4510.0,Assign seriousness,Take in charge ticket,Resolve ticket,Closed,,,,,,,,,,,
4511.0,Assign seriousness,Take in charge ticket,Resolve ticket,Closed,,,,,,,,,,,
4512.0,Assign seriousness,Take in charge ticket,Resolve ticket,Closed,,,,,,,,,,,
4513.0,Assign seriousness,Resolve ticket,Closed,,,,,,,,,,,,
4514.0,Assign seriousness,Take in charge ticket,Resolve ticket,Closed,,,,,,,,,,,
4515.0,Assign seriousness,Take in charge ticket,Take in charge ticket,Take in charge ticket,Resolve ticket,Closed,,,,,,,,,
4516.0,Assign seriousness,Assign seriousness,Take in charge ticket,Resolve ticket,Closed,,,,,,,,,,
4517.0,Assign seriousness,Take in charge ticket,Resolve ticket,Closed,,,,,,,,,,,
4518.0,Assign seriousness,Take in charge ticket,Resolve ticket,Closed,,,,,,,,,,,
4519.0,Assign seriousness,Take in charge ticket,Resolve ticket,Closed,,,,,,,,,,,
4520.0,Assign seriousness,Take in charge ticket,Take in charge ticket,Take in charge ticket,Resolve ticket,Closed,,,,,,,,,
4521.0,Assign seriousness,Take in charge ticket,Wait,Resolve ticket,Closed,,,,,,,,,,
4522.0,Assign seriousness,Assign seriousness,Resolve ticket,Closed,,,,,,,,,,,
4523.0,Assign seriousness,Take in charge ticket,Resolve ticket,Closed,,,,,,,,,,,
4524.0,Assign seriousness,Take in charge ticket,Resolve ticket,Closed,,,,,,,,,,,
4525.0,Assign seriousness,Take in charge ticket,Resolve ticket,Closed,,,,,,,,,,,
4526.0,Assign seriousness,Take in charge ticket,Resolve ticket,Closed,,,,,,,,,,,
4527.0,Assign seriousness,Take in charge ticket,Wait,Resolve ticket,Closed,,,,,,,,,,
4528.0,Assign seriousness,Take in charge ticket,Resolve ticket,Closed,,,,,,,,,,,
4529.0,Assign seriousness,Take in charge ticket,Resolve ticket,Closed,,,,,,,,,,,
4530.0,Assign seriousness,Take in charge ticket,Wait,Take in charge ticket,Wait,Resolve ticket,Closed,,,,,,,,
4531.0,Assign seriousness,Take in charge ticket,Resolve ticket,Closed,,,,,,,,,,,
4532.0,Assign seriousness,Take in charge ticket,Resolve ticket,Closed,,,,,,,,,,,
4533.0,Assign seriousness,Take in charge ticket,Resolve ticket,Closed,,,,,,,,,,,
4534.0,Assign seriousness,Take in charge ticket,Wait,Resolve ticket,Closed,,,,,,,,,,
4535.0,Assign seriousness,Take in charge ticket,Resolve ticket,Closed,,,,,,,,,,,
4536.0,Assign seriousness,Take in charge ticket,Resolve ticket,Closed,,,,,,,,,,,
4537.0,Assign seriousness,Take in charge ticket,Wait,Take in charge ticket,Wait,Take in charge ticket,Resolve ticket,Closed,,,,,,,
4538.0,Assign seriousness,Take in charge ticket,Take in charge ticket,Resolve ticket,Closed,,,,,,,,,,
4539.0,Assign seriousness,Take in charge ticket,Wait,Resolve ticket,Closed,,,,,,,,,,
4540.0,Assign seriousness,Assign seriousness,Take in charge ticket,Wait,Take in charge ticket,Resolve ticket,Closed,,,,,,,,
4541.0,Insert ticket,Assign seriousness,Assign seriousness,Take in charge ticket,Resolve ticket,Closed,,,,,,,,,
4542.0,Assign seriousness,Take in charge ticket,Resolve ticket,Closed,,,,,,,,,,,
4543.0,Assign seriousness,Take in charge ticket,Wait,Take in charge ticket,Wait,Resolve ticket,Closed,,,,,,,,
4544.0,Assign seriousness,Take in charge ticket,Resolve ticket,Resolve ticket,Closed,Closed,,,,,,,,,
4545.0,Assign seriousness,Take in charge ticket,Wait,Take in charge ticket,Resolve ticket,Closed,,,,,,,,,
4546.0,Assign seriousness,Take in charge ticket,Resolve ticket,Resolve ticket,Closed,,,,,,,,,,
4547.0,Assign seriousness,Take in charge ticket,Resolve ticket,,,,,,,,,,,,
4548.0,Assign seriousness,Take in charge ticket,Resolve ticket,Closed,,,,,,,,,,,
4549.0,Assign seriousness,Take in charge ticket,Wait,Take in charge ticket,Resolve ticket,,,,,,,,,,
4550.0,Assign seriousness,Take in charge ticket,Resolve ticket,Closed,,,,,,,,,,,
4551.0,Assign seriousness,,Wait,Resolve ticket,Closed,,,,,,,,,,
4552.0,Assign seriousness,Take in charge ticket,Resolve ticket,Closed,,,,,,,,,,,
4553.0,Assign seriousness,Take in charge ticket,Resolve ticket,Closed,,,,,,,,,,,
4554.0,Assign seriousness,Resolve ticket,Closed,,,,,,,,,,,,
4555.0,Assign seriousness,Take in charge ticket,Resolve ticket,Closed,,,,,,,,,,,
4556.0,Take in charge ticket,Wait,Resolve ticket,Closed,,,,,,,,,,,
